LOG_TIMESTAMP,XTIM.SX.WE-CT:Acquisition:acqC,SPS.T2:INTENSITY,UTC_DATE,CEST_DATE
1728660801.3899999,4455,2773025800000.0,2024-10-11 15:33:21.389999866+00:00,2024-10-11 17:33:21.389999866+02:00
1728660827.79,4455,2735818600000.0,2024-10-11 15:33:47.789999962+00:00,2024-10-11 17:33:47.789999962+02:00
1728660854.1899998,4455,2842915000000.0,2024-10-11 15:34:14.189999819+00:00,2024-10-11 17:34:14.189999819+02:00
1728660880.59,4455,2938028000000.0,2024-10-11 15:34:40.589999914+00:00,2024-10-11 17:34:40.589999914+02:00
1728660906.99,4455,2806294400000.0,2024-10-11 15:35:06.990000010+00:00,2024-10-11 17:35:06.990000010+02:00
1728660933.3899999,4455,2816015200000.0,2024-10-11 15:35:33.389999866+00:00,2024-10-11 17:35:33.389999866+02:00
1728660959.79,4455,2793556800000.0,2024-10-11 15:35:59.789999962+00:00,2024-10-11 17:35:59.789999962+02:00
1728660986.1899998,4455,2771266000000.0,2024-10-11 15:36:26.189999819+00:00,2024-10-11 17:36:26.189999819+02:00
1728661012.59,4455,2784171200000.0,2024-10-11 15:36:52.589999914+00:00,2024-10-11 17:36:52.589999914+02:00
1728661038.99,4455,2803780400000.0,2024-10-11 15:37:18.990000010+00:00,2024-10-11 17:37:18.990000010+02:00
1728661065.3899999,4455,2848445800000.0,2024-10-11 15:37:45.389999866+00:00,2024-10-11 17:37:45.389999866+02:00
1728661091.79,4455,2823138200000.0,2024-10-11 15:38:11.789999962+00:00,2024-10-11 17:38:11.789999962+02:00
1728661118.1899998,4455,2825149400000.0,2024-10-11 15:38:38.189999819+00:00,2024-10-11 17:38:38.189999819+02:00
1728661144.59,4455,2755595400000.0,2024-10-11 15:39:04.589999914+00:00,2024-10-11 17:39:04.589999914+02:00
1728661170.99,4455,2720064200000.0,2024-10-11 15:39:30.990000010+00:00,2024-10-11 17:39:30.990000010+02:00
1728661197.3899999,4455,2706404800000.0,2024-10-11 15:39:57.389999866+00:00,2024-10-11 17:39:57.389999866+02:00
1728661223.79,4455,2662912600000.0,2024-10-11 15:40:23.789999962+00:00,2024-10-11 17:40:23.789999962+02:00
1728661250.1899998,4455,2816099000000.0,2024-10-11 15:40:50.189999819+00:00,2024-10-11 17:40:50.189999819+02:00
1728661276.59,4455,2752075800000.0,2024-10-11 15:41:16.589999914+00:00,2024-10-11 17:41:16.589999914+02:00
1728661302.99,4455,2857077200000.0,2024-10-11 15:41:42.990000010+00:00,2024-10-11 17:41:42.990000010+02:00
1728661329.3899999,4455,2771936400000.0,2024-10-11 15:42:09.389999866+00:00,2024-10-11 17:42:09.389999866+02:00
1728661355.79,4455,2802020600000.0,2024-10-11 15:42:35.789999962+00:00,2024-10-11 17:42:35.789999962+02:00
1728661382.1899998,4455,2858334200000.0,2024-10-11 15:43:02.189999819+00:00,2024-10-11 17:43:02.189999819+02:00
1728661408.59,4455,2812579400000.0,2024-10-11 15:43:28.589999914+00:00,2024-10-11 17:43:28.589999914+02:00
1728661434.99,4455,2799255200000.0,2024-10-11 15:43:54.990000010+00:00,2024-10-11 17:43:54.990000010+02:00
1728661461.3899999,4455,2834367400000.0,2024-10-11 15:44:21.389999866+00:00,2024-10-11 17:44:21.389999866+02:00
1728661487.79,4455,2793054000000.0,2024-10-11 15:44:47.789999962+00:00,2024-10-11 17:44:47.789999962+02:00
1728661514.1899998,4455,1522059400000.0,2024-10-11 15:45:14.189999819+00:00,2024-10-11 17:45:14.189999819+02:00
1728661540.59,4455,2809395000000.0,2024-10-11 15:45:40.589999914+00:00,2024-10-11 17:45:40.589999914+02:00
1728661566.99,4455,2817607400000.0,2024-10-11 15:46:06.990000010+00:00,2024-10-11 17:46:06.990000010+02:00
1728661593.3899999,4455,2815177200000.0,2024-10-11 15:46:33.389999866+00:00,2024-10-11 17:46:33.389999866+02:00
1728661619.79,4455,2696684000000.0,2024-10-11 15:46:59.789999962+00:00,2024-10-11 17:46:59.789999962+02:00
1728661646.1899998,4455,2716963600000.0,2024-10-11 15:47:26.189999819+00:00,2024-10-11 17:47:26.189999819+02:00
1728661672.59,4455,2779813600000.0,2024-10-11 15:47:52.589999914+00:00,2024-10-11 17:47:52.589999914+02:00
1728661698.99,4455,2782830400000.0,2024-10-11 15:48:18.990000010+00:00,2024-10-11 17:48:18.990000010+02:00
1728661725.3899999,4455,2792635000000.0,2024-10-11 15:48:45.389999866+00:00,2024-10-11 17:48:45.389999866+02:00
1728661751.79,4455,2790623800000.0,2024-10-11 15:49:11.789999962+00:00,2024-10-11 17:49:11.789999962+02:00
1728661778.1899998,4455,2779729800000.0,2024-10-11 15:49:38.189999819+00:00,2024-10-11 17:49:38.189999819+02:00
1728661804.59,4455,2776964400000.0,2024-10-11 15:50:04.589999914+00:00,2024-10-11 17:50:04.589999914+02:00
1728661830.99,4455,2838557400000.0,2024-10-11 15:50:30.990000010+00:00,2024-10-11 17:50:30.990000010+02:00
1728661857.3899999,4455,2849451400000.0,2024-10-11 15:50:57.389999866+00:00,2024-10-11 17:50:57.389999866+02:00
1728661883.79,4455,2828417600000.0,2024-10-11 15:51:23.789999962+00:00,2024-10-11 17:51:23.789999962+02:00
1728661910.1899998,4455,2814423000000.0,2024-10-11 15:51:50.189999819+00:00,2024-10-11 17:51:50.189999819+02:00
1728661936.59,4455,2754506000000.0,2024-10-11 15:52:16.589999914+00:00,2024-10-11 17:52:16.589999914+02:00
1728661962.99,4455,2795149000000.0,2024-10-11 15:52:42.990000010+00:00,2024-10-11 17:52:42.990000010+02:00
1728661989.3899999,4455,2779227000000.0,2024-10-11 15:53:09.389999866+00:00,2024-10-11 17:53:09.389999866+02:00
1728662015.79,4455,2840568600000.0,2024-10-11 15:53:35.789999962+00:00,2024-10-11 17:53:35.789999962+02:00
1728662042.1899998,4455,2859842600000.0,2024-10-11 15:54:02.189999819+00:00,2024-10-11 17:54:02.189999819+02:00
1728662068.59,4455,2790456200000.0,2024-10-11 15:54:28.589999914+00:00,2024-10-11 17:54:28.589999914+02:00
1728662094.99,4455,2834451200000.0,2024-10-11 15:54:54.990000010+00:00,2024-10-11 17:54:54.990000010+02:00
1728662121.3899999,4455,2790456200000.0,2024-10-11 15:55:21.389999866+00:00,2024-10-11 17:55:21.389999866+02:00
1728662147.79,4455,2788277400000.0,2024-10-11 15:55:47.789999962+00:00,2024-10-11 17:55:47.789999962+02:00
1728662174.1899998,4455,2829674600000.0,2024-10-11 15:56:14.189999819+00:00,2024-10-11 17:56:14.189999819+02:00
1728662200.59,4455,2783919800000.0,2024-10-11 15:56:40.589999914+00:00,2024-10-11 17:56:40.589999914+02:00
1728662226.99,4455,2801769200000.0,2024-10-11 15:57:06.990000010+00:00,2024-10-11 17:57:06.990000010+02:00
1728662253.3899999,4455,2843669200000.0,2024-10-11 15:57:33.389999866+00:00,2024-10-11 17:57:33.389999866+02:00
1728662279.79,4455,2798249600000.0,2024-10-11 15:57:59.789999962+00:00,2024-10-11 17:57:59.789999962+02:00
1728662306.1899998,4455,2792299800000.0,2024-10-11 15:58:26.189999819+00:00,2024-10-11 17:58:26.189999819+02:00
1728662332.59,4455,2777048200000.0,2024-10-11 15:58:52.589999914+00:00,2024-10-11 17:58:52.589999914+02:00
1728662358.99,4455,2788445000000.0,2024-10-11 15:59:18.990000010+00:00,2024-10-11 17:59:18.990000010+02:00
1728662385.3899999,4455,2800260800000.0,2024-10-11 15:59:45.389999866+00:00,2024-10-11 17:59:45.389999866+02:00
1728662411.79,4455,2788277400000.0,2024-10-11 16:00:11.789999962+00:00,2024-10-11 18:00:11.789999962+02:00
1728662438.1899998,4455,2859926400000.0,2024-10-11 16:00:38.189999819+00:00,2024-10-11 18:00:38.189999819+02:00
1728662464.59,4455,2846183200000.0,2024-10-11 16:01:04.589999914+00:00,2024-10-11 18:01:04.589999914+02:00
1728662490.99,4455,2765064800000.0,2024-10-11 16:01:30.990000010+00:00,2024-10-11 18:01:30.990000010+02:00
1728662517.3899999,4455,2771433600000.0,2024-10-11 16:01:57.389999866+00:00,2024-10-11 18:01:57.389999866+02:00
1728662543.79,4455,2799422800000.0,2024-10-11 16:02:23.789999962+00:00,2024-10-11 18:02:23.789999962+02:00
1728662570.1899998,4455,2836713800000.0,2024-10-11 16:02:50.189999819+00:00,2024-10-11 18:02:50.189999819+02:00
1728662596.59,4455,2784338800000.0,2024-10-11 16:03:16.589999914+00:00,2024-10-11 18:03:16.589999914+02:00
1728662622.99,4455,2804199400000.0,2024-10-11 16:03:42.990000010+00:00,2024-10-11 18:03:42.990000010+02:00
1728662649.3899999,4455,2793054000000.0,2024-10-11 16:04:09.389999866+00:00,2024-10-11 18:04:09.389999866+02:00
1728662675.79,4455,2853976600000.0,2024-10-11 16:04:35.789999962+00:00,2024-10-11 18:04:35.789999962+02:00
1728662702.1899998,4455,2819618600000.0,2024-10-11 16:05:02.189999819+00:00,2024-10-11 18:05:02.189999819+02:00
1728662728.59,4455,2829339400000.0,2024-10-11 16:05:28.589999914+00:00,2024-10-11 18:05:28.589999914+02:00
1728662754.99,4455,2811490000000.0,2024-10-11 16:05:54.990000010+00:00,2024-10-11 18:05:54.990000010+02:00
1728662781.3899999,4455,2810400600000.0,2024-10-11 16:06:21.389999866+00:00,2024-10-11 18:06:21.389999866+02:00
1728662807.79,4455,2798249600000.0,2024-10-11 16:06:47.789999962+00:00,2024-10-11 18:06:47.789999962+02:00
1728662834.1899998,4455,2813501200000.0,2024-10-11 16:07:14.189999819+00:00,2024-10-11 18:07:14.189999819+02:00
1728662860.59,4455,2824898000000.0,2024-10-11 16:07:40.589999914+00:00,2024-10-11 18:07:40.589999914+02:00
1728662886.99,4455,2777634800000.0,2024-10-11 16:08:06.990000010+00:00,2024-10-11 18:08:06.990000010+02:00
1728662913.3899999,4455,2797244000000.0,2024-10-11 16:08:33.389999866+00:00,2024-10-11 18:08:33.389999866+02:00
1728662939.79,4455,2792970200000.0,2024-10-11 16:08:59.789999962+00:00,2024-10-11 18:08:59.789999962+02:00
1728662966.1899998,4455,2853892800000.0,2024-10-11 16:09:26.189999819+00:00,2024-10-11 18:09:26.189999819+02:00
1728662992.59,4455,2817356000000.0,2024-10-11 16:09:52.589999914+00:00,2024-10-11 18:09:52.589999914+02:00
1728663018.99,4455,2858082800000.0,2024-10-11 16:10:18.990000010+00:00,2024-10-11 18:10:18.990000010+02:00
1728663045.3899999,4455,2817272200000.0,2024-10-11 16:10:45.389999866+00:00,2024-10-11 18:10:45.389999866+02:00
1728663071.79,4455,2784841600000.0,2024-10-11 16:11:11.789999962+00:00,2024-10-11 18:11:11.789999962+02:00
1728663098.1899998,4455,2812076600000.0,2024-10-11 16:11:38.189999819+00:00,2024-10-11 18:11:38.189999819+02:00
1728663124.59,4455,2863446000000.0,2024-10-11 16:12:04.589999914+00:00,2024-10-11 18:12:04.589999914+02:00
1728663150.99,4455,2822970600000.0,2024-10-11 16:12:30.990000010+00:00,2024-10-11 18:12:30.990000010+02:00
1728663177.3899999,4455,2828250000000.0,2024-10-11 16:12:57.389999866+00:00,2024-10-11 18:12:57.389999866+02:00
1728663203.79,4455,2775037000000.0,2024-10-11 16:13:23.789999962+00:00,2024-10-11 18:13:23.789999962+02:00
1728663230.1899998,4455,2802020600000.0,2024-10-11 16:13:50.189999819+00:00,2024-10-11 18:13:50.189999819+02:00
1728663256.59,4455,2793473000000.0,2024-10-11 16:14:16.589999914+00:00,2024-10-11 18:14:16.589999914+02:00
1728663282.99,4455,2801434000000.0,2024-10-11 16:14:42.990000010+00:00,2024-10-11 18:14:42.990000010+02:00
1728663309.3899999,4455,2809311200000.0,2024-10-11 16:15:09.389999866+00:00,2024-10-11 18:15:09.389999866+02:00
1728663335.79,4455,2777718600000.0,2024-10-11 16:15:35.789999962+00:00,2024-10-11 18:15:35.789999962+02:00
1728663362.1899998,4455,2796322200000.0,2024-10-11 16:16:02.189999819+00:00,2024-10-11 18:16:02.189999819+02:00
1728663388.59,4455,2778053800000.0,2024-10-11 16:16:28.589999914+00:00,2024-10-11 18:16:28.589999914+02:00
1728663414.99,4455,2791378000000.0,2024-10-11 16:16:54.990000010+00:00,2024-10-11 18:16:54.990000010+02:00
1728663441.3899999,4455,2750064600000.0,2024-10-11 16:17:21.389999866+00:00,2024-10-11 18:17:21.389999866+02:00
1728663467.79,4455,2824311400000.0,2024-10-11 16:17:47.789999962+00:00,2024-10-11 18:17:47.789999962+02:00
1728663494.1899998,4455,2743444400000.0,2024-10-11 16:18:14.189999819+00:00,2024-10-11 18:18:14.189999819+02:00
1728663520.59,4455,2749478000000.0,2024-10-11 16:18:40.589999914+00:00,2024-10-11 18:18:40.589999914+02:00
1728663546.99,4455,2759617800000.0,2024-10-11 16:19:06.990000010+00:00,2024-10-11 18:19:06.990000010+02:00
1728663573.3899999,4455,2779310800000.0,2024-10-11 16:19:33.389999866+00:00,2024-10-11 18:19:33.389999866+02:00
1728663599.79,4455,2880289800000.0,2024-10-11 16:19:59.789999962+00:00,2024-10-11 18:19:59.789999962+02:00
1728663626.1899998,4455,2063323600000.0,2024-10-11 16:20:26.189999819+00:00,2024-10-11 18:20:26.189999819+02:00
1728663652.59,4455,1177641400000.0,2024-10-11 16:20:52.589999914+00:00,2024-10-11 18:20:52.589999914+02:00
1728663678.99,4455,2764813400000.0,2024-10-11 16:21:18.990000010+00:00,2024-10-11 18:21:18.990000010+02:00
1728663705.3899999,4455,2821378400000.0,2024-10-11 16:21:45.389999866+00:00,2024-10-11 18:21:45.389999866+02:00
1728663731.79,4455,2779897400000.0,2024-10-11 16:22:11.789999962+00:00,2024-10-11 18:22:11.789999962+02:00
1728663758.1899998,4455,2785428200000.0,2024-10-11 16:22:38.189999819+00:00,2024-10-11 18:22:38.189999819+02:00
1728663784.59,4455,2782243800000.0,2024-10-11 16:23:04.589999914+00:00,2024-10-11 18:23:04.589999914+02:00
1728663810.99,4455,2775707400000.0,2024-10-11 16:23:30.990000010+00:00,2024-10-11 18:23:30.990000010+02:00
1728663837.3899999,4455,2775623600000.0,2024-10-11 16:23:57.389999866+00:00,2024-10-11 18:23:57.389999866+02:00
1728663863.79,4455,2798417200000.0,2024-10-11 16:24:23.789999962+00:00,2024-10-11 18:24:23.789999962+02:00
1728663890.1899998,4455,2741349400000.0,2024-10-11 16:24:50.189999819+00:00,2024-10-11 18:24:50.189999819+02:00
1728663916.59,4455,2817188400000.0,2024-10-11 16:25:16.589999914+00:00,2024-10-11 18:25:16.589999914+02:00
1728663942.99,4455,2784590200000.0,2024-10-11 16:25:42.990000010+00:00,2024-10-11 18:25:42.990000010+02:00
1728663969.3899999,4455,2782662800000.0,2024-10-11 16:26:09.389999866+00:00,2024-10-11 18:26:09.389999866+02:00
1728663995.79,4455,2773193400000.0,2024-10-11 16:26:35.789999962+00:00,2024-10-11 18:26:35.789999962+02:00
1728664014.99,4455,2826155000000.0,2024-10-11 16:26:54.990000010+00:00,2024-10-11 18:26:54.990000010+02:00
1728664048.59,4455,0.0,2024-10-11 16:27:28.589999914+00:00,2024-10-11 18:27:28.589999914+02:00
1728664067.79,4455,2767159800000.0,2024-10-11 16:27:47.789999962+00:00,2024-10-11 18:27:47.789999962+02:00
1728664101.3899999,4455,2747466800000.0,2024-10-11 16:28:21.389999866+00:00,2024-10-11 18:28:21.389999866+02:00
1728664120.59,4455,2814171600000.0,2024-10-11 16:28:40.589999914+00:00,2024-10-11 18:28:40.589999914+02:00
1728664154.1899998,4455,2641962600000.0,2024-10-11 16:29:14.189999819+00:00,2024-10-11 18:29:14.189999819+02:00
1728664173.3899999,4455,2731880000000.0,2024-10-11 16:29:33.389999866+00:00,2024-10-11 18:29:33.389999866+02:00
1728664192.59,4455,2759031200000.0,2024-10-11 16:29:52.589999914+00:00,2024-10-11 18:29:52.589999914+02:00
1728664211.79,4455,2760036800000.0,2024-10-11 16:30:11.789999962+00:00,2024-10-11 18:30:11.789999962+02:00
1728664230.99,4455,2712941200000.0,2024-10-11 16:30:30.990000010+00:00,2024-10-11 18:30:30.990000010+02:00
1728664250.1899998,4455,2774282800000.0,2024-10-11 16:30:50.189999819+00:00,2024-10-11 18:30:50.189999819+02:00
1728664269.3899999,4455,2760288200000.0,2024-10-11 16:31:09.389999866+00:00,2024-10-11 18:31:09.389999866+02:00
1728664288.59,4455,2723500000000.0,2024-10-11 16:31:28.589999914+00:00,2024-10-11 18:31:28.589999914+02:00
1728664307.79,4455,2796322200000.0,2024-10-11 16:31:47.789999962+00:00,2024-10-11 18:31:47.789999962+02:00
1728664326.99,4455,2807300000000.0,2024-10-11 16:32:06.990000010+00:00,2024-10-11 18:32:06.990000010+02:00
1728664346.1899998,4455,2756517200000.0,2024-10-11 16:32:26.189999819+00:00,2024-10-11 18:32:26.189999819+02:00
1728664365.3899999,4455,2804702200000.0,2024-10-11 16:32:45.389999866+00:00,2024-10-11 18:32:45.389999866+02:00
1728664384.59,4455,2772942000000.0,2024-10-11 16:33:04.589999914+00:00,2024-10-11 18:33:04.589999914+02:00
1728664403.79,4455,2826909200000.0,2024-10-11 16:33:23.789999962+00:00,2024-10-11 18:33:23.789999962+02:00
1728664422.99,4455,2768584400000.0,2024-10-11 16:33:42.990000010+00:00,2024-10-11 18:33:42.990000010+02:00
1728664442.1899998,4455,2814674400000.0,2024-10-11 16:34:02.189999819+00:00,2024-10-11 18:34:02.189999819+02:00
1728664461.3899999,4455,2713611600000.0,2024-10-11 16:34:21.389999866+00:00,2024-10-11 18:34:21.389999866+02:00
1728664480.59,4455,2778305200000.0,2024-10-11 16:34:40.589999914+00:00,2024-10-11 18:34:40.589999914+02:00
1728664499.79,4455,2780400200000.0,2024-10-11 16:34:59.789999962+00:00,2024-10-11 18:34:59.789999962+02:00
1728664518.99,4455,2840820000000.0,2024-10-11 16:35:18.990000010+00:00,2024-10-11 18:35:18.990000010+02:00
1728664538.1899998,4455,2820289000000.0,2024-10-11 16:35:38.189999819+00:00,2024-10-11 18:35:38.189999819+02:00
1728664557.3899999,4455,2815261000000.0,2024-10-11 16:35:57.389999866+00:00,2024-10-11 18:35:57.389999866+02:00
1728664576.59,4455,2814171600000.0,2024-10-11 16:36:16.589999914+00:00,2024-10-11 18:36:16.589999914+02:00
1728664595.79,4455,2804199400000.0,2024-10-11 16:36:35.789999962+00:00,2024-10-11 18:36:35.789999962+02:00
1728664614.99,4455,2807048600000.0,2024-10-11 16:36:54.990000010+00:00,2024-10-11 18:36:54.990000010+02:00
1728664634.1899998,4455,2831937200000.0,2024-10-11 16:37:14.189999819+00:00,2024-10-11 18:37:14.189999819+02:00
1728664653.3899999,4455,2778053800000.0,2024-10-11 16:37:33.389999866+00:00,2024-10-11 18:37:33.389999866+02:00
1728664672.59,4455,2855987800000.0,2024-10-11 16:37:52.589999914+00:00,2024-10-11 18:37:52.589999914+02:00
1728664691.79,4455,2809814000000.0,2024-10-11 16:38:11.789999962+00:00,2024-10-11 18:38:11.789999962+02:00
1728664710.99,4455,2881127800000.0,2024-10-11 16:38:30.990000010+00:00,2024-10-11 18:38:30.990000010+02:00
1728664730.1899998,4455,2820289000000.0,2024-10-11 16:38:50.189999819+00:00,2024-10-11 18:38:50.189999819+02:00
1728664749.3899999,4455,2807970400000.0,2024-10-11 16:39:09.389999866+00:00,2024-10-11 18:39:09.389999866+02:00
1728664768.59,4455,2764310600000.0,2024-10-11 16:39:28.589999914+00:00,2024-10-11 18:39:28.589999914+02:00
1728664787.79,4455,2839646800000.0,2024-10-11 16:39:47.789999962+00:00,2024-10-11 18:39:47.789999962+02:00
1728664806.99,4455,2796406000000.0,2024-10-11 16:40:06.990000010+00:00,2024-10-11 18:40:06.990000010+02:00
1728664826.1899998,4455,2875178000000.0,2024-10-11 16:40:26.189999819+00:00,2024-10-11 18:40:26.189999819+02:00
1728664845.3899999,4455,2794562400000.0,2024-10-11 16:40:45.389999866+00:00,2024-10-11 18:40:45.389999866+02:00
1728664864.59,4455,2945318600000.0,2024-10-11 16:41:04.589999914+00:00,2024-10-11 18:41:04.589999914+02:00
1728664883.79,4455,2882887600000.0,2024-10-11 16:41:23.789999962+00:00,2024-10-11 18:41:23.789999962+02:00
1728664902.99,4455,2783165600000.0,2024-10-11 16:41:42.990000010+00:00,2024-10-11 18:41:42.990000010+02:00
1728664922.1899998,4455,586600000.0,2024-10-11 16:42:02.189999819+00:00,2024-10-11 18:42:02.189999819+02:00
1728664941.3899999,4455,2812579400000.0,2024-10-11 16:42:21.389999866+00:00,2024-10-11 18:42:21.389999866+02:00
1728664960.59,4455,2779394600000.0,2024-10-11 16:42:40.589999914+00:00,2024-10-11 18:42:40.589999914+02:00
1728664979.79,4455,2801015000000.0,2024-10-11 16:42:59.789999962+00:00,2024-10-11 18:42:59.789999962+02:00
1728664998.99,4455,2747550600000.0,2024-10-11 16:43:18.990000010+00:00,2024-10-11 18:43:18.990000010+02:00
1728665018.1899998,4455,2810484400000.0,2024-10-11 16:43:38.189999819+00:00,2024-10-11 18:43:38.189999819+02:00
1728665037.3899999,4455,2752327200000.0,2024-10-11 16:43:57.389999866+00:00,2024-10-11 18:43:57.389999866+02:00
1728665056.59,4455,2814758200000.0,2024-10-11 16:44:16.589999914+00:00,2024-10-11 18:44:16.589999914+02:00
1728665075.79,4455,2785176800000.0,2024-10-11 16:44:35.789999962+00:00,2024-10-11 18:44:35.789999962+02:00
1728665094.99,4455,2809478800000.0,2024-10-11 16:44:54.990000010+00:00,2024-10-11 18:44:54.990000010+02:00
1728665114.1899998,4455,2770009000000.0,2024-10-11 16:45:14.189999819+00:00,2024-10-11 18:45:14.189999819+02:00
1728665133.3899999,4455,2835708200000.0,2024-10-11 16:45:33.389999866+00:00,2024-10-11 18:45:33.389999866+02:00
1728665152.59,4455,2769003400000.0,2024-10-11 16:45:52.589999914+00:00,2024-10-11 18:45:52.589999914+02:00
1728665171.79,4455,2761293800000.0,2024-10-11 16:46:11.789999962+00:00,2024-10-11 18:46:11.789999962+02:00
1728665190.99,4455,2782327600000.0,2024-10-11 16:46:30.990000010+00:00,2024-10-11 18:46:30.990000010+02:00
1728665210.1899998,4455,0.0,2024-10-11 16:46:50.189999819+00:00,2024-10-11 18:46:50.189999819+02:00
1728665229.3899999,4455,2774618000000.0,2024-10-11 16:47:09.389999866+00:00,2024-10-11 18:47:09.389999866+02:00
1728665248.59,4455,2427853600000.0,2024-10-11 16:47:28.589999914+00:00,2024-10-11 18:47:28.589999914+02:00
1728665267.79,4455,2753835600000.0,2024-10-11 16:47:47.789999962+00:00,2024-10-11 18:47:47.789999962+02:00
1728665286.99,4455,2835456800000.0,2024-10-11 16:48:06.990000010+00:00,2024-10-11 18:48:06.990000010+02:00
1728665306.1899998,4455,2802774800000.0,2024-10-11 16:48:26.189999819+00:00,2024-10-11 18:48:26.189999819+02:00
1728665325.3899999,4455,2871323200000.0,2024-10-11 16:48:45.389999866+00:00,2024-10-11 18:48:45.389999866+02:00
1728665344.59,4455,2347992200000.0,2024-10-11 16:49:04.589999914+00:00,2024-10-11 18:49:04.589999914+02:00
1728665363.79,4455,2730455400000.0,2024-10-11 16:49:23.789999962+00:00,2024-10-11 18:49:23.789999962+02:00
1728665382.99,4455,2713192600000.0,2024-10-11 16:49:42.990000010+00:00,2024-10-11 18:49:42.990000010+02:00
1728665402.1899998,4455,2791797000000.0,2024-10-11 16:50:02.189999819+00:00,2024-10-11 18:50:02.189999819+02:00
1728665421.3899999,4455,2730455400000.0,2024-10-11 16:50:21.389999866+00:00,2024-10-11 18:50:21.389999866+02:00
1728665440.59,4455,2764897200000.0,2024-10-11 16:50:40.589999914+00:00,2024-10-11 18:50:40.589999914+02:00
1728665459.79,4455,2726600600000.0,2024-10-11 16:50:59.789999962+00:00,2024-10-11 18:50:59.789999962+02:00
1728665478.99,4455,2770344200000.0,2024-10-11 16:51:18.990000010+00:00,2024-10-11 18:51:18.990000010+02:00
1728665498.1899998,4455,2775204600000.0,2024-10-11 16:51:38.189999819+00:00,2024-10-11 18:51:38.189999819+02:00
1728665517.3899999,4455,2781322000000.0,2024-10-11 16:51:57.389999866+00:00,2024-10-11 18:51:57.389999866+02:00
1728665536.59,4455,2733639800000.0,2024-10-11 16:52:16.589999914+00:00,2024-10-11 18:52:16.589999914+02:00
1728665555.79,4455,2730790600000.0,2024-10-11 16:52:35.789999962+00:00,2024-10-11 18:52:35.789999962+02:00
1728665574.99,4455,2736991800000.0,2024-10-11 16:52:54.990000010+00:00,2024-10-11 18:52:54.990000010+02:00
1728665594.1899998,4455,2740511400000.0,2024-10-11 16:53:14.189999819+00:00,2024-10-11 18:53:14.189999819+02:00
1728665613.3899999,4455,2806043000000.0,2024-10-11 16:53:33.389999866+00:00,2024-10-11 18:53:33.389999866+02:00
1728665632.59,4455,2727522400000.0,2024-10-11 16:53:52.589999914+00:00,2024-10-11 18:53:52.589999914+02:00
1728665651.79,4455,2736153800000.0,2024-10-11 16:54:11.789999962+00:00,2024-10-11 18:54:11.789999962+02:00
1728665670.99,4455,2779813600000.0,2024-10-11 16:54:30.990000010+00:00,2024-10-11 18:54:30.990000010+02:00
1728665690.1899998,4455,2782411400000.0,2024-10-11 16:54:50.189999819+00:00,2024-10-11 18:54:50.189999819+02:00
1728665709.3899999,4455,2783333200000.0,2024-10-11 16:55:09.389999866+00:00,2024-10-11 18:55:09.389999866+02:00
1728665728.59,4455,2756349600000.0,2024-10-11 16:55:28.589999914+00:00,2024-10-11 18:55:28.589999914+02:00
1728665747.79,4455,2819367200000.0,2024-10-11 16:55:47.789999962+00:00,2024-10-11 18:55:47.789999962+02:00
1728665766.99,4455,2801266400000.0,2024-10-11 16:56:06.990000010+00:00,2024-10-11 18:56:06.990000010+02:00
1728665786.1899998,4455,2841490400000.0,2024-10-11 16:56:26.189999819+00:00,2024-10-11 18:56:26.189999819+02:00
1728665805.3899999,4455,2772774400000.0,2024-10-11 16:56:45.389999866+00:00,2024-10-11 18:56:45.389999866+02:00
1728665824.59,4455,2836127200000.0,2024-10-11 16:57:04.589999914+00:00,2024-10-11 18:57:04.589999914+02:00
1728665843.79,4455,2806462000000.0,2024-10-11 16:57:23.789999962+00:00,2024-10-11 18:57:23.789999962+02:00
1728665862.99,4455,2804115600000.0,2024-10-11 16:57:42.990000010+00:00,2024-10-11 18:57:42.990000010+02:00
1728665882.1899998,4455,2774199000000.0,2024-10-11 16:58:02.189999819+00:00,2024-10-11 18:58:02.189999819+02:00
1728665901.3899999,4455,2811071000000.0,2024-10-11 16:58:21.389999866+00:00,2024-10-11 18:58:21.389999866+02:00
1728665920.59,4455,2769003400000.0,2024-10-11 16:58:40.589999914+00:00,2024-10-11 18:58:40.589999914+02:00
1728665939.79,4455,2807300000000.0,2024-10-11 16:58:59.789999962+00:00,2024-10-11 18:58:59.789999962+02:00
1728665958.99,4455,2793054000000.0,2024-10-11 16:59:18.990000010+00:00,2024-10-11 18:59:18.990000010+02:00
1728665978.1899998,4455,2774199000000.0,2024-10-11 16:59:38.189999819+00:00,2024-10-11 18:59:38.189999819+02:00
1728665997.3899999,4455,2779059400000.0,2024-10-11 16:59:57.389999866+00:00,2024-10-11 18:59:57.389999866+02:00
1728666016.59,4455,2789618200000.0,2024-10-11 17:00:16.589999914+00:00,2024-10-11 19:00:16.589999914+02:00
1728666035.79,4455,2789618200000.0,2024-10-11 17:00:35.789999962+00:00,2024-10-11 19:00:35.789999962+02:00
1728666054.99,4455,2838138400000.0,2024-10-11 17:00:54.990000010+00:00,2024-10-11 19:00:54.990000010+02:00
1728666074.1899998,4455,2768333000000.0,2024-10-11 17:01:14.189999819+00:00,2024-10-11 19:01:14.189999819+02:00
1728666093.3899999,4455,2819870000000.0,2024-10-11 17:01:33.389999866+00:00,2024-10-11 19:01:33.389999866+02:00
1728666112.59,4455,2779394600000.0,2024-10-11 17:01:52.589999914+00:00,2024-10-11 19:01:52.589999914+02:00
1728666131.79,4455,2788528800000.0,2024-10-11 17:02:11.789999962+00:00,2024-10-11 19:02:11.789999962+02:00
1728666150.99,4455,2814925800000.0,2024-10-11 17:02:30.990000010+00:00,2024-10-11 19:02:30.990000010+02:00
1728666170.1899998,4455,2809395000000.0,2024-10-11 17:02:50.189999819+00:00,2024-10-11 19:02:50.189999819+02:00
1728666189.3899999,4455,2279024800000.0,2024-10-11 17:03:09.389999866+00:00,2024-10-11 19:03:09.389999866+02:00
1728666208.59,4455,2776126400000.0,2024-10-11 17:03:28.589999914+00:00,2024-10-11 19:03:28.589999914+02:00
1728666227.79,4455,2839563000000.0,2024-10-11 17:03:47.789999962+00:00,2024-10-11 19:03:47.789999962+02:00
1728666246.99,4455,2902496800000.0,2024-10-11 17:04:06.990000010+00:00,2024-10-11 19:04:06.990000010+02:00
1728666266.1899998,4455,2910206400000.0,2024-10-11 17:04:26.189999819+00:00,2024-10-11 19:04:26.189999819+02:00
1728666285.3899999,4455,2866798000000.0,2024-10-11 17:04:45.389999866+00:00,2024-10-11 19:04:45.389999866+02:00
1728666304.59,4455,2859842600000.0,2024-10-11 17:05:04.589999914+00:00,2024-10-11 19:05:04.589999914+02:00
1728666323.79,4455,2864535400000.0,2024-10-11 17:05:23.789999962+00:00,2024-10-11 19:05:23.789999962+02:00
1728666342.99,4455,2806294400000.0,2024-10-11 17:05:42.990000010+00:00,2024-10-11 19:05:42.990000010+02:00
1728666362.1899998,4455,2847440200000.0,2024-10-11 17:06:02.189999819+00:00,2024-10-11 19:06:02.189999819+02:00
1728666381.3899999,4455,2807467600000.0,2024-10-11 17:06:21.389999866+00:00,2024-10-11 19:06:21.389999866+02:00
1728666400.59,4455,2842831200000.0,2024-10-11 17:06:40.589999914+00:00,2024-10-11 19:06:40.589999914+02:00
1728666419.79,4455,2832188600000.0,2024-10-11 17:06:59.789999962+00:00,2024-10-11 19:06:59.789999962+02:00
1728666438.99,4455,2853725200000.0,2024-10-11 17:07:18.990000010+00:00,2024-10-11 19:07:18.990000010+02:00
1728666458.1899998,4455,2884228400000.0,2024-10-11 17:07:38.189999819+00:00,2024-10-11 19:07:38.189999819+02:00
1728666477.3899999,4455,2857496200000.0,2024-10-11 17:07:57.389999866+00:00,2024-10-11 19:07:57.389999866+02:00
1728666496.59,4455,2835205400000.0,2024-10-11 17:08:16.589999914+00:00,2024-10-11 19:08:16.589999914+02:00
1728666515.79,4455,2854982200000.0,2024-10-11 17:08:35.789999962+00:00,2024-10-11 19:08:35.789999962+02:00
1728666534.99,4455,2838473600000.0,2024-10-11 17:08:54.990000010+00:00,2024-10-11 19:08:54.990000010+02:00
1728666554.1899998,4455,2843836800000.0,2024-10-11 17:09:14.189999819+00:00,2024-10-11 19:09:14.189999819+02:00
1728666573.3899999,4455,2854647000000.0,2024-10-11 17:09:33.389999866+00:00,2024-10-11 19:09:33.389999866+02:00
1728666592.59,4455,2870485200000.0,2024-10-11 17:09:52.589999914+00:00,2024-10-11 19:09:52.589999914+02:00
1728666611.79,4455,2854395600000.0,2024-10-11 17:10:11.789999962+00:00,2024-10-11 19:10:11.789999962+02:00
1728666630.99,4455,2800177000000.0,2024-10-11 17:10:30.990000010+00:00,2024-10-11 19:10:30.990000010+02:00
1728666650.1899998,4455,2871155600000.0,2024-10-11 17:10:50.189999819+00:00,2024-10-11 19:10:50.189999819+02:00
1728666669.3899999,4455,2817942600000.0,2024-10-11 17:11:09.389999866+00:00,2024-10-11 19:11:09.389999866+02:00
1728666688.59,4455,2785176800000.0,2024-10-11 17:11:28.589999914+00:00,2024-10-11 19:11:28.589999914+02:00
1728666707.79,4455,2870904200000.0,2024-10-11 17:11:47.789999962+00:00,2024-10-11 19:11:47.789999962+02:00
1728666726.99,4455,2809143600000.0,2024-10-11 17:12:06.990000010+00:00,2024-10-11 19:12:06.990000010+02:00
1728666746.1899998,4455,2809227400000.0,2024-10-11 17:12:26.189999819+00:00,2024-10-11 19:12:26.189999819+02:00
1728666765.3899999,4455,2899647600000.0,2024-10-11 17:12:45.389999866+00:00,2024-10-11 19:12:45.389999866+02:00
1728666784.59,4455,2868809200000.0,2024-10-11 17:13:04.589999914+00:00,2024-10-11 19:13:04.589999914+02:00
1728666803.79,4455,2913474600000.0,2024-10-11 17:13:23.789999962+00:00,2024-10-11 19:13:23.789999962+02:00
1728666822.99,4455,2850540800000.0,2024-10-11 17:13:42.990000010+00:00,2024-10-11 19:13:42.990000010+02:00
1728666842.1899998,4455,2837551800000.0,2024-10-11 17:14:02.189999819+00:00,2024-10-11 19:14:02.189999819+02:00
1728666861.3899999,4455,2878194800000.0,2024-10-11 17:14:21.389999866+00:00,2024-10-11 19:14:21.389999866+02:00
1728666880.59,4455,2901994000000.0,2024-10-11 17:14:40.589999914+00:00,2024-10-11 19:14:40.589999914+02:00
1728666899.79,4455,2857244800000.0,2024-10-11 17:14:59.789999962+00:00,2024-10-11 19:14:59.789999962+02:00
1728666918.99,4455,2897552600000.0,2024-10-11 17:15:18.990000010+00:00,2024-10-11 19:15:18.990000010+02:00
1728666938.1899998,4455,2894703400000.0,2024-10-11 17:15:38.189999819+00:00,2024-10-11 19:15:38.189999819+02:00
1728666957.3899999,4455,2879703200000.0,2024-10-11 17:15:57.389999866+00:00,2024-10-11 19:15:57.389999866+02:00
1728666976.59,4455,2858250400000.0,2024-10-11 17:16:16.589999914+00:00,2024-10-11 19:16:16.589999914+02:00
1728666995.79,4455,2851546400000.0,2024-10-11 17:16:35.789999962+00:00,2024-10-11 19:16:35.789999962+02:00
1728667014.99,4455,2805959200000.0,2024-10-11 17:16:54.990000010+00:00,2024-10-11 19:16:54.990000010+02:00
1728667034.1899998,4455,2861099600000.0,2024-10-11 17:17:14.189999819+00:00,2024-10-11 19:17:14.189999819+02:00
1728667053.3899999,4455,2862272800000.0,2024-10-11 17:17:33.389999866+00:00,2024-10-11 19:17:33.389999866+02:00
1728667072.59,4455,2790121000000.0,2024-10-11 17:17:52.589999914+00:00,2024-10-11 19:17:52.589999914+02:00
1728667091.79,4455,2863613600000.0,2024-10-11 17:18:11.789999962+00:00,2024-10-11 19:18:11.789999962+02:00
1728667110.99,4455,2865792400000.0,2024-10-11 17:18:30.990000010+00:00,2024-10-11 19:18:30.990000010+02:00
1728667130.1899998,4455,2835373000000.0,2024-10-11 17:18:50.189999819+00:00,2024-10-11 19:18:50.189999819+02:00
1728667149.3899999,4455,2841071400000.0,2024-10-11 17:19:09.389999866+00:00,2024-10-11 19:19:09.389999866+02:00
1728667168.59,4455,2840568600000.0,2024-10-11 17:19:28.589999914+00:00,2024-10-11 19:19:28.589999914+02:00
1728667187.79,4455,2833529400000.0,2024-10-11 17:19:47.789999962+00:00,2024-10-11 19:19:47.789999962+02:00
1728667206.99,4455,2870066200000.0,2024-10-11 17:20:06.990000010+00:00,2024-10-11 19:20:06.990000010+02:00
1728667226.1899998,4455,2838976400000.0,2024-10-11 17:20:26.189999819+00:00,2024-10-11 19:20:26.189999819+02:00
1728667245.3899999,4455,2818277800000.0,2024-10-11 17:20:45.389999866+00:00,2024-10-11 19:20:45.389999866+02:00
1728667264.59,4455,2841239000000.0,2024-10-11 17:21:04.589999914+00:00,2024-10-11 19:21:04.589999914+02:00
1728667283.79,4455,2844088200000.0,2024-10-11 17:21:23.789999962+00:00,2024-10-11 19:21:23.789999962+02:00
1728667302.99,4455,2820959400000.0,2024-10-11 17:21:42.990000010+00:00,2024-10-11 19:21:42.990000010+02:00
1728667317.3899999,4455,2870569000000.0,2024-10-11 17:21:57.389999866+00:00,2024-10-11 19:21:57.389999866+02:00
1728667331.79,4455,2867133200000.0,2024-10-11 17:22:11.789999962+00:00,2024-10-11 19:22:11.789999962+02:00
1728667346.1899998,4455,2920346200000.0,2024-10-11 17:22:26.189999819+00:00,2024-10-11 19:22:26.189999819+02:00
1728667360.59,4455,2893865400000.0,2024-10-11 17:22:40.589999914+00:00,2024-10-11 19:22:40.589999914+02:00
1728667374.99,4455,2928642400000.0,2024-10-11 17:22:54.990000010+00:00,2024-10-11 19:22:54.990000010+02:00
1728667389.3899999,4455,2893614000000.0,2024-10-11 17:23:09.389999866+00:00,2024-10-11 19:23:09.389999866+02:00
1728667403.79,4455,2968112200000.0,2024-10-11 17:23:23.789999962+00:00,2024-10-11 19:23:23.789999962+02:00
1728667418.1899998,4455,2912971800000.0,2024-10-11 17:23:38.189999819+00:00,2024-10-11 19:23:38.189999819+02:00
1728667432.59,4455,2887496600000.0,2024-10-11 17:23:52.589999914+00:00,2024-10-11 19:23:52.589999914+02:00
1728667446.99,4455,2851127400000.0,2024-10-11 17:24:06.990000010+00:00,2024-10-11 19:24:06.990000010+02:00
1728667461.3899999,4455,2907692400000.0,2024-10-11 17:24:21.389999866+00:00,2024-10-11 19:24:21.389999866+02:00
1728667475.79,4455,2921687000000.0,2024-10-11 17:24:35.789999962+00:00,2024-10-11 19:24:35.789999962+02:00
1728667490.1899998,4455,2950514200000.0,2024-10-11 17:24:50.189999819+00:00,2024-10-11 19:24:50.189999819+02:00
1728667504.59,4455,2972972600000.0,2024-10-11 17:25:04.589999914+00:00,2024-10-11 19:25:04.589999914+02:00
1728667518.99,4455,2901826400000.0,2024-10-11 17:25:18.990000010+00:00,2024-10-11 19:25:18.990000010+02:00
1728667533.3899999,4455,2893446400000.0,2024-10-11 17:25:33.389999866+00:00,2024-10-11 19:25:33.389999866+02:00
1728667547.79,4455,2915737200000.0,2024-10-11 17:25:47.789999962+00:00,2024-10-11 19:25:47.789999962+02:00
1728667562.1899998,4455,2952944400000.0,2024-10-11 17:26:02.189999819+00:00,2024-10-11 19:26:02.189999819+02:00
1728667576.59,4455,1471360400000.0,2024-10-11 17:26:16.589999914+00:00,2024-10-11 19:26:16.589999914+02:00
1728667590.99,4455,2904424200000.0,2024-10-11 17:26:30.990000010+00:00,2024-10-11 19:26:30.990000010+02:00
1728667605.3899999,4455,2906854400000.0,2024-10-11 17:26:45.389999866+00:00,2024-10-11 19:26:45.389999866+02:00
1728667619.79,4455,2887664200000.0,2024-10-11 17:26:59.789999962+00:00,2024-10-11 19:26:59.789999962+02:00
1728667634.1899998,4455,2977246400000.0,2024-10-11 17:27:14.189999819+00:00,2024-10-11 19:27:14.189999819+02:00
1728667648.59,4455,2963754600000.0,2024-10-11 17:27:28.589999914+00:00,2024-10-11 19:27:28.589999914+02:00
1728667662.99,4455,2924787600000.0,2024-10-11 17:27:42.990000010+00:00,2024-10-11 19:27:42.990000010+02:00
1728667677.3899999,4455,2067010800000.0,2024-10-11 17:27:57.389999866+00:00,2024-10-11 19:27:57.389999866+02:00
1728667691.79,4455,2977833000000.0,2024-10-11 17:28:11.789999962+00:00,2024-10-11 19:28:11.789999962+02:00
1728667706.1899998,4455,2957553400000.0,2024-10-11 17:28:26.189999819+00:00,2024-10-11 19:28:26.189999819+02:00
1728667720.59,4455,2931407800000.0,2024-10-11 17:28:40.589999914+00:00,2024-10-11 19:28:40.589999914+02:00
1728667734.99,4455,2895122400000.0,2024-10-11 17:28:54.990000010+00:00,2024-10-11 19:28:54.990000010+02:00
1728667749.3899999,4455,2923782000000.0,2024-10-11 17:29:09.389999866+00:00,2024-10-11 19:29:09.389999866+02:00
1728667763.79,4455,2972386000000.0,2024-10-11 17:29:23.789999962+00:00,2024-10-11 19:29:23.789999962+02:00
1728667778.1899998,4455,2956296400000.0,2024-10-11 17:29:38.189999819+00:00,2024-10-11 19:29:38.189999819+02:00
1728667792.59,4455,2919424400000.0,2024-10-11 17:29:52.589999914+00:00,2024-10-11 19:29:52.589999914+02:00
1728667806.99,4455,2998783000000.0,2024-10-11 17:30:06.990000010+00:00,2024-10-11 19:30:06.990000010+02:00
1728667821.3899999,4455,2916240000000.0,2024-10-11 17:30:21.389999866+00:00,2024-10-11 19:30:21.389999866+02:00
1728667835.79,4455,3018811200000.0,2024-10-11 17:30:35.789999962+00:00,2024-10-11 19:30:35.789999962+02:00
1728667850.1899998,4455,2931240200000.0,2024-10-11 17:30:50.189999819+00:00,2024-10-11 19:30:50.189999819+02:00
1728667864.59,4455,2903921400000.0,2024-10-11 17:31:04.589999914+00:00,2024-10-11 19:31:04.589999914+02:00
1728667878.99,4455,2914480200000.0,2024-10-11 17:31:18.990000010+00:00,2024-10-11 19:31:18.990000010+02:00
1728667893.3899999,4455,2992162800000.0,2024-10-11 17:31:33.389999866+00:00,2024-10-11 19:31:33.389999866+02:00
1728667907.79,4455,2956799200000.0,2024-10-11 17:31:47.789999962+00:00,2024-10-11 19:31:47.789999962+02:00
1728667922.1899998,4455,3075543800000.0,2024-10-11 17:32:02.189999819+00:00,2024-10-11 19:32:02.189999819+02:00
1728667936.59,4455,2947497400000.0,2024-10-11 17:32:16.589999914+00:00,2024-10-11 19:32:16.589999914+02:00
1728667950.99,4455,2901239800000.0,2024-10-11 17:32:30.990000010+00:00,2024-10-11 19:32:30.990000010+02:00
1728667965.3899999,4455,2927301600000.0,2024-10-11 17:32:45.389999866+00:00,2024-10-11 19:32:45.389999866+02:00
1728667979.79,4455,2926966400000.0,2024-10-11 17:32:59.789999962+00:00,2024-10-11 19:32:59.789999962+02:00
1728667994.1899998,4455,2950346600000.0,2024-10-11 17:33:14.189999819+00:00,2024-10-11 19:33:14.189999819+02:00
1728668008.59,4455,2942637000000.0,2024-10-11 17:33:28.589999914+00:00,2024-10-11 19:33:28.589999914+02:00
1728668022.99,4455,2937860400000.0,2024-10-11 17:33:42.990000010+00:00,2024-10-11 19:33:42.990000010+02:00
1728668037.3899999,4455,2961073000000.0,2024-10-11 17:33:57.389999866+00:00,2024-10-11 19:33:57.389999866+02:00
1728668051.79,4455,2979844200000.0,2024-10-11 17:34:11.789999962+00:00,2024-10-11 19:34:11.789999962+02:00
1728668066.1899998,4455,2983196200000.0,2024-10-11 17:34:26.189999819+00:00,2024-10-11 19:34:26.189999819+02:00
1728668080.59,4455,2996855600000.0,2024-10-11 17:34:40.589999914+00:00,2024-10-11 19:34:40.589999914+02:00
1728668094.99,4455,2951352200000.0,2024-10-11 17:34:54.990000010+00:00,2024-10-11 19:34:54.990000010+02:00
1728668109.3899999,4455,2957804800000.0,2024-10-11 17:35:09.389999866+00:00,2024-10-11 19:35:09.389999866+02:00
1728668123.79,4455,2984201800000.0,2024-10-11 17:35:23.789999962+00:00,2024-10-11 19:35:23.789999962+02:00
1728668138.1899998,4455,2945570000000.0,2024-10-11 17:35:38.189999819+00:00,2024-10-11 19:35:38.189999819+02:00
1728668152.59,4455,3008252400000.0,2024-10-11 17:35:52.589999914+00:00,2024-10-11 19:35:52.589999914+02:00
1728668166.99,4455,2937944200000.0,2024-10-11 17:36:06.990000010+00:00,2024-10-11 19:36:06.990000010+02:00
1728668181.3899999,4455,2936854800000.0,2024-10-11 17:36:21.389999866+00:00,2024-10-11 19:36:21.389999866+02:00
1728668195.79,4455,3032470600000.0,2024-10-11 17:36:35.789999962+00:00,2024-10-11 19:36:35.789999962+02:00
1728668210.1899998,4455,2969453000000.0,2024-10-11 17:36:50.189999819+00:00,2024-10-11 19:36:50.189999819+02:00
1728668224.59,4455,2974229600000.0,2024-10-11 17:37:04.589999914+00:00,2024-10-11 19:37:04.589999914+02:00
1728668238.99,4455,3000794200000.0,2024-10-11 17:37:18.990000010+00:00,2024-10-11 19:37:18.990000010+02:00
1728668253.3899999,4455,2957385800000.0,2024-10-11 17:37:33.389999866+00:00,2024-10-11 19:37:33.389999866+02:00
1728668267.79,4455,2962246200000.0,2024-10-11 17:37:47.789999962+00:00,2024-10-11 19:37:47.789999962+02:00
1728668282.1899998,4455,2964760200000.0,2024-10-11 17:38:02.189999819+00:00,2024-10-11 19:38:02.189999819+02:00
1728668296.59,4455,2924536200000.0,2024-10-11 17:38:16.589999914+00:00,2024-10-11 19:38:16.589999914+02:00
1728668310.99,4455,2963587000000.0,2024-10-11 17:38:30.990000010+00:00,2024-10-11 19:38:30.990000010+02:00
1728668325.3899999,4455,2938866000000.0,2024-10-11 17:38:45.389999866+00:00,2024-10-11 19:38:45.389999866+02:00
1728668339.79,4455,3031046000000.0,2024-10-11 17:38:59.789999962+00:00,2024-10-11 19:38:59.789999962+02:00
1728668354.1899998,4455,2980263200000.0,2024-10-11 17:39:14.189999819+00:00,2024-10-11 19:39:14.189999819+02:00
1728668368.59,4455,3010934000000.0,2024-10-11 17:39:28.589999914+00:00,2024-10-11 19:39:28.589999914+02:00
1728668382.99,4455,2952022600000.0,2024-10-11 17:39:42.990000010+00:00,2024-10-11 19:39:42.990000010+02:00
1728668397.3899999,4455,2967777000000.0,2024-10-11 17:39:57.389999866+00:00,2024-10-11 19:39:57.389999866+02:00
1728668411.79,4455,2964760200000.0,2024-10-11 17:40:11.789999962+00:00,2024-10-11 19:40:11.789999962+02:00
1728668426.1899998,4455,2970039600000.0,2024-10-11 17:40:26.189999819+00:00,2024-10-11 19:40:26.189999819+02:00
1728668440.59,4455,2975319000000.0,2024-10-11 17:40:40.589999914+00:00,2024-10-11 19:40:40.589999914+02:00
1728668454.99,4455,3090627800000.0,2024-10-11 17:40:54.990000010+00:00,2024-10-11 19:40:54.990000010+02:00
1728668469.3899999,4455,2996269000000.0,2024-10-11 17:41:09.389999866+00:00,2024-10-11 19:41:09.389999866+02:00
1728668483.79,4455,3029537600000.0,2024-10-11 17:41:23.789999962+00:00,2024-10-11 19:41:23.789999962+02:00
1728668498.1899998,4455,2969788200000.0,2024-10-11 17:41:38.189999819+00:00,2024-10-11 19:41:38.189999819+02:00
1728668512.59,4455,2957804800000.0,2024-10-11 17:41:52.589999914+00:00,2024-10-11 19:41:52.589999914+02:00
1728668526.99,4455,3000291400000.0,2024-10-11 17:42:06.990000010+00:00,2024-10-11 19:42:06.990000010+02:00
1728668541.3899999,4455,2985626400000.0,2024-10-11 17:42:21.389999866+00:00,2024-10-11 19:42:21.389999866+02:00
1728668555.79,4455,2977916800000.0,2024-10-11 17:42:35.789999962+00:00,2024-10-11 19:42:35.789999962+02:00
1728668570.1899998,4455,2984788400000.0,2024-10-11 17:42:50.189999819+00:00,2024-10-11 19:42:50.189999819+02:00
1728668584.59,4455,3011017800000.0,2024-10-11 17:43:04.589999914+00:00,2024-10-11 19:43:04.589999914+02:00
1728668598.99,4455,2975570400000.0,2024-10-11 17:43:18.990000010+00:00,2024-10-11 19:43:18.990000010+02:00
1728668613.3899999,4455,3025682800000.0,2024-10-11 17:43:33.389999866+00:00,2024-10-11 19:43:33.389999866+02:00
1728668627.79,4455,2983782800000.0,2024-10-11 17:43:47.789999962+00:00,2024-10-11 19:43:47.789999962+02:00
1728668642.1899998,4455,2938782200000.0,2024-10-11 17:44:02.189999819+00:00,2024-10-11 19:44:02.189999819+02:00
1728668656.59,4455,2991492400000.0,2024-10-11 17:44:16.589999914+00:00,2024-10-11 19:44:16.589999914+02:00
1728668670.99,4455,2938530800000.0,2024-10-11 17:44:30.990000010+00:00,2024-10-11 19:44:30.990000010+02:00
1728668685.3899999,4455,2993000800000.0,2024-10-11 17:44:45.389999866+00:00,2024-10-11 19:44:45.389999866+02:00
1728668699.79,4455,2973475400000.0,2024-10-11 17:44:59.789999962+00:00,2024-10-11 19:44:59.789999962+02:00
1728668714.1899998,4455,3003559600000.0,2024-10-11 17:45:14.189999819+00:00,2024-10-11 19:45:14.189999819+02:00
1728668728.59,4455,3004146200000.0,2024-10-11 17:45:28.589999914+00:00,2024-10-11 19:45:28.589999914+02:00
1728668742.99,4455,3002051200000.0,2024-10-11 17:45:42.990000010+00:00,2024-10-11 19:45:42.990000010+02:00
1728668757.3899999,4455,3017135200000.0,2024-10-11 17:45:57.389999866+00:00,2024-10-11 19:45:57.389999866+02:00
1728668771.79,4455,2951771200000.0,2024-10-11 17:46:11.789999962+00:00,2024-10-11 19:46:11.789999962+02:00
1728668786.1899998,4455,3012693800000.0,2024-10-11 17:46:26.189999819+00:00,2024-10-11 19:46:26.189999819+02:00
1728668800.59,4455,3021995600000.0,2024-10-11 17:46:40.589999914+00:00,2024-10-11 19:46:40.589999914+02:00
1728668814.99,4455,3015124000000.0,2024-10-11 17:46:54.990000010+00:00,2024-10-11 19:46:54.990000010+02:00
1728668829.3899999,4455,2962330000000.0,2024-10-11 17:47:09.389999866+00:00,2024-10-11 19:47:09.389999866+02:00
1728668843.79,4455,2978503400000.0,2024-10-11 17:47:23.789999962+00:00,2024-10-11 19:47:23.789999962+02:00
1728668858.1899998,4455,3025096200000.0,2024-10-11 17:47:38.189999819+00:00,2024-10-11 19:47:38.189999819+02:00
1728668872.59,4455,2941799000000.0,2024-10-11 17:47:52.589999914+00:00,2024-10-11 19:47:52.589999914+02:00
1728668886.99,4455,3019230200000.0,2024-10-11 17:48:06.990000010+00:00,2024-10-11 19:48:06.990000010+02:00
1728668901.3899999,4455,3050320000000.0,2024-10-11 17:48:21.389999866+00:00,2024-10-11 19:48:21.389999866+02:00
1728668915.79,4455,2992330400000.0,2024-10-11 17:48:35.789999962+00:00,2024-10-11 19:48:35.789999962+02:00
1728668930.1899998,4455,3003224400000.0,2024-10-11 17:48:50.189999819+00:00,2024-10-11 19:48:50.189999819+02:00
1728668944.59,4455,1257000000.0,2024-10-11 17:49:04.589999914+00:00,2024-10-11 19:49:04.589999914+02:00
1728668958.99,4455,3070683400000.0,2024-10-11 17:49:18.990000010+00:00,2024-10-11 19:49:18.990000010+02:00
1728668973.3899999,4455,3007833400000.0,2024-10-11 17:49:33.389999866+00:00,2024-10-11 19:49:33.389999866+02:00
1728668987.79,4455,3142332400000.0,2024-10-11 17:49:47.789999962+00:00,2024-10-11 19:49:47.789999962+02:00
1728669002.1899998,4455,2977916800000.0,2024-10-11 17:50:02.189999819+00:00,2024-10-11 19:50:02.189999819+02:00
1728669016.59,4455,3005906000000.0,2024-10-11 17:50:16.589999914+00:00,2024-10-11 19:50:16.589999914+02:00
1728669030.99,4455,3006995400000.0,2024-10-11 17:50:30.990000010+00:00,2024-10-11 19:50:30.990000010+02:00
1728669045.3899999,4455,3025766600000.0,2024-10-11 17:50:45.389999866+00:00,2024-10-11 19:50:45.389999866+02:00
1728669059.79,4455,3011353000000.0,2024-10-11 17:50:59.789999962+00:00,2024-10-11 19:50:59.789999962+02:00
1728669074.1899998,4455,3074035400000.0,2024-10-11 17:51:14.189999819+00:00,2024-10-11 19:51:14.189999819+02:00
1728669088.59,4455,3023755400000.0,2024-10-11 17:51:28.589999914+00:00,2024-10-11 19:51:28.589999914+02:00
1728669102.99,4455,2771182200000.0,2024-10-11 17:51:42.990000010+00:00,2024-10-11 19:51:42.990000010+02:00
1728669117.3899999,4455,3051660800000.0,2024-10-11 17:51:57.389999866+00:00,2024-10-11 19:51:57.389999866+02:00
1728669131.79,4455,3061884400000.0,2024-10-11 17:52:11.789999962+00:00,2024-10-11 19:52:11.789999962+02:00
1728669146.1899998,4455,3002805400000.0,2024-10-11 17:52:26.189999819+00:00,2024-10-11 19:52:26.189999819+02:00
1728669160.59,4455,3036744400000.0,2024-10-11 17:52:40.589999914+00:00,2024-10-11 19:52:40.589999914+02:00
1728669174.99,4455,3039761200000.0,2024-10-11 17:52:54.990000010+00:00,2024-10-11 19:52:54.990000010+02:00
1728669189.3899999,4455,3044454000000.0,2024-10-11 17:53:09.389999866+00:00,2024-10-11 19:53:09.389999866+02:00
1728669203.79,4455,2995766200000.0,2024-10-11 17:53:23.789999962+00:00,2024-10-11 19:53:23.789999962+02:00
1728669218.1899998,4455,3087778600000.0,2024-10-11 17:53:38.189999819+00:00,2024-10-11 19:53:38.189999819+02:00
1728669232.59,4455,2998783000000.0,2024-10-11 17:53:52.589999914+00:00,2024-10-11 19:53:52.589999914+02:00
1728669246.99,4455,3001883600000.0,2024-10-11 17:54:06.990000010+00:00,2024-10-11 19:54:06.990000010+02:00
1728669261.3899999,4455,5028000000.0,2024-10-11 17:54:21.389999866+00:00,2024-10-11 19:54:21.389999866+02:00
1728669275.79,4455,0.0,2024-10-11 17:54:35.789999962+00:00,2024-10-11 19:54:35.789999962+02:00
1728669290.1899998,4455,0.0,2024-10-11 17:54:50.189999819+00:00,2024-10-11 19:54:50.189999819+02:00
1728669304.59,4455,3519600000.0,2024-10-11 17:55:04.589999914+00:00,2024-10-11 19:55:04.589999914+02:00
1728669318.99,4455,0.0,2024-10-11 17:55:18.990000010+00:00,2024-10-11 19:55:18.990000010+02:00
1728669333.3899999,4455,0.0,2024-10-11 17:55:33.389999866+00:00,2024-10-11 19:55:33.389999866+02:00
1728669347.79,4455,0.0,2024-10-11 17:55:47.789999962+00:00,2024-10-11 19:55:47.789999962+02:00
1728669362.1899998,4455,0.0,2024-10-11 17:56:02.189999819+00:00,2024-10-11 19:56:02.189999819+02:00
1728669376.59,4455,1508400000.0,2024-10-11 17:56:16.589999914+00:00,2024-10-11 19:56:16.589999914+02:00
1728669390.99,4455,1759800000.0,2024-10-11 17:56:30.990000010+00:00,2024-10-11 19:56:30.990000010+02:00
1728669405.3899999,4455,0.0,2024-10-11 17:56:45.389999866+00:00,2024-10-11 19:56:45.389999866+02:00
1728669419.79,4455,0.0,2024-10-11 17:56:59.789999962+00:00,2024-10-11 19:56:59.789999962+02:00
1728669434.1899998,4455,1089400000.0,2024-10-11 17:57:14.189999819+00:00,2024-10-11 19:57:14.189999819+02:00
1728669448.59,4455,0.0,2024-10-11 17:57:28.589999914+00:00,2024-10-11 19:57:28.589999914+02:00
1728669462.99,4455,1173200000.0,2024-10-11 17:57:42.990000010+00:00,2024-10-11 19:57:42.990000010+02:00
1728669477.3899999,4455,2765400000.0,2024-10-11 17:57:57.389999866+00:00,2024-10-11 19:57:57.389999866+02:00
1728669491.79,4455,1676000000.0,2024-10-11 17:58:11.789999962+00:00,2024-10-11 19:58:11.789999962+02:00
1728669506.1899998,4455,83800000.0,2024-10-11 17:58:26.189999819+00:00,2024-10-11 19:58:26.189999819+02:00
1728669520.59,4455,586600000.0,2024-10-11 17:58:40.589999914+00:00,2024-10-11 19:58:40.589999914+02:00
1728669534.99,4455,251400000.0,2024-10-11 17:58:54.990000010+00:00,2024-10-11 19:58:54.990000010+02:00
1728669549.3899999,4455,1508400000.0,2024-10-11 17:59:09.389999866+00:00,2024-10-11 19:59:09.389999866+02:00
1728669563.79,4455,2855485000000.0,2024-10-11 17:59:23.789999962+00:00,2024-10-11 19:59:23.789999962+02:00
1728669578.1899998,4455,2851797800000.0,2024-10-11 17:59:38.189999819+00:00,2024-10-11 19:59:38.189999819+02:00
1728669592.59,4455,2863697400000.0,2024-10-11 17:59:52.589999914+00:00,2024-10-11 19:59:52.589999914+02:00
1728669606.99,4455,2095000000.0,2024-10-11 18:00:06.990000010+00:00,2024-10-11 20:00:06.990000010+02:00
1728669621.3899999,4455,3016800000.0,2024-10-11 18:00:21.389999866+00:00,2024-10-11 20:00:21.389999866+02:00
1728669635.79,4455,3771000000.0,2024-10-11 18:00:35.789999962+00:00,2024-10-11 20:00:35.789999962+02:00
1728669650.1899998,4455,0.0,2024-10-11 18:00:50.189999819+00:00,2024-10-11 20:00:50.189999819+02:00
1728669664.59,4455,0.0,2024-10-11 18:01:04.589999914+00:00,2024-10-11 20:01:04.589999914+02:00
1728669678.99,4455,0.0,2024-10-11 18:01:18.990000010+00:00,2024-10-11 20:01:18.990000010+02:00
1728669693.3899999,4455,0.0,2024-10-11 18:01:33.389999866+00:00,2024-10-11 20:01:33.389999866+02:00
1728669707.79,4455,1089400000.0,2024-10-11 18:01:47.789999962+00:00,2024-10-11 20:01:47.789999962+02:00
1728669722.1899998,4455,0.0,2024-10-11 18:02:02.189999819+00:00,2024-10-11 20:02:02.189999819+02:00
1728669736.59,4455,0.0,2024-10-11 18:02:16.589999914+00:00,2024-10-11 20:02:16.589999914+02:00
1728669750.99,4455,3184400000.0,2024-10-11 18:02:30.990000010+00:00,2024-10-11 20:02:30.990000010+02:00
1728669765.3899999,4455,0.0,2024-10-11 18:02:45.389999866+00:00,2024-10-11 20:02:45.389999866+02:00
1728669779.79,4455,2854060400000.0,2024-10-11 18:02:59.789999962+00:00,2024-10-11 20:02:59.789999962+02:00
1728669794.1899998,4455,2816769400000.0,2024-10-11 18:03:14.189999819+00:00,2024-10-11 20:03:14.189999819+02:00
1728669808.59,4455,2801936800000.0,2024-10-11 18:03:28.589999914+00:00,2024-10-11 20:03:28.589999914+02:00
1728669822.99,4455,2814339200000.0,2024-10-11 18:03:42.990000010+00:00,2024-10-11 20:03:42.990000010+02:00
1728669837.3899999,4455,2835708200000.0,2024-10-11 18:03:57.389999866+00:00,2024-10-11 20:03:57.389999866+02:00
1728669851.79,4455,2851714000000.0,2024-10-11 18:04:11.789999962+00:00,2024-10-11 20:04:11.789999962+02:00
1728669866.1899998,4455,2797160200000.0,2024-10-11 18:04:26.189999819+00:00,2024-10-11 20:04:26.189999819+02:00
1728669880.59,4455,2876937800000.0,2024-10-11 18:04:40.589999914+00:00,2024-10-11 20:04:40.589999914+02:00
1728669894.99,4455,2895038600000.0,2024-10-11 18:04:54.990000010+00:00,2024-10-11 20:04:54.990000010+02:00
1728669909.3899999,4455,2897552600000.0,2024-10-11 18:05:09.389999866+00:00,2024-10-11 20:05:09.389999866+02:00
1728669923.79,4455,2846434600000.0,2024-10-11 18:05:23.789999962+00:00,2024-10-11 20:05:23.789999962+02:00
1728669938.1899998,4455,2875680800000.0,2024-10-11 18:05:38.189999819+00:00,2024-10-11 20:05:38.189999819+02:00
1728669952.59,4455,2895122400000.0,2024-10-11 18:05:52.589999914+00:00,2024-10-11 20:05:52.589999914+02:00
1728669966.99,4455,2887664200000.0,2024-10-11 18:06:06.990000010+00:00,2024-10-11 20:06:06.990000010+02:00
1728669981.3899999,4455,2900653200000.0,2024-10-11 18:06:21.389999866+00:00,2024-10-11 20:06:21.389999866+02:00
1728669995.79,4455,2878697600000.0,2024-10-11 18:06:35.789999962+00:00,2024-10-11 20:06:35.789999962+02:00
1728670010.1899998,4455,2921854600000.0,2024-10-11 18:06:50.189999819+00:00,2024-10-11 20:06:50.189999819+02:00
1728670024.59,4455,3057275400000.0,2024-10-11 18:07:04.589999914+00:00,2024-10-11 20:07:04.589999914+02:00
1728670038.99,4455,2924620000000.0,2024-10-11 18:07:18.990000010+00:00,2024-10-11 20:07:18.990000010+02:00
1728670053.3899999,4455,2912552800000.0,2024-10-11 18:07:33.389999866+00:00,2024-10-11 20:07:33.389999866+02:00
1728670067.79,4455,2936100600000.0,2024-10-11 18:07:47.789999962+00:00,2024-10-11 20:07:47.789999962+02:00
1728670082.1899998,4455,2936687200000.0,2024-10-11 18:08:02.189999819+00:00,2024-10-11 20:08:02.189999819+02:00
1728670096.59,4455,2807048600000.0,2024-10-11 18:08:16.589999914+00:00,2024-10-11 20:08:16.589999914+02:00
1728670110.99,4455,2991408600000.0,2024-10-11 18:08:30.990000010+00:00,2024-10-11 20:08:30.990000010+02:00
1728670125.3899999,4455,2929229000000.0,2024-10-11 18:08:45.389999866+00:00,2024-10-11 20:08:45.389999866+02:00
1728670139.79,4455,2946575600000.0,2024-10-11 18:08:59.789999962+00:00,2024-10-11 20:08:59.789999962+02:00
1728670154.1899998,4455,2960654000000.0,2024-10-11 18:09:14.189999819+00:00,2024-10-11 20:09:14.189999819+02:00
1728670168.59,4455,2978587200000.0,2024-10-11 18:09:28.589999914+00:00,2024-10-11 20:09:28.589999914+02:00
1728670182.99,4455,2970626200000.0,2024-10-11 18:09:42.990000010+00:00,2024-10-11 20:09:42.990000010+02:00
1728670197.3899999,4455,2974313400000.0,2024-10-11 18:09:57.389999866+00:00,2024-10-11 20:09:57.389999866+02:00
1728670211.79,4455,2963251800000.0,2024-10-11 18:10:11.789999962+00:00,2024-10-11 20:10:11.789999962+02:00
1728670226.1899998,4455,2987470000000.0,2024-10-11 18:10:26.189999819+00:00,2024-10-11 20:10:26.189999819+02:00
1728670240.59,4455,2959983600000.0,2024-10-11 18:10:40.589999914+00:00,2024-10-11 20:10:40.589999914+02:00
1728670254.99,4455,2967022800000.0,2024-10-11 18:10:54.990000010+00:00,2024-10-11 20:10:54.990000010+02:00
1728670269.3899999,4455,2942972200000.0,2024-10-11 18:11:09.389999866+00:00,2024-10-11 20:11:09.389999866+02:00
1728670283.79,4455,2965346800000.0,2024-10-11 18:11:23.789999962+00:00,2024-10-11 20:11:23.789999962+02:00
1728670298.1899998,4455,2975821800000.0,2024-10-11 18:11:38.189999819+00:00,2024-10-11 20:11:38.189999819+02:00
1728670312.59,4455,3014034600000.0,2024-10-11 18:11:52.589999914+00:00,2024-10-11 20:11:52.589999914+02:00
1728670326.99,4455,2962916600000.0,2024-10-11 18:12:06.990000010+00:00,2024-10-11 20:12:06.990000010+02:00
1728670341.3899999,4455,2958223800000.0,2024-10-11 18:12:21.389999866+00:00,2024-10-11 20:12:21.389999866+02:00
1728670355.79,4455,2960570200000.0,2024-10-11 18:12:35.789999962+00:00,2024-10-11 20:12:35.789999962+02:00
1728670370.1899998,4455,3008084800000.0,2024-10-11 18:12:50.189999819+00:00,2024-10-11 20:12:50.189999819+02:00
1728670384.59,4455,2945067200000.0,2024-10-11 18:13:04.589999914+00:00,2024-10-11 20:13:04.589999914+02:00
1728670398.99,4455,2972302200000.0,2024-10-11 18:13:18.990000010+00:00,2024-10-11 20:13:18.990000010+02:00
1728670413.3899999,4455,3056102200000.0,2024-10-11 18:13:33.389999866+00:00,2024-10-11 20:13:33.389999866+02:00
1728670427.79,4455,2959983600000.0,2024-10-11 18:13:47.789999962+00:00,2024-10-11 20:13:47.789999962+02:00
1728670442.1899998,4455,2957637200000.0,2024-10-11 18:14:02.189999819+00:00,2024-10-11 20:14:02.189999819+02:00
1728670456.59,4455,2962246200000.0,2024-10-11 18:14:16.589999914+00:00,2024-10-11 20:14:16.589999914+02:00
1728670470.99,4455,2959564600000.0,2024-10-11 18:14:30.990000010+00:00,2024-10-11 20:14:30.990000010+02:00
1728670485.3899999,4455,2984034200000.0,2024-10-11 18:14:45.389999866+00:00,2024-10-11 20:14:45.389999866+02:00
1728670499.79,4455,2964508800000.0,2024-10-11 18:14:59.789999962+00:00,2024-10-11 20:14:59.789999962+02:00
1728670514.1899998,4455,3033979000000.0,2024-10-11 18:15:14.189999819+00:00,2024-10-11 20:15:14.189999819+02:00
1728670528.59,4455,3108142000000.0,2024-10-11 18:15:28.589999914+00:00,2024-10-11 20:15:28.589999914+02:00
1728670542.99,4455,2997861200000.0,2024-10-11 18:15:42.990000010+00:00,2024-10-11 20:15:42.990000010+02:00
1728670557.3899999,4455,3014705000000.0,2024-10-11 18:15:57.389999866+00:00,2024-10-11 20:15:57.389999866+02:00
1728670571.79,4455,2984956000000.0,2024-10-11 18:16:11.789999962+00:00,2024-10-11 20:16:11.789999962+02:00
1728670586.1899998,4455,2990989600000.0,2024-10-11 18:16:26.189999819+00:00,2024-10-11 20:16:26.189999819+02:00
1728670600.59,4455,2972050800000.0,2024-10-11 18:16:40.589999914+00:00,2024-10-11 20:16:40.589999914+02:00
1728670614.99,4455,2973978200000.0,2024-10-11 18:16:54.990000010+00:00,2024-10-11 20:16:54.990000010+02:00
1728670629.3899999,4455,3020235800000.0,2024-10-11 18:17:09.389999866+00:00,2024-10-11 20:17:09.389999866+02:00
1728670643.79,4455,3058029600000.0,2024-10-11 18:17:23.789999962+00:00,2024-10-11 20:17:23.789999962+02:00
1728670658.1899998,4455,3083756200000.0,2024-10-11 18:17:38.189999819+00:00,2024-10-11 20:17:38.189999819+02:00
1728670672.59,4455,3051074200000.0,2024-10-11 18:17:52.589999914+00:00,2024-10-11 20:17:52.589999914+02:00
1728670686.99,4455,3068504600000.0,2024-10-11 18:18:06.990000010+00:00,2024-10-11 20:18:06.990000010+02:00
1728670701.3899999,4455,3016213400000.0,2024-10-11 18:18:21.389999866+00:00,2024-10-11 20:18:21.389999866+02:00
1728670715.79,4455,3065655400000.0,2024-10-11 18:18:35.789999962+00:00,2024-10-11 20:18:35.789999962+02:00
1728670730.1899998,4455,3037414800000.0,2024-10-11 18:18:50.189999819+00:00,2024-10-11 20:18:50.189999819+02:00
1728670744.59,4455,3057526800000.0,2024-10-11 18:19:04.589999914+00:00,2024-10-11 20:19:04.589999914+02:00
1728670758.99,4455,3052498800000.0,2024-10-11 18:19:18.990000010+00:00,2024-10-11 20:19:18.990000010+02:00
1728670773.3899999,4455,3044873000000.0,2024-10-11 18:19:33.389999866+00:00,2024-10-11 20:19:33.389999866+02:00
1728670787.79,4455,3078812000000.0,2024-10-11 18:19:47.789999962+00:00,2024-10-11 20:19:47.789999962+02:00
1728670802.1899998,4455,3051158000000.0,2024-10-11 18:20:02.189999819+00:00,2024-10-11 20:20:02.189999819+02:00
1728670816.59,4455,3014453600000.0,2024-10-11 18:20:16.589999914+00:00,2024-10-11 20:20:16.589999914+02:00
1728670830.99,4455,3043113200000.0,2024-10-11 18:20:30.990000010+00:00,2024-10-11 20:20:30.990000010+02:00
1728670845.3899999,4455,3083504800000.0,2024-10-11 18:20:45.389999866+00:00,2024-10-11 20:20:45.389999866+02:00
1728670859.79,4455,3061549200000.0,2024-10-11 18:20:59.789999962+00:00,2024-10-11 20:20:59.789999962+02:00
1728670874.1899998,4455,3095404400000.0,2024-10-11 18:21:14.189999819+00:00,2024-10-11 20:21:14.189999819+02:00
1728670888.59,4455,3045124400000.0,2024-10-11 18:21:28.589999914+00:00,2024-10-11 20:21:28.589999914+02:00
1728670902.99,4455,3074705800000.0,2024-10-11 18:21:42.990000010+00:00,2024-10-11 20:21:42.990000010+02:00
1728670917.3899999,4455,3061968200000.0,2024-10-11 18:21:57.389999866+00:00,2024-10-11 20:21:57.389999866+02:00
1728670931.79,4455,3039426000000.0,2024-10-11 18:22:11.789999962+00:00,2024-10-11 20:22:11.789999962+02:00
1728670946.1899998,4455,3094566400000.0,2024-10-11 18:22:26.189999819+00:00,2024-10-11 20:22:26.189999819+02:00
1728670960.59,4455,3085348400000.0,2024-10-11 18:22:40.589999914+00:00,2024-10-11 20:22:40.589999914+02:00
1728670974.99,4455,3066409600000.0,2024-10-11 18:22:54.990000010+00:00,2024-10-11 20:22:54.990000010+02:00
1728670989.3899999,4455,3078393000000.0,2024-10-11 18:23:09.389999866+00:00,2024-10-11 20:23:09.389999866+02:00
1728671003.79,4455,3198729800000.0,2024-10-11 18:23:23.789999962+00:00,2024-10-11 20:23:23.789999962+02:00
1728671018.1899998,4455,3141075400000.0,2024-10-11 18:23:38.189999819+00:00,2024-10-11 20:23:38.189999819+02:00
1728671032.59,4455,3102192200000.0,2024-10-11 18:23:52.589999914+00:00,2024-10-11 20:23:52.589999914+02:00
1728671046.99,4455,3121969000000.0,2024-10-11 18:24:06.990000010+00:00,2024-10-11 20:24:06.990000010+02:00
1728671061.3899999,4455,3171494800000.0,2024-10-11 18:24:21.389999866+00:00,2024-10-11 20:24:21.389999866+02:00
1728671075.79,4455,3051241800000.0,2024-10-11 18:24:35.789999962+00:00,2024-10-11 20:24:35.789999962+02:00
1728671090.1899998,4455,935710800000.0,2024-10-11 18:24:50.189999819+00:00,2024-10-11 20:24:50.189999819+02:00
1728671104.59,4455,3087694800000.0,2024-10-11 18:25:04.589999914+00:00,2024-10-11 20:25:04.589999914+02:00
1728671118.99,4455,3058197200000.0,2024-10-11 18:25:18.990000010+00:00,2024-10-11 20:25:18.990000010+02:00
1728671133.3899999,4455,3027526400000.0,2024-10-11 18:25:33.389999866+00:00,2024-10-11 20:25:33.389999866+02:00
1728671147.79,4455,3085683600000.0,2024-10-11 18:25:47.789999962+00:00,2024-10-11 20:25:47.789999962+02:00
1728671162.1899998,4455,3072694600000.0,2024-10-11 18:26:02.189999819+00:00,2024-10-11 20:26:02.189999819+02:00
1728671176.59,4455,3030124200000.0,2024-10-11 18:26:16.589999914+00:00,2024-10-11 20:26:16.589999914+02:00
1728671190.99,4455,3055180400000.0,2024-10-11 18:26:30.990000010+00:00,2024-10-11 20:26:30.990000010+02:00
1728671205.3899999,4455,3085516000000.0,2024-10-11 18:26:45.389999866+00:00,2024-10-11 20:26:45.389999866+02:00
1728671219.79,4455,3123058400000.0,2024-10-11 18:26:59.789999962+00:00,2024-10-11 20:26:59.789999962+02:00
1728671234.1899998,4455,3040431600000.0,2024-10-11 18:27:14.189999819+00:00,2024-10-11 20:27:14.189999819+02:00
1728671248.59,4455,3013196600000.0,2024-10-11 18:27:28.589999914+00:00,2024-10-11 20:27:28.589999914+02:00
1728671262.99,4455,3072527000000.0,2024-10-11 18:27:42.990000010+00:00,2024-10-11 20:27:42.990000010+02:00
1728671277.3899999,4455,3037750000000.0,2024-10-11 18:27:57.389999866+00:00,2024-10-11 20:27:57.389999866+02:00
1728671291.79,4455,3044454000000.0,2024-10-11 18:28:11.789999962+00:00,2024-10-11 20:28:11.789999962+02:00
1728671306.1899998,4455,3068420800000.0,2024-10-11 18:28:26.189999819+00:00,2024-10-11 20:28:26.189999819+02:00
1728671320.59,4455,3075879000000.0,2024-10-11 18:28:40.589999914+00:00,2024-10-11 20:28:40.589999914+02:00
1728671334.99,4455,3067080000000.0,2024-10-11 18:28:54.990000010+00:00,2024-10-11 20:28:54.990000010+02:00
1728671349.3899999,4455,3150796200000.0,2024-10-11 18:29:09.389999866+00:00,2024-10-11 20:29:09.389999866+02:00
1728671363.79,4455,3053588200000.0,2024-10-11 18:29:23.789999962+00:00,2024-10-11 20:29:23.789999962+02:00
1728671378.1899998,4455,3096577600000.0,2024-10-11 18:29:38.189999819+00:00,2024-10-11 20:29:38.189999819+02:00
1728671392.59,4455,3057359200000.0,2024-10-11 18:29:52.589999914+00:00,2024-10-11 20:29:52.589999914+02:00
1728671406.99,4455,3115684000000.0,2024-10-11 18:30:06.990000010+00:00,2024-10-11 20:30:06.990000010+02:00
1728671421.3899999,4455,3061297800000.0,2024-10-11 18:30:21.389999866+00:00,2024-10-11 20:30:21.389999866+02:00
1728671435.79,4455,3032135400000.0,2024-10-11 18:30:35.789999962+00:00,2024-10-11 20:30:35.789999962+02:00
1728671450.1899998,4455,3102862600000.0,2024-10-11 18:30:50.189999819+00:00,2024-10-11 20:30:50.189999819+02:00
1728671464.59,4455,3086940600000.0,2024-10-11 18:31:04.589999914+00:00,2024-10-11 20:31:04.589999914+02:00
1728671478.99,4455,3097331800000.0,2024-10-11 18:31:18.990000010+00:00,2024-10-11 20:31:18.990000010+02:00
1728671493.3899999,4455,3029621400000.0,2024-10-11 18:31:33.389999866+00:00,2024-10-11 20:31:33.389999866+02:00
1728671507.79,4455,3098756400000.0,2024-10-11 18:31:47.789999962+00:00,2024-10-11 20:31:47.789999962+02:00
1728671522.1899998,4455,3072527000000.0,2024-10-11 18:32:02.189999819+00:00,2024-10-11 20:32:02.189999819+02:00
1728671536.59,4455,3113756600000.0,2024-10-11 18:32:16.589999914+00:00,2024-10-11 20:32:16.589999914+02:00
1728671550.99,4455,3103784400000.0,2024-10-11 18:32:30.990000010+00:00,2024-10-11 20:32:30.990000010+02:00
1728671565.3899999,4455,3072191800000.0,2024-10-11 18:32:45.389999866+00:00,2024-10-11 20:32:45.389999866+02:00
1728671579.79,4455,3119036000000.0,2024-10-11 18:32:59.789999962+00:00,2024-10-11 20:32:59.789999962+02:00
1728671594.1899998,4455,3138142400000.0,2024-10-11 18:33:14.189999819+00:00,2024-10-11 20:33:14.189999819+02:00
1728671608.59,4455,3093477000000.0,2024-10-11 18:33:28.589999914+00:00,2024-10-11 20:33:28.589999914+02:00
1728671622.99,4455,3077974000000.0,2024-10-11 18:33:42.990000010+00:00,2024-10-11 20:33:42.990000010+02:00
1728671637.3899999,4455,3030794600000.0,2024-10-11 18:33:57.389999866+00:00,2024-10-11 20:33:57.389999866+02:00
1728671651.79,4455,3097331800000.0,2024-10-11 18:34:11.789999962+00:00,2024-10-11 20:34:11.789999962+02:00
1728671666.1899998,4455,3112751000000.0,2024-10-11 18:34:26.189999819+00:00,2024-10-11 20:34:26.189999819+02:00
1728671680.59,4455,3101689400000.0,2024-10-11 18:34:40.589999914+00:00,2024-10-11 20:34:40.589999914+02:00
1728671694.99,4455,3130851800000.0,2024-10-11 18:34:54.990000010+00:00,2024-10-11 20:34:54.990000010+02:00
1728671709.3899999,4455,3144427400000.0,2024-10-11 18:35:09.389999866+00:00,2024-10-11 20:35:09.389999866+02:00
1728671723.79,4455,3109734200000.0,2024-10-11 18:35:23.789999962+00:00,2024-10-11 20:35:23.789999962+02:00
1728671738.1899998,4455,3118700800000.0,2024-10-11 18:35:38.189999819+00:00,2024-10-11 20:35:38.189999819+02:00
1728671752.59,4455,3145097800000.0,2024-10-11 18:35:52.589999914+00:00,2024-10-11 20:35:52.589999914+02:00
1728671766.99,4455,3130349000000.0,2024-10-11 18:36:06.990000010+00:00,2024-10-11 20:36:06.990000010+02:00
1728671781.3899999,4455,3129092000000.0,2024-10-11 18:36:21.389999866+00:00,2024-10-11 20:36:21.389999866+02:00
1728671795.79,4455,3144092200000.0,2024-10-11 18:36:35.789999962+00:00,2024-10-11 20:36:35.789999962+02:00
1728671810.1899998,4455,3122136600000.0,2024-10-11 18:36:50.189999819+00:00,2024-10-11 20:36:50.189999819+02:00
1728671824.59,4455,3095991000000.0,2024-10-11 18:37:04.589999914+00:00,2024-10-11 20:37:04.589999914+02:00
1728671838.99,4455,3119455000000.0,2024-10-11 18:37:18.990000010+00:00,2024-10-11 20:37:18.990000010+02:00
1728671853.3899999,4455,3065739200000.0,2024-10-11 18:37:33.389999866+00:00,2024-10-11 20:37:33.389999866+02:00
1728671867.79,4455,3137220600000.0,2024-10-11 18:37:47.789999962+00:00,2024-10-11 20:37:47.789999962+02:00
1728671882.1899998,4455,3108980000000.0,2024-10-11 18:38:02.189999819+00:00,2024-10-11 20:38:02.189999819+02:00
1728671896.59,4455,3064063200000.0,2024-10-11 18:38:16.589999914+00:00,2024-10-11 20:38:16.589999914+02:00
1728671910.99,4455,3187165400000.0,2024-10-11 18:38:30.990000010+00:00,2024-10-11 20:38:30.990000010+02:00
1728671925.3899999,4455,3145684400000.0,2024-10-11 18:38:45.389999866+00:00,2024-10-11 20:38:45.389999866+02:00
1728671939.79,4455,3128254000000.0,2024-10-11 18:38:59.789999962+00:00,2024-10-11 20:38:59.789999962+02:00
1728671954.1899998,4455,3147863200000.0,2024-10-11 18:39:14.189999819+00:00,2024-10-11 20:39:14.189999819+02:00
1728671968.59,4455,3109399000000.0,2024-10-11 18:39:28.589999914+00:00,2024-10-11 20:39:28.589999914+02:00
1728671982.99,4455,608052800000.0,2024-10-11 18:39:42.990000010+00:00,2024-10-11 20:39:42.990000010+02:00
1728671997.3899999,4455,3106214600000.0,2024-10-11 18:39:57.389999866+00:00,2024-10-11 20:39:57.389999866+02:00
1728672011.79,4455,3123896400000.0,2024-10-11 18:40:11.789999962+00:00,2024-10-11 20:40:11.789999962+02:00
1728672026.1899998,4455,3115684000000.0,2024-10-11 18:40:26.189999819+00:00,2024-10-11 20:40:26.189999819+02:00
1728672040.59,4455,3058700000000.0,2024-10-11 18:40:40.589999914+00:00,2024-10-11 20:40:40.589999914+02:00
1728672054.99,4455,3119790200000.0,2024-10-11 18:40:54.990000010+00:00,2024-10-11 20:40:54.990000010+02:00
1728672069.3899999,4455,3160684600000.0,2024-10-11 18:41:09.389999866+00:00,2024-10-11 20:41:09.389999866+02:00
1728672083.79,4455,3118281800000.0,2024-10-11 18:41:23.789999962+00:00,2024-10-11 20:41:23.789999962+02:00
1728672098.1899998,4455,3111494000000.0,2024-10-11 18:41:38.189999819+00:00,2024-10-11 20:41:38.189999819+02:00
1728672112.59,4455,3118365600000.0,2024-10-11 18:41:52.589999914+00:00,2024-10-11 20:41:52.589999914+02:00
1728672126.99,4455,3089119400000.0,2024-10-11 18:42:06.990000010+00:00,2024-10-11 20:42:06.990000010+02:00
1728672141.3899999,4455,3140824000000.0,2024-10-11 18:42:21.389999866+00:00,2024-10-11 20:42:21.389999866+02:00
1728672155.79,4455,3035906400000.0,2024-10-11 18:42:35.789999962+00:00,2024-10-11 20:42:35.789999962+02:00
1728672170.1899998,4455,3118449400000.0,2024-10-11 18:42:50.189999819+00:00,2024-10-11 20:42:50.189999819+02:00
1728672184.59,4455,3127080800000.0,2024-10-11 18:43:04.589999914+00:00,2024-10-11 20:43:04.589999914+02:00
1728672198.99,4455,3130013800000.0,2024-10-11 18:43:18.990000010+00:00,2024-10-11 20:43:18.990000010+02:00
1728672213.3899999,4455,3123980200000.0,2024-10-11 18:43:33.389999866+00:00,2024-10-11 20:43:33.389999866+02:00
1728672227.79,4455,3123309800000.0,2024-10-11 18:43:47.789999962+00:00,2024-10-11 20:43:47.789999962+02:00
1728672242.1899998,4455,3112834800000.0,2024-10-11 18:44:02.189999819+00:00,2024-10-11 20:44:02.189999819+02:00
1728672256.59,4455,3123812600000.0,2024-10-11 18:44:16.589999914+00:00,2024-10-11 20:44:16.589999914+02:00
1728672270.99,4455,3148785000000.0,2024-10-11 18:44:30.990000010+00:00,2024-10-11 20:44:30.990000010+02:00
1728672285.3899999,4455,3094147400000.0,2024-10-11 18:44:45.389999866+00:00,2024-10-11 20:44:45.389999866+02:00
1728672299.79,4455,3133701000000.0,2024-10-11 18:44:59.789999962+00:00,2024-10-11 20:44:59.789999962+02:00
1728672314.1899998,4455,3118784600000.0,2024-10-11 18:45:14.189999819+00:00,2024-10-11 20:45:14.189999819+02:00
1728672328.59,4455,3141997200000.0,2024-10-11 18:45:28.589999914+00:00,2024-10-11 20:45:28.589999914+02:00
1728672342.99,4455,3151466600000.0,2024-10-11 18:45:42.990000010+00:00,2024-10-11 20:45:42.990000010+02:00
1728672357.3899999,4455,3146522400000.0,2024-10-11 18:45:57.389999866+00:00,2024-10-11 20:45:57.389999866+02:00
1728672371.79,4455,3117192400000.0,2024-10-11 18:46:11.789999962+00:00,2024-10-11 20:46:11.789999962+02:00
1728672386.1899998,4455,3093141800000.0,2024-10-11 18:46:26.189999819+00:00,2024-10-11 20:46:26.189999819+02:00
1728672400.59,4455,3066409600000.0,2024-10-11 18:46:40.589999914+00:00,2024-10-11 20:46:40.589999914+02:00
1728672414.99,4455,3086605400000.0,2024-10-11 18:46:54.990000010+00:00,2024-10-11 20:46:54.990000010+02:00
1728672429.3899999,4455,3105460400000.0,2024-10-11 18:47:09.389999866+00:00,2024-10-11 20:47:09.389999866+02:00
1728672443.79,4455,3206858400000.0,2024-10-11 18:47:23.789999962+00:00,2024-10-11 20:47:23.789999962+02:00
1728672458.1899998,4455,3099007800000.0,2024-10-11 18:47:38.189999819+00:00,2024-10-11 20:47:38.189999819+02:00
1728672472.59,4455,3146354800000.0,2024-10-11 18:47:52.589999914+00:00,2024-10-11 20:47:52.589999914+02:00
1728672486.99,4455,3155237600000.0,2024-10-11 18:48:06.990000010+00:00,2024-10-11 20:48:06.990000010+02:00
1728672501.3899999,4455,3085851200000.0,2024-10-11 18:48:21.389999866+00:00,2024-10-11 20:48:21.389999866+02:00
1728672515.79,4455,3136969200000.0,2024-10-11 18:48:35.789999962+00:00,2024-10-11 20:48:35.789999962+02:00
1728672530.1899998,4455,3167388600000.0,2024-10-11 18:48:50.189999819+00:00,2024-10-11 20:48:50.189999819+02:00
1728672544.59,4455,3145014000000.0,2024-10-11 18:49:04.589999914+00:00,2024-10-11 20:49:04.589999914+02:00
1728672558.99,4455,0.0,2024-10-11 18:49:18.990000010+00:00,2024-10-11 20:49:18.990000010+02:00
1728672573.3899999,4455,2095000000.0,2024-10-11 18:49:33.389999866+00:00,2024-10-11 20:49:33.389999866+02:00
1728672587.79,4455,3141578200000.0,2024-10-11 18:49:47.789999962+00:00,2024-10-11 20:49:47.789999962+02:00
1728672602.1899998,4455,3142332400000.0,2024-10-11 18:50:02.189999819+00:00,2024-10-11 20:50:02.189999819+02:00
1728672616.59,4455,3182388800000.0,2024-10-11 18:50:16.589999914+00:00,2024-10-11 20:50:16.589999914+02:00
1728672630.99,4455,3156243200000.0,2024-10-11 18:50:30.990000010+00:00,2024-10-11 20:50:30.990000010+02:00
1728672645.3899999,4455,3150125800000.0,2024-10-11 18:50:45.389999866+00:00,2024-10-11 20:50:45.389999866+02:00
1728672659.79,4455,3172835600000.0,2024-10-11 18:50:59.789999962+00:00,2024-10-11 20:50:59.789999962+02:00
1728672674.1899998,4455,3151801800000.0,2024-10-11 18:51:14.189999819+00:00,2024-10-11 20:51:14.189999819+02:00
1728672688.59,4455,3193953200000.0,2024-10-11 18:51:28.589999914+00:00,2024-10-11 20:51:28.589999914+02:00
1728672702.99,4455,3129259600000.0,2024-10-11 18:51:42.990000010+00:00,2024-10-11 20:51:42.990000010+02:00
1728672717.3899999,4455,3107471600000.0,2024-10-11 18:51:57.389999866+00:00,2024-10-11 20:51:57.389999866+02:00
1728672731.79,4455,3174595400000.0,2024-10-11 18:52:11.789999962+00:00,2024-10-11 20:52:11.789999962+02:00
1728672746.1899998,4455,3085264600000.0,2024-10-11 18:52:26.189999819+00:00,2024-10-11 20:52:26.189999819+02:00
1728672760.59,4455,3113672800000.0,2024-10-11 18:52:40.589999914+00:00,2024-10-11 20:52:40.589999914+02:00
1728672774.99,4455,3122723200000.0,2024-10-11 18:52:54.990000010+00:00,2024-10-11 20:52:54.990000010+02:00
1728672789.3899999,4455,3085180800000.0,2024-10-11 18:53:09.389999866+00:00,2024-10-11 20:53:09.389999866+02:00
1728672803.79,4455,3112834800000.0,2024-10-11 18:53:23.789999962+00:00,2024-10-11 20:53:23.789999962+02:00
1728672818.1899998,4455,3120712000000.0,2024-10-11 18:53:38.189999819+00:00,2024-10-11 20:53:38.189999819+02:00
1728672832.59,4455,3178953000000.0,2024-10-11 18:53:52.589999914+00:00,2024-10-11 20:53:52.589999914+02:00
1728672846.99,4455,3138980400000.0,2024-10-11 18:54:06.990000010+00:00,2024-10-11 20:54:06.990000010+02:00
1728672861.3899999,4455,3166215400000.0,2024-10-11 18:54:21.389999866+00:00,2024-10-11 20:54:21.389999866+02:00
1728672875.79,4455,3137639600000.0,2024-10-11 18:54:35.789999962+00:00,2024-10-11 20:54:35.789999962+02:00
1728672890.1899998,4455,1734324800000.0,2024-10-11 18:54:50.189999819+00:00,2024-10-11 20:54:50.189999819+02:00
1728672904.59,4455,3122304200000.0,2024-10-11 18:55:04.589999914+00:00,2024-10-11 20:55:04.589999914+02:00
1728672918.99,4455,3216914400000.0,2024-10-11 18:55:18.990000010+00:00,2024-10-11 20:55:18.990000010+02:00
1728672933.3899999,4455,3390967000000.0,2024-10-11 18:55:33.389999866+00:00,2024-10-11 20:55:33.389999866+02:00
1728672947.79,4455,3182053600000.0,2024-10-11 18:55:47.789999962+00:00,2024-10-11 20:55:47.789999962+02:00
1728672962.1899998,4455,3193031400000.0,2024-10-11 18:56:02.189999819+00:00,2024-10-11 20:56:02.189999819+02:00
1728672976.59,4455,3179874800000.0,2024-10-11 18:56:16.589999914+00:00,2024-10-11 20:56:16.589999914+02:00
1728672990.99,4455,3153477800000.0,2024-10-11 18:56:30.990000010+00:00,2024-10-11 20:56:30.990000010+02:00
1728673005.3899999,4455,3202919800000.0,2024-10-11 18:56:45.389999866+00:00,2024-10-11 20:56:45.389999866+02:00
1728673019.79,4455,1778068400000.0,2024-10-11 18:56:59.789999962+00:00,2024-10-11 20:56:59.789999962+02:00
1728673034.1899998,4455,3220853000000.0,2024-10-11 18:57:14.189999819+00:00,2024-10-11 20:57:14.189999819+02:00
1728673048.59,4455,3198729800000.0,2024-10-11 18:57:28.589999914+00:00,2024-10-11 20:57:28.589999914+02:00
1728673062.99,4455,2389389400000.0,2024-10-11 18:57:42.990000010+00:00,2024-10-11 20:57:42.990000010+02:00
1728673077.3899999,4455,3176522800000.0,2024-10-11 18:57:57.389999866+00:00,2024-10-11 20:57:57.389999866+02:00
1728673091.79,4455,3177696000000.0,2024-10-11 18:58:11.789999962+00:00,2024-10-11 20:58:11.789999962+02:00
1728673106.1899998,4455,3157835400000.0,2024-10-11 18:58:26.189999819+00:00,2024-10-11 20:58:26.189999819+02:00
1728673120.59,4455,3125991400000.0,2024-10-11 18:58:40.589999914+00:00,2024-10-11 20:58:40.589999914+02:00
1728673134.99,4455,3176187600000.0,2024-10-11 18:58:54.990000010+00:00,2024-10-11 20:58:54.990000010+02:00
1728673149.3899999,4455,3157416400000.0,2024-10-11 18:59:09.389999866+00:00,2024-10-11 20:59:09.389999866+02:00
1728673163.79,4455,3166634400000.0,2024-10-11 18:59:23.789999962+00:00,2024-10-11 20:59:23.789999962+02:00
1728673178.1899998,4455,3146857600000.0,2024-10-11 18:59:38.189999819+00:00,2024-10-11 20:59:38.189999819+02:00
1728673192.59,4455,3104957600000.0,2024-10-11 18:59:52.589999914+00:00,2024-10-11 20:59:52.589999914+02:00
1728673206.99,4455,3140824000000.0,2024-10-11 19:00:06.990000010+00:00,2024-10-11 21:00:06.990000010+02:00
1728673221.3899999,4455,3197556600000.0,2024-10-11 19:00:21.389999866+00:00,2024-10-11 21:00:21.389999866+02:00
1728673235.79,4455,3157081200000.0,2024-10-11 19:00:35.789999962+00:00,2024-10-11 21:00:35.789999962+02:00
1728673250.1899998,4455,2023518600000.0,2024-10-11 19:00:50.189999819+00:00,2024-10-11 21:00:50.189999819+02:00
1728673264.59,4455,3209707600000.0,2024-10-11 19:01:04.589999914+00:00,2024-10-11 21:01:04.589999914+02:00
1728673278.99,4455,3145600600000.0,2024-10-11 19:01:18.990000010+00:00,2024-10-11 21:01:18.990000010+02:00
1728673293.3899999,4455,3169567400000.0,2024-10-11 19:01:33.389999866+00:00,2024-10-11 21:01:33.389999866+02:00
1728673307.79,4455,3182724000000.0,2024-10-11 19:01:47.789999962+00:00,2024-10-11 21:01:47.789999962+02:00
1728673322.1899998,4455,3180629000000.0,2024-10-11 19:02:02.189999819+00:00,2024-10-11 21:02:02.189999819+02:00
1728673336.59,4455,3154818600000.0,2024-10-11 19:02:16.589999914+00:00,2024-10-11 21:02:16.589999914+02:00
1728673350.99,4455,3202584600000.0,2024-10-11 19:02:30.990000010+00:00,2024-10-11 21:02:30.990000010+02:00
1728673365.3899999,4455,3169902600000.0,2024-10-11 19:02:45.389999866+00:00,2024-10-11 21:02:45.389999866+02:00
1728673379.79,4455,3187752000000.0,2024-10-11 19:02:59.789999962+00:00,2024-10-11 21:02:59.789999962+02:00
1728673394.1899998,4455,3203255000000.0,2024-10-11 19:03:14.189999819+00:00,2024-10-11 21:03:14.189999819+02:00
1728673408.59,4455,3164288000000.0,2024-10-11 19:03:28.589999914+00:00,2024-10-11 21:03:28.589999914+02:00
1728673422.99,4455,3121047200000.0,2024-10-11 19:03:42.990000010+00:00,2024-10-11 21:03:42.990000010+02:00
1728673437.3899999,4455,3199065000000.0,2024-10-11 19:03:57.389999866+00:00,2024-10-11 21:03:57.389999866+02:00
1728673451.79,4455,3208450600000.0,2024-10-11 19:04:11.789999962+00:00,2024-10-11 21:04:11.789999962+02:00
1728673466.1899998,4455,3136298800000.0,2024-10-11 19:04:26.189999819+00:00,2024-10-11 21:04:26.189999819+02:00
1728673480.59,4455,3143673200000.0,2024-10-11 19:04:40.589999914+00:00,2024-10-11 21:04:40.589999914+02:00
1728673494.99,4455,3189009000000.0,2024-10-11 19:04:54.990000010+00:00,2024-10-11 21:04:54.990000010+02:00
1728673509.3899999,4455,3158003000000.0,2024-10-11 19:05:09.389999866+00:00,2024-10-11 21:05:09.389999866+02:00
1728673523.79,4455,3138645200000.0,2024-10-11 19:05:23.789999962+00:00,2024-10-11 21:05:23.789999962+02:00
1728673538.1899998,4455,3189344200000.0,2024-10-11 19:05:38.189999819+00:00,2024-10-11 21:05:38.189999819+02:00
1728673552.59,4455,3225043000000.0,2024-10-11 19:05:52.589999914+00:00,2024-10-11 21:05:52.589999914+02:00
1728673566.99,4455,3188171000000.0,2024-10-11 19:06:06.990000010+00:00,2024-10-11 21:06:06.990000010+02:00
1728673581.3899999,4455,3148198400000.0,2024-10-11 19:06:21.389999866+00:00,2024-10-11 21:06:21.389999866+02:00
1728673595.79,4455,3203255000000.0,2024-10-11 19:06:35.789999962+00:00,2024-10-11 21:06:35.789999962+02:00
1728673610.1899998,4455,3129762400000.0,2024-10-11 19:06:50.189999819+00:00,2024-10-11 21:06:50.189999819+02:00
1728673624.59,4455,3200824800000.0,2024-10-11 19:07:04.589999914+00:00,2024-10-11 21:07:04.589999914+02:00
1728673638.99,4455,3223450800000.0,2024-10-11 19:07:18.990000010+00:00,2024-10-11 21:07:18.990000010+02:00
1728673653.3899999,4455,3161103600000.0,2024-10-11 19:07:33.389999866+00:00,2024-10-11 21:07:33.389999866+02:00
1728673667.79,4455,3186411200000.0,2024-10-11 19:07:47.789999962+00:00,2024-10-11 21:07:47.789999962+02:00
1728673682.1899998,4455,3161355000000.0,2024-10-11 19:08:02.189999819+00:00,2024-10-11 21:08:02.189999819+02:00
1728673696.59,4455,3165293600000.0,2024-10-11 19:08:16.589999914+00:00,2024-10-11 21:08:16.589999914+02:00
1728673710.99,4455,3195629200000.0,2024-10-11 19:08:30.990000010+00:00,2024-10-11 21:08:30.990000010+02:00
1728673725.3899999,4455,3137472000000.0,2024-10-11 19:08:45.389999866+00:00,2024-10-11 21:08:45.389999866+02:00
1728673739.79,4455,3177779800000.0,2024-10-11 19:08:59.789999962+00:00,2024-10-11 21:08:59.789999962+02:00
1728673754.1899998,4455,3195880600000.0,2024-10-11 19:09:14.189999819+00:00,2024-10-11 21:09:14.189999819+02:00
1728673768.59,4455,3263088200000.0,2024-10-11 19:09:28.589999914+00:00,2024-10-11 21:09:28.589999914+02:00
1728673782.99,4455,3273060400000.0,2024-10-11 19:09:42.990000010+00:00,2024-10-11 21:09:42.990000010+02:00
1728673797.3899999,4455,3253199800000.0,2024-10-11 19:09:57.389999866+00:00,2024-10-11 21:09:57.389999866+02:00
1728673811.79,4455,3217165800000.0,2024-10-11 19:10:11.789999962+00:00,2024-10-11 21:10:11.789999962+02:00
1728673826.1899998,4455,3194372200000.0,2024-10-11 19:10:26.189999819+00:00,2024-10-11 21:10:26.189999819+02:00
1728673840.59,4455,3140153600000.0,2024-10-11 19:10:40.589999914+00:00,2024-10-11 21:10:40.589999914+02:00
1728673854.99,4455,3135796000000.0,2024-10-11 19:10:54.990000010+00:00,2024-10-11 21:10:54.990000010+02:00
1728673869.3899999,4455,3199484000000.0,2024-10-11 19:11:09.389999866+00:00,2024-10-11 21:11:09.389999866+02:00
1728673883.79,4455,3205517600000.0,2024-10-11 19:11:23.789999962+00:00,2024-10-11 21:11:23.789999962+02:00
1728673898.1899998,4455,3200154400000.0,2024-10-11 19:11:38.189999819+00:00,2024-10-11 21:11:38.189999819+02:00
1728673912.59,4455,3242641000000.0,2024-10-11 19:11:52.589999914+00:00,2024-10-11 21:11:52.589999914+02:00
1728673926.99,4455,1966786000000.0,2024-10-11 19:12:06.990000010+00:00,2024-10-11 21:12:06.990000010+02:00
1728673941.3899999,4455,3189092800000.0,2024-10-11 19:12:21.389999866+00:00,2024-10-11 21:12:21.389999866+02:00
1728673955.79,4455,3161606400000.0,2024-10-11 19:12:35.789999962+00:00,2024-10-11 21:12:35.789999962+02:00
1728673970.1899998,4455,3170405400000.0,2024-10-11 19:12:50.189999819+00:00,2024-10-11 21:12:50.189999819+02:00
1728673984.59,4455,3149623000000.0,2024-10-11 19:13:04.589999914+00:00,2024-10-11 21:13:04.589999914+02:00
1728673998.99,4455,3198478400000.0,2024-10-11 19:13:18.990000010+00:00,2024-10-11 21:13:18.990000010+02:00
1728674013.3899999,4455,3139734600000.0,2024-10-11 19:13:33.389999866+00:00,2024-10-11 21:13:33.389999866+02:00
1728674027.79,4455,3170992000000.0,2024-10-11 19:13:47.789999962+00:00,2024-10-11 21:13:47.789999962+02:00
1728674042.1899998,4455,3215908800000.0,2024-10-11 19:14:02.189999819+00:00,2024-10-11 21:14:02.189999819+02:00
1728674056.59,4455,3245490200000.0,2024-10-11 19:14:16.589999914+00:00,2024-10-11 21:14:16.589999914+02:00
1728674070.99,4455,3224791600000.0,2024-10-11 19:14:30.990000010+00:00,2024-10-11 21:14:30.990000010+02:00
1728674085.3899999,4455,3217501000000.0,2024-10-11 19:14:45.389999866+00:00,2024-10-11 21:14:45.389999866+02:00
1728674099.79,4455,3170489200000.0,2024-10-11 19:14:59.789999962+00:00,2024-10-11 21:14:59.789999962+02:00
1728674114.1899998,4455,3130684200000.0,2024-10-11 19:15:14.189999819+00:00,2024-10-11 21:15:14.189999819+02:00
1728674128.59,4455,3690216800000.0,2024-10-11 19:15:28.589999914+00:00,2024-10-11 21:15:28.589999914+02:00
1728674142.99,4455,3210545600000.0,2024-10-11 19:15:42.990000010+00:00,2024-10-11 21:15:42.990000010+02:00
1728674157.3899999,4455,3156829800000.0,2024-10-11 19:15:57.389999866+00:00,2024-10-11 21:15:57.389999866+02:00
1728674171.79,4455,3225210600000.0,2024-10-11 19:16:11.789999962+00:00,2024-10-11 21:16:11.789999962+02:00
1728674186.1899998,4455,3196048200000.0,2024-10-11 19:16:26.189999819+00:00,2024-10-11 21:16:26.189999819+02:00
1728674200.59,4455,3162360600000.0,2024-10-11 19:16:40.589999914+00:00,2024-10-11 21:16:40.589999914+02:00
1728674214.99,4455,3224540200000.0,2024-10-11 19:16:54.990000010+00:00,2024-10-11 21:16:54.990000010+02:00
1728674229.3899999,4455,3252278000000.0,2024-10-11 19:17:09.389999866+00:00,2024-10-11 21:17:09.389999866+02:00
1728674243.79,4455,3195210200000.0,2024-10-11 19:17:23.789999962+00:00,2024-10-11 21:17:23.789999962+02:00
1728674258.1899998,4455,3257054600000.0,2024-10-11 19:17:38.189999819+00:00,2024-10-11 21:17:38.189999819+02:00
1728674272.59,4455,3161941600000.0,2024-10-11 19:17:52.589999914+00:00,2024-10-11 21:17:52.589999914+02:00
1728674286.99,4455,3251021000000.0,2024-10-11 19:18:06.990000010+00:00,2024-10-11 21:18:06.990000010+02:00
1728674301.3899999,4455,3253870200000.0,2024-10-11 19:18:21.389999866+00:00,2024-10-11 21:18:21.389999866+02:00
1728674315.79,4455,3187919600000.0,2024-10-11 19:18:35.789999962+00:00,2024-10-11 21:18:35.789999962+02:00
1728674330.1899998,4455,3169399800000.0,2024-10-11 19:18:50.189999819+00:00,2024-10-11 21:18:50.189999819+02:00
1728674344.59,4455,3198059400000.0,2024-10-11 19:19:04.589999914+00:00,2024-10-11 21:19:04.589999914+02:00
1728674358.99,4455,3200238200000.0,2024-10-11 19:19:18.990000010+00:00,2024-10-11 21:19:18.990000010+02:00
1728674373.3899999,4455,3195461600000.0,2024-10-11 19:19:33.389999866+00:00,2024-10-11 21:19:33.389999866+02:00
1728674387.79,4455,3186914000000.0,2024-10-11 19:19:47.789999962+00:00,2024-10-11 21:19:47.789999962+02:00
1728674402.1899998,4455,3098756400000.0,2024-10-11 19:20:02.189999819+00:00,2024-10-11 21:20:02.189999819+02:00
1728674416.59,4455,3147109000000.0,2024-10-11 19:20:16.589999914+00:00,2024-10-11 21:20:16.589999914+02:00
1728674430.99,4455,3194875000000.0,2024-10-11 19:20:30.990000010+00:00,2024-10-11 21:20:30.990000010+02:00
1728674445.3899999,4455,3188003400000.0,2024-10-11 19:20:45.389999866+00:00,2024-10-11 21:20:45.389999866+02:00
1728674459.79,4455,3196467200000.0,2024-10-11 19:20:59.789999962+00:00,2024-10-11 21:20:59.789999962+02:00
1728674474.1899998,4455,3153729200000.0,2024-10-11 19:21:14.189999819+00:00,2024-10-11 21:21:14.189999819+02:00
1728674488.59,4455,3161857800000.0,2024-10-11 19:21:28.589999914+00:00,2024-10-11 21:21:28.589999914+02:00
1728674502.99,4455,3203841600000.0,2024-10-11 19:21:42.990000010+00:00,2024-10-11 21:21:42.990000010+02:00
1728674517.3899999,4455,3256970800000.0,2024-10-11 19:21:57.389999866+00:00,2024-10-11 21:21:57.389999866+02:00
1728674531.79,4455,3224372600000.0,2024-10-11 19:22:11.789999962+00:00,2024-10-11 21:22:11.789999962+02:00
1728674546.1899998,4455,3241216400000.0,2024-10-11 19:22:26.189999819+00:00,2024-10-11 21:22:26.189999819+02:00
1728674560.59,4455,3208450600000.0,2024-10-11 19:22:40.589999914+00:00,2024-10-11 21:22:40.589999914+02:00
1728674574.99,4455,3220350200000.0,2024-10-11 19:22:54.990000010+00:00,2024-10-11 21:22:54.990000010+02:00
1728674589.3899999,4455,3230071000000.0,2024-10-11 19:23:09.389999866+00:00,2024-10-11 21:23:09.389999866+02:00
1728674603.79,4455,3239875600000.0,2024-10-11 19:23:23.789999962+00:00,2024-10-11 21:23:23.789999962+02:00
1728674618.1899998,4455,3176606600000.0,2024-10-11 19:23:38.189999819+00:00,2024-10-11 21:23:38.189999819+02:00
1728674632.59,4455,3256300400000.0,2024-10-11 19:23:52.589999914+00:00,2024-10-11 21:23:52.589999914+02:00
1728674646.99,4455,3204847200000.0,2024-10-11 19:24:06.990000010+00:00,2024-10-11 21:24:06.990000010+02:00
1728674661.3899999,4455,3248339400000.0,2024-10-11 19:24:21.389999866+00:00,2024-10-11 21:24:21.389999866+02:00
1728674675.79,4455,3197472800000.0,2024-10-11 19:24:35.789999962+00:00,2024-10-11 21:24:35.789999962+02:00
1728674690.1899998,4455,3178282600000.0,2024-10-11 19:24:50.189999819+00:00,2024-10-11 21:24:50.189999819+02:00
1728674704.59,4455,3210294200000.0,2024-10-11 19:25:04.589999914+00:00,2024-10-11 21:25:04.589999914+02:00
1728674718.99,4455,3212640600000.0,2024-10-11 19:25:18.990000010+00:00,2024-10-11 21:25:18.990000010+02:00
1728674733.3899999,4455,3231830800000.0,2024-10-11 19:25:33.389999866+00:00,2024-10-11 21:25:33.389999866+02:00
1728674747.79,4455,3222864200000.0,2024-10-11 19:25:47.789999962+00:00,2024-10-11 21:25:47.789999962+02:00
1728674762.1899998,4455,3229987200000.0,2024-10-11 19:26:02.189999819+00:00,2024-10-11 21:26:02.189999819+02:00
1728674776.59,4455,3251859000000.0,2024-10-11 19:26:16.589999914+00:00,2024-10-11 21:26:16.589999914+02:00
1728674790.99,4455,3203590200000.0,2024-10-11 19:26:30.990000010+00:00,2024-10-11 21:26:30.990000010+02:00
1728674805.3899999,4455,3194623600000.0,2024-10-11 19:26:45.389999866+00:00,2024-10-11 21:26:45.389999866+02:00
1728674819.79,4455,3264177600000.0,2024-10-11 19:26:59.789999962+00:00,2024-10-11 21:26:59.789999962+02:00
1728674834.1899998,4455,3212389200000.0,2024-10-11 19:27:14.189999819+00:00,2024-10-11 21:27:14.189999819+02:00
1728674848.59,4455,3279261600000.0,2024-10-11 19:27:28.589999914+00:00,2024-10-11 21:27:28.589999914+02:00
1728674862.99,4455,3195461600000.0,2024-10-11 19:27:42.990000010+00:00,2024-10-11 21:27:42.990000010+02:00
1728674877.3899999,4455,3221355800000.0,2024-10-11 19:27:57.389999866+00:00,2024-10-11 21:27:57.389999866+02:00
1728674891.79,4455,3224624000000.0,2024-10-11 19:28:11.789999962+00:00,2024-10-11 21:28:11.789999962+02:00
1728674906.1899998,4455,3211299800000.0,2024-10-11 19:28:26.189999819+00:00,2024-10-11 21:28:26.189999819+02:00
1728674920.59,4455,3171159600000.0,2024-10-11 19:28:40.589999914+00:00,2024-10-11 21:28:40.589999914+02:00
1728674934.99,4455,3205601400000.0,2024-10-11 19:28:54.990000010+00:00,2024-10-11 21:28:54.990000010+02:00
1728674949.3899999,4455,3208031600000.0,2024-10-11 19:29:09.389999866+00:00,2024-10-11 21:29:09.389999866+02:00
1728674963.79,4455,3176774200000.0,2024-10-11 19:29:23.789999962+00:00,2024-10-11 21:29:23.789999962+02:00
1728674978.1899998,4455,3228395000000.0,2024-10-11 19:29:38.189999819+00:00,2024-10-11 21:29:38.189999819+02:00
1728674992.59,4455,3280183400000.0,2024-10-11 19:29:52.589999914+00:00,2024-10-11 21:29:52.589999914+02:00
1728675006.99,4455,3210461800000.0,2024-10-11 19:30:06.990000010+00:00,2024-10-11 21:30:06.990000010+02:00
1728675021.3899999,4455,3240043200000.0,2024-10-11 19:30:21.389999866+00:00,2024-10-11 21:30:21.389999866+02:00
1728675035.79,4455,3174763000000.0,2024-10-11 19:30:35.789999962+00:00,2024-10-11 21:30:35.789999962+02:00
1728675050.1899998,4455,3187500600000.0,2024-10-11 19:30:50.189999819+00:00,2024-10-11 21:30:50.189999819+02:00
1728675064.59,4455,3183394400000.0,2024-10-11 19:31:04.589999914+00:00,2024-10-11 21:31:04.589999914+02:00
1728675078.99,4455,3246328200000.0,2024-10-11 19:31:18.990000010+00:00,2024-10-11 21:31:18.990000010+02:00
1728675093.3899999,4455,3141829600000.0,2024-10-11 19:31:33.389999866+00:00,2024-10-11 21:31:33.389999866+02:00
1728675107.79,4455,3118617000000.0,2024-10-11 19:31:47.789999962+00:00,2024-10-11 21:31:47.789999962+02:00
1728675122.1899998,4455,3119287400000.0,2024-10-11 19:32:02.189999819+00:00,2024-10-11 21:32:02.189999819+02:00
1728675136.59,4455,3160181800000.0,2024-10-11 19:32:16.589999914+00:00,2024-10-11 21:32:16.589999914+02:00
1728675150.99,4455,3141997200000.0,2024-10-11 19:32:30.990000010+00:00,2024-10-11 21:32:30.990000010+02:00
1728675165.3899999,4455,2962246200000.0,2024-10-11 19:32:45.389999866+00:00,2024-10-11 21:32:45.389999866+02:00
1728675179.79,4455,2987470000000.0,2024-10-11 19:32:59.789999962+00:00,2024-10-11 21:32:59.789999962+02:00
1728675194.1899998,4455,2932664800000.0,2024-10-11 19:33:14.189999819+00:00,2024-10-11 21:33:14.189999819+02:00
1728675208.59,4455,2995431000000.0,2024-10-11 19:33:28.589999914+00:00,2024-10-11 21:33:28.589999914+02:00
1728675222.99,4455,2949005800000.0,2024-10-11 19:33:42.990000010+00:00,2024-10-11 21:33:42.990000010+02:00
1728675237.3899999,4455,2955542200000.0,2024-10-11 19:33:57.389999866+00:00,2024-10-11 21:33:57.389999866+02:00
1728675251.79,4455,2958978000000.0,2024-10-11 19:34:11.789999962+00:00,2024-10-11 21:34:11.789999962+02:00
1728675266.1899998,4455,2892021800000.0,2024-10-11 19:34:26.189999819+00:00,2024-10-11 21:34:26.189999819+02:00
1728675280.59,4455,2923530600000.0,2024-10-11 19:34:40.589999914+00:00,2024-10-11 21:34:40.589999914+02:00
1728675294.99,4455,2958140000000.0,2024-10-11 19:34:54.990000010+00:00,2024-10-11 21:34:54.990000010+02:00
1728675309.3899999,4455,2961073000000.0,2024-10-11 19:35:09.389999866+00:00,2024-10-11 21:35:09.389999866+02:00
1728675323.79,4455,2917580800000.0,2024-10-11 19:35:23.789999962+00:00,2024-10-11 21:35:23.789999962+02:00
1728675338.1899998,4455,2962246200000.0,2024-10-11 19:35:38.189999819+00:00,2024-10-11 21:35:38.189999819+02:00
1728675352.59,4455,2970207200000.0,2024-10-11 19:35:52.589999914+00:00,2024-10-11 21:35:52.589999914+02:00
1728675366.99,4455,2965011600000.0,2024-10-11 19:36:06.990000010+00:00,2024-10-11 21:36:06.990000010+02:00
1728675381.3899999,4455,2964425000000.0,2024-10-11 19:36:21.389999866+00:00,2024-10-11 21:36:21.389999866+02:00
1728675395.79,4455,2994676800000.0,2024-10-11 19:36:35.789999962+00:00,2024-10-11 21:36:35.789999962+02:00
1728675410.1899998,4455,2967609400000.0,2024-10-11 19:36:50.189999819+00:00,2024-10-11 21:36:50.189999819+02:00
1728675424.59,4455,3014118400000.0,2024-10-11 19:37:04.589999914+00:00,2024-10-11 21:37:04.589999914+02:00
1728675438.99,4455,2895541400000.0,2024-10-11 19:37:18.990000010+00:00,2024-10-11 21:37:18.990000010+02:00
1728675453.3899999,4455,2928223400000.0,2024-10-11 19:37:33.389999866+00:00,2024-10-11 21:37:33.389999866+02:00
1728675467.79,4455,2993671200000.0,2024-10-11 19:37:47.789999962+00:00,2024-10-11 21:37:47.789999962+02:00
1728675482.1899998,4455,2965514400000.0,2024-10-11 19:38:02.189999819+00:00,2024-10-11 21:38:02.189999819+02:00
1728675496.59,4455,2931994400000.0,2024-10-11 19:38:16.589999914+00:00,2024-10-11 21:38:16.589999914+02:00
1728675510.99,4455,3221439600000.0,2024-10-11 19:38:30.990000010+00:00,2024-10-11 21:38:30.990000010+02:00
1728675525.3899999,4455,2984956000000.0,2024-10-11 19:38:45.389999866+00:00,2024-10-11 21:38:45.389999866+02:00
1728675539.79,4455,2970374800000.0,2024-10-11 19:38:59.789999962+00:00,2024-10-11 21:38:59.789999962+02:00
1728675554.1899998,4455,3011855800000.0,2024-10-11 19:39:14.189999819+00:00,2024-10-11 21:39:14.189999819+02:00
1728675568.59,4455,2956296400000.0,2024-10-11 19:39:28.589999914+00:00,2024-10-11 21:39:28.589999914+02:00
1728675582.99,4455,2993922600000.0,2024-10-11 19:39:42.990000010+00:00,2024-10-11 21:39:42.990000010+02:00
1728675597.3899999,4455,3032973400000.0,2024-10-11 19:39:57.389999866+00:00,2024-10-11 21:39:57.389999866+02:00
1728675611.79,4455,2979928000000.0,2024-10-11 19:40:11.789999962+00:00,2024-10-11 21:40:11.789999962+02:00
1728675626.1899998,4455,3042526600000.0,2024-10-11 19:40:26.189999819+00:00,2024-10-11 21:40:26.189999819+02:00
1728675640.59,4455,2975654200000.0,2024-10-11 19:40:40.589999914+00:00,2024-10-11 21:40:40.589999914+02:00
1728675654.99,4455,2928810000000.0,2024-10-11 19:40:54.990000010+00:00,2024-10-11 21:40:54.990000010+02:00
1728675669.3899999,4455,2979425200000.0,2024-10-11 19:41:09.389999866+00:00,2024-10-11 21:41:09.389999866+02:00
1728675683.79,4455,2988475600000.0,2024-10-11 19:41:23.789999962+00:00,2024-10-11 21:41:23.789999962+02:00
1728675698.1899998,4455,3023252600000.0,2024-10-11 19:41:38.189999819+00:00,2024-10-11 21:41:38.189999819+02:00
1728675712.59,4455,3117946600000.0,2024-10-11 19:41:52.589999914+00:00,2024-10-11 21:41:52.589999914+02:00
1728675726.99,4455,3049063000000.0,2024-10-11 19:42:06.990000010+00:00,2024-10-11 21:42:06.990000010+02:00
1728675741.3899999,4455,3066828600000.0,2024-10-11 19:42:21.389999866+00:00,2024-10-11 21:42:21.389999866+02:00
1728675755.79,4455,2991073400000.0,2024-10-11 19:42:35.789999962+00:00,2024-10-11 21:42:35.789999962+02:00
1728675770.1899998,4455,3020152000000.0,2024-10-11 19:42:50.189999819+00:00,2024-10-11 21:42:50.189999819+02:00
1728675784.59,4455,3028196800000.0,2024-10-11 19:43:04.589999914+00:00,2024-10-11 21:43:04.589999914+02:00
1728675798.99,4455,2985123600000.0,2024-10-11 19:43:18.990000010+00:00,2024-10-11 21:43:18.990000010+02:00
1728675813.3899999,4455,2956128800000.0,2024-10-11 19:43:33.389999866+00:00,2024-10-11 21:43:33.389999866+02:00
1728675827.79,4455,2981436400000.0,2024-10-11 19:43:47.789999962+00:00,2024-10-11 21:43:47.789999962+02:00
1728675842.1899998,4455,2999788600000.0,2024-10-11 19:44:02.189999819+00:00,2024-10-11 21:44:02.189999819+02:00
1728675856.59,4455,2977581600000.0,2024-10-11 19:44:16.589999914+00:00,2024-10-11 21:44:16.589999914+02:00
1728675870.99,4455,3031967800000.0,2024-10-11 19:44:30.990000010+00:00,2024-10-11 21:44:30.990000010+02:00
1728675885.3899999,4455,2963670800000.0,2024-10-11 19:44:45.389999866+00:00,2024-10-11 21:44:45.389999866+02:00
1728675899.79,4455,2991576200000.0,2024-10-11 19:44:59.789999962+00:00,2024-10-11 21:44:59.789999962+02:00
1728675914.1899998,4455,2995347200000.0,2024-10-11 19:45:14.189999819+00:00,2024-10-11 21:45:14.189999819+02:00
1728675928.59,4455,2989732600000.0,2024-10-11 19:45:28.589999914+00:00,2024-10-11 21:45:28.589999914+02:00
1728675942.99,4455,2983447600000.0,2024-10-11 19:45:42.990000010+00:00,2024-10-11 21:45:42.990000010+02:00
1728675957.3899999,4455,2970374800000.0,2024-10-11 19:45:57.389999866+00:00,2024-10-11 21:45:57.389999866+02:00
1728675971.79,4455,2964341200000.0,2024-10-11 19:46:11.789999962+00:00,2024-10-11 21:46:11.789999962+02:00
1728675986.1899998,4455,2966101000000.0,2024-10-11 19:46:26.189999819+00:00,2024-10-11 21:46:26.189999819+02:00
1728676000.59,4455,3005989800000.0,2024-10-11 19:46:40.589999914+00:00,2024-10-11 21:46:40.589999914+02:00
1728676014.99,4455,3007749600000.0,2024-10-11 19:46:54.990000010+00:00,2024-10-11 21:46:54.990000010+02:00
1728676029.3899999,4455,3018476000000.0,2024-10-11 19:47:09.389999866+00:00,2024-10-11 21:47:09.389999866+02:00
1728676043.79,4455,2979257600000.0,2024-10-11 19:47:23.789999962+00:00,2024-10-11 21:47:23.789999962+02:00
1728676058.1899998,4455,3004900400000.0,2024-10-11 19:47:38.189999819+00:00,2024-10-11 21:47:38.189999819+02:00
1728676072.59,4455,2998699200000.0,2024-10-11 19:47:52.589999914+00:00,2024-10-11 21:47:52.589999914+02:00
1728676086.99,4455,2965933400000.0,2024-10-11 19:48:06.990000010+00:00,2024-10-11 21:48:06.990000010+02:00
1728676101.3899999,4455,3005319400000.0,2024-10-11 19:48:21.389999866+00:00,2024-10-11 21:48:21.389999866+02:00
1728676115.79,4455,2948419200000.0,2024-10-11 19:48:35.789999962+00:00,2024-10-11 21:48:35.789999962+02:00
1728676130.1899998,4455,3014453600000.0,2024-10-11 19:48:50.189999819+00:00,2024-10-11 21:48:50.189999819+02:00
1728676144.59,4455,2955709800000.0,2024-10-11 19:49:04.589999914+00:00,2024-10-11 21:49:04.589999914+02:00
1728676158.99,4455,2978252000000.0,2024-10-11 19:49:18.990000010+00:00,2024-10-11 21:49:18.990000010+02:00
1728676173.3899999,4455,2945653800000.0,2024-10-11 19:49:33.389999866+00:00,2024-10-11 21:49:33.389999866+02:00
1728676187.79,4455,2936352000000.0,2024-10-11 19:49:47.789999962+00:00,2024-10-11 21:49:47.789999962+02:00
1728676202.1899998,4455,3009090400000.0,2024-10-11 19:50:02.189999819+00:00,2024-10-11 21:50:02.189999819+02:00
1728676216.59,4455,2968279800000.0,2024-10-11 19:50:16.589999914+00:00,2024-10-11 21:50:16.589999914+02:00
1728676230.99,4455,2951855000000.0,2024-10-11 19:50:30.990000010+00:00,2024-10-11 21:50:30.990000010+02:00
1728676245.3899999,4455,2988643200000.0,2024-10-11 19:50:45.389999866+00:00,2024-10-11 21:50:45.389999866+02:00
1728676259.79,4455,3058029600000.0,2024-10-11 19:50:59.789999962+00:00,2024-10-11 21:50:59.789999962+02:00
1728676274.1899998,4455,2924871400000.0,2024-10-11 19:51:14.189999819+00:00,2024-10-11 21:51:14.189999819+02:00
1728676288.59,4455,2956715400000.0,2024-10-11 19:51:28.589999914+00:00,2024-10-11 21:51:28.589999914+02:00
1728676302.99,4455,2930569800000.0,2024-10-11 19:51:42.990000010+00:00,2024-10-11 21:51:42.990000010+02:00
1728676317.3899999,4455,2977078800000.0,2024-10-11 19:51:57.389999866+00:00,2024-10-11 21:51:57.389999866+02:00
1728676331.79,4455,2963922200000.0,2024-10-11 19:52:11.789999962+00:00,2024-10-11 21:52:11.789999962+02:00
1728676346.1899998,4455,2975821800000.0,2024-10-11 19:52:26.189999819+00:00,2024-10-11 21:52:26.189999819+02:00
1728676360.59,4455,2851127400000.0,2024-10-11 19:52:40.589999914+00:00,2024-10-11 21:52:40.589999914+02:00
1728676374.99,4455,2870904200000.0,2024-10-11 19:52:54.990000010+00:00,2024-10-11 21:52:54.990000010+02:00
1728676389.3899999,4455,2904675600000.0,2024-10-11 19:53:09.389999866+00:00,2024-10-11 21:53:09.389999866+02:00
1728676403.79,4455,2891602800000.0,2024-10-11 19:53:23.789999962+00:00,2024-10-11 21:53:23.789999962+02:00
1728676418.1899998,4455,2910876800000.0,2024-10-11 19:53:38.189999819+00:00,2024-10-11 21:53:38.189999819+02:00
1728676432.59,4455,2893278800000.0,2024-10-11 19:53:52.589999914+00:00,2024-10-11 21:53:52.589999914+02:00
1728676446.99,4455,2888250800000.0,2024-10-11 19:54:06.990000010+00:00,2024-10-11 21:54:06.990000010+02:00
1728676461.3899999,4455,2885234000000.0,2024-10-11 19:54:21.389999866+00:00,2024-10-11 21:54:21.389999866+02:00
1728676475.79,4455,2897887800000.0,2024-10-11 19:54:35.789999962+00:00,2024-10-11 21:54:35.789999962+02:00
1728676490.1899998,4455,2918754000000.0,2024-10-11 19:54:50.189999819+00:00,2024-10-11 21:54:50.189999819+02:00
1728676504.59,4455,2906100200000.0,2024-10-11 19:55:04.589999914+00:00,2024-10-11 21:55:04.589999914+02:00
1728676518.99,4455,2883306600000.0,2024-10-11 19:55:18.990000010+00:00,2024-10-11 21:55:18.990000010+02:00
1728676533.3899999,4455,2868641600000.0,2024-10-11 19:55:33.389999866+00:00,2024-10-11 21:55:33.389999866+02:00
1728676547.79,4455,2847607800000.0,2024-10-11 19:55:47.789999962+00:00,2024-10-11 21:55:47.789999962+02:00
1728676562.1899998,4455,2963670800000.0,2024-10-11 19:56:02.189999819+00:00,2024-10-11 21:56:02.189999819+02:00
1728676576.59,4455,2987889000000.0,2024-10-11 19:56:16.589999914+00:00,2024-10-11 21:56:16.589999914+02:00
1728676590.99,4455,2911128200000.0,2024-10-11 19:56:30.990000010+00:00,2024-10-11 21:56:30.990000010+02:00
1728676605.3899999,4455,2912301400000.0,2024-10-11 19:56:45.389999866+00:00,2024-10-11 21:56:45.389999866+02:00
1728676619.79,4455,2937106200000.0,2024-10-11 19:56:59.789999962+00:00,2024-10-11 21:56:59.789999962+02:00
1728676634.1899998,4455,2910374000000.0,2024-10-11 19:57:14.189999819+00:00,2024-10-11 21:57:14.189999819+02:00
1728676648.59,4455,2895876600000.0,2024-10-11 19:57:28.589999914+00:00,2024-10-11 21:57:28.589999914+02:00
1728676662.99,4455,2896379400000.0,2024-10-11 19:57:42.990000010+00:00,2024-10-11 21:57:42.990000010+02:00
1728676677.3899999,4455,2903837600000.0,2024-10-11 19:57:57.389999866+00:00,2024-10-11 21:57:57.389999866+02:00
1728676691.79,4455,2936771000000.0,2024-10-11 19:58:11.789999962+00:00,2024-10-11 21:58:11.789999962+02:00
1728676706.1899998,4455,2942553200000.0,2024-10-11 19:58:26.189999819+00:00,2024-10-11 21:58:26.189999819+02:00
1728676720.59,4455,2908530400000.0,2024-10-11 19:58:40.589999914+00:00,2024-10-11 21:58:40.589999914+02:00
1728676734.99,4455,2910709200000.0,2024-10-11 19:58:54.990000010+00:00,2024-10-11 21:58:54.990000010+02:00
1728676749.3899999,4455,2924368600000.0,2024-10-11 19:59:09.389999866+00:00,2024-10-11 21:59:09.389999866+02:00
1728676763.79,4455,2909787400000.0,2024-10-11 19:59:23.789999962+00:00,2024-10-11 21:59:23.789999962+02:00
1728676778.1899998,4455,2925793200000.0,2024-10-11 19:59:38.189999819+00:00,2024-10-11 21:59:38.189999819+02:00
1728676792.59,4455,2905681200000.0,2024-10-11 19:59:52.589999914+00:00,2024-10-11 21:59:52.589999914+02:00
1728676806.99,4455,2854730800000.0,2024-10-11 20:00:06.990000010+00:00,2024-10-11 22:00:06.990000010+02:00
1728676821.3899999,4455,2878781400000.0,2024-10-11 20:00:21.389999866+00:00,2024-10-11 22:00:21.389999866+02:00
1728676835.79,4455,2916323800000.0,2024-10-11 20:00:35.789999962+00:00,2024-10-11 22:00:35.789999962+02:00
1728676850.1899998,4455,2883390400000.0,2024-10-11 20:00:50.189999819+00:00,2024-10-11 22:00:50.189999819+02:00
1728676864.59,4455,2930988800000.0,2024-10-11 20:01:04.589999914+00:00,2024-10-11 22:01:04.589999914+02:00
1728676878.99,4455,2912469000000.0,2024-10-11 20:01:18.990000010+00:00,2024-10-11 22:01:18.990000010+02:00
1728676893.3899999,4455,2928223400000.0,2024-10-11 20:01:33.389999866+00:00,2024-10-11 22:01:33.389999866+02:00
1728676907.79,4455,2926882600000.0,2024-10-11 20:01:47.789999962+00:00,2024-10-11 22:01:47.789999962+02:00
1728676922.1899998,4455,2938698400000.0,2024-10-11 20:02:02.189999819+00:00,2024-10-11 22:02:02.189999819+02:00
1728676936.59,4455,2982190600000.0,2024-10-11 20:02:16.589999914+00:00,2024-10-11 22:02:16.589999914+02:00
1728676950.99,4455,2934005600000.0,2024-10-11 20:02:30.990000010+00:00,2024-10-11 22:02:30.990000010+02:00
1728676965.3899999,4455,2252795400000.0,2024-10-11 20:02:45.389999866+00:00,2024-10-11 22:02:45.389999866+02:00
1728676979.79,4455,2919089200000.0,2024-10-11 20:02:59.789999962+00:00,2024-10-11 22:02:59.789999962+02:00
1728676994.1899998,4455,2656711400000.0,2024-10-11 20:03:14.189999819+00:00,2024-10-11 22:03:14.189999819+02:00
1728677008.59,4455,2911128200000.0,2024-10-11 20:03:28.589999914+00:00,2024-10-11 22:03:28.589999914+02:00
1728677022.99,4455,2885820600000.0,2024-10-11 20:03:42.990000010+00:00,2024-10-11 22:03:42.990000010+02:00
1728677037.3899999,4455,2914899200000.0,2024-10-11 20:03:57.389999866+00:00,2024-10-11 22:03:57.389999866+02:00
1728677051.79,4455,2890178200000.0,2024-10-11 20:04:11.789999962+00:00,2024-10-11 22:04:11.789999962+02:00
1728677066.1899998,4455,2943977800000.0,2024-10-11 20:04:26.189999819+00:00,2024-10-11 22:04:26.189999819+02:00
1728677080.59,4455,3108896200000.0,2024-10-11 20:04:40.589999914+00:00,2024-10-11 22:04:40.589999914+02:00
1728677094.99,4455,2851127400000.0,2024-10-11 20:04:54.990000010+00:00,2024-10-11 22:04:54.990000010+02:00
1728677109.3899999,4455,3106047000000.0,2024-10-11 20:05:09.389999866+00:00,2024-10-11 22:05:09.389999866+02:00
1728677123.79,4455,2952693000000.0,2024-10-11 20:05:23.789999962+00:00,2024-10-11 22:05:23.789999962+02:00
1728677138.1899998,4455,2884982600000.0,2024-10-11 20:05:38.189999819+00:00,2024-10-11 22:05:38.189999819+02:00
1728677152.59,4455,2983782800000.0,2024-10-11 20:05:52.589999914+00:00,2024-10-11 22:05:52.589999914+02:00
1728677166.99,4455,2929564200000.0,2024-10-11 20:06:06.990000010+00:00,2024-10-11 22:06:06.990000010+02:00
1728677181.3899999,4455,2900150400000.0,2024-10-11 20:06:21.389999866+00:00,2024-10-11 22:06:21.389999866+02:00
1728677195.79,4455,2963754600000.0,2024-10-11 20:06:35.789999962+00:00,2024-10-11 22:06:35.789999962+02:00
1728677210.1899998,4455,3015794400000.0,2024-10-11 20:06:50.189999819+00:00,2024-10-11 22:06:50.189999819+02:00
1728677224.59,4455,2911714800000.0,2024-10-11 20:07:04.589999914+00:00,2024-10-11 22:07:04.589999914+02:00
1728677238.99,4455,2956715400000.0,2024-10-11 20:07:18.990000010+00:00,2024-10-11 22:07:18.990000010+02:00
1728677253.3899999,4455,2974397200000.0,2024-10-11 20:07:33.389999866+00:00,2024-10-11 22:07:33.389999866+02:00
1728677267.79,4455,2922860200000.0,2024-10-11 20:07:47.789999962+00:00,2024-10-11 22:07:47.789999962+02:00
1728677282.1899998,4455,2970207200000.0,2024-10-11 20:08:02.189999819+00:00,2024-10-11 22:08:02.189999819+02:00
1728677296.59,4455,2973224000000.0,2024-10-11 20:08:16.589999914+00:00,2024-10-11 22:08:16.589999914+02:00
1728677310.99,4455,2952860600000.0,2024-10-11 20:08:30.990000010+00:00,2024-10-11 22:08:30.990000010+02:00
1728677325.3899999,4455,2936184400000.0,2024-10-11 20:08:45.389999866+00:00,2024-10-11 22:08:45.389999866+02:00
1728677339.79,4455,2982442000000.0,2024-10-11 20:08:59.789999962+00:00,2024-10-11 22:08:59.789999962+02:00
1728677354.1899998,4455,2913726000000.0,2024-10-11 20:09:14.189999819+00:00,2024-10-11 22:09:14.189999819+02:00
1728677368.59,4455,2990319200000.0,2024-10-11 20:09:28.589999914+00:00,2024-10-11 22:09:28.589999914+02:00
1728677382.99,4455,3006241200000.0,2024-10-11 20:09:42.990000010+00:00,2024-10-11 22:09:42.990000010+02:00
1728677397.3899999,4455,2893865400000.0,2024-10-11 20:09:57.389999866+00:00,2024-10-11 22:09:57.389999866+02:00
1728677411.79,4455,3029621400000.0,2024-10-11 20:10:11.789999962+00:00,2024-10-11 22:10:11.789999962+02:00
1728677426.1899998,4455,2978000600000.0,2024-10-11 20:10:26.189999819+00:00,2024-10-11 22:10:26.189999819+02:00
1728677440.59,4455,1754520600000.0,2024-10-11 20:10:40.589999914+00:00,2024-10-11 22:10:40.589999914+02:00
1728677454.99,4455,3012023400000.0,2024-10-11 20:10:54.990000010+00:00,2024-10-11 22:10:54.990000010+02:00
1728677469.3899999,4455,2978000600000.0,2024-10-11 20:11:09.389999866+00:00,2024-10-11 22:11:09.389999866+02:00
1728677483.79,4455,2937106200000.0,2024-10-11 20:11:23.789999962+00:00,2024-10-11 22:11:23.789999962+02:00
1728677498.1899998,4455,2927720600000.0,2024-10-11 20:11:38.189999819+00:00,2024-10-11 22:11:38.189999819+02:00
1728677512.59,4455,2987218600000.0,2024-10-11 20:11:52.589999914+00:00,2024-10-11 22:11:52.589999914+02:00
1728677526.99,4455,2983699000000.0,2024-10-11 20:12:06.990000010+00:00,2024-10-11 22:12:06.990000010+02:00
1728677541.3899999,4455,2996855600000.0,2024-10-11 20:12:21.389999866+00:00,2024-10-11 22:12:21.389999866+02:00
1728677555.79,4455,3001464600000.0,2024-10-11 20:12:35.789999962+00:00,2024-10-11 22:12:35.789999962+02:00
1728677570.1899998,4455,2954871800000.0,2024-10-11 20:12:50.189999819+00:00,2024-10-11 22:12:50.189999819+02:00
1728677584.59,4455,3042610400000.0,2024-10-11 20:13:04.589999914+00:00,2024-10-11 22:13:04.589999914+02:00
1728677598.99,4455,2968447400000.0,2024-10-11 20:13:18.990000010+00:00,2024-10-11 22:13:18.990000010+02:00
1728677613.3899999,4455,3061214000000.0,2024-10-11 20:13:33.389999866+00:00,2024-10-11 22:13:33.389999866+02:00
1728677627.79,4455,2980682200000.0,2024-10-11 20:13:47.789999962+00:00,2024-10-11 22:13:47.789999962+02:00
1728677642.1899998,4455,2967441800000.0,2024-10-11 20:14:02.189999819+00:00,2024-10-11 22:14:02.189999819+02:00
1728677656.59,4455,2942804600000.0,2024-10-11 20:14:16.589999914+00:00,2024-10-11 22:14:16.589999914+02:00
1728677670.99,4455,3011101600000.0,2024-10-11 20:14:30.990000010+00:00,2024-10-11 22:14:30.990000010+02:00
1728677685.3899999,4455,3044956800000.0,2024-10-11 20:14:45.389999866+00:00,2024-10-11 22:14:45.389999866+02:00
1728677699.79,4455,2930318400000.0,2024-10-11 20:14:59.789999962+00:00,2024-10-11 22:14:59.789999962+02:00
1728677714.1899998,4455,3054845200000.0,2024-10-11 20:15:14.189999819+00:00,2024-10-11 22:15:14.189999819+02:00
1728677728.59,4455,3032386800000.0,2024-10-11 20:15:28.589999914+00:00,2024-10-11 22:15:28.589999914+02:00
1728677742.99,4455,2894452000000.0,2024-10-11 20:15:42.990000010+00:00,2024-10-11 22:15:42.990000010+02:00
1728677757.3899999,4455,3006744000000.0,2024-10-11 20:15:57.389999866+00:00,2024-10-11 22:15:57.389999866+02:00
1728677771.79,4455,2953866200000.0,2024-10-11 20:16:11.789999962+00:00,2024-10-11 22:16:11.789999962+02:00
1728677786.1899998,4455,2957972400000.0,2024-10-11 20:16:26.189999819+00:00,2024-10-11 22:16:26.189999819+02:00
1728677800.59,4455,2991157200000.0,2024-10-11 20:16:40.589999914+00:00,2024-10-11 22:16:40.589999914+02:00
1728677814.99,4455,3024844800000.0,2024-10-11 20:16:54.990000010+00:00,2024-10-11 22:16:54.990000010+02:00
1728677829.3899999,4455,2969285400000.0,2024-10-11 20:17:09.389999866+00:00,2024-10-11 22:17:09.389999866+02:00
1728677843.79,4455,3012610000000.0,2024-10-11 20:17:23.789999962+00:00,2024-10-11 22:17:23.789999962+02:00
1728677858.1899998,4455,3024090600000.0,2024-10-11 20:17:38.189999819+00:00,2024-10-11 22:17:38.189999819+02:00
1728677872.59,4455,3010431200000.0,2024-10-11 20:17:52.589999914+00:00,2024-10-11 22:17:52.589999914+02:00
1728677886.99,4455,2993168400000.0,2024-10-11 20:18:06.990000010+00:00,2024-10-11 22:18:06.990000010+02:00
1728677901.3899999,4455,3002051200000.0,2024-10-11 20:18:21.389999866+00:00,2024-10-11 22:18:21.389999866+02:00
1728677915.79,4455,2928391000000.0,2024-10-11 20:18:35.789999962+00:00,2024-10-11 22:18:35.789999962+02:00
1728677930.1899998,4455,2979173800000.0,2024-10-11 20:18:50.189999819+00:00,2024-10-11 22:18:50.189999819+02:00
1728677944.59,4455,3085851200000.0,2024-10-11 20:19:04.589999914+00:00,2024-10-11 22:19:04.589999914+02:00
1728677958.99,4455,2980263200000.0,2024-10-11 20:19:18.990000010+00:00,2024-10-11 22:19:18.990000010+02:00
1728677973.3899999,4455,2993000800000.0,2024-10-11 20:19:33.389999866+00:00,2024-10-11 22:19:33.389999866+02:00
1728677987.79,4455,2993168400000.0,2024-10-11 20:19:47.789999962+00:00,2024-10-11 22:19:47.789999962+02:00
1728678002.1899998,4455,2946575600000.0,2024-10-11 20:20:02.189999819+00:00,2024-10-11 22:20:02.189999819+02:00
1728678016.59,4455,3032638200000.0,2024-10-11 20:20:16.589999914+00:00,2024-10-11 22:20:16.589999914+02:00
1728678030.99,4455,3011604400000.0,2024-10-11 20:20:30.990000010+00:00,2024-10-11 22:20:30.990000010+02:00
1728678045.3899999,4455,2997442200000.0,2024-10-11 20:20:45.389999866+00:00,2024-10-11 22:20:45.389999866+02:00
1728678059.79,4455,2897636400000.0,2024-10-11 20:20:59.789999962+00:00,2024-10-11 22:20:59.789999962+02:00
1728678074.1899998,4455,2991911400000.0,2024-10-11 20:21:14.189999819+00:00,2024-10-11 22:21:14.189999819+02:00
1728678088.59,4455,2981268800000.0,2024-10-11 20:21:28.589999914+00:00,2024-10-11 22:21:28.589999914+02:00
1728678102.99,4455,3071605200000.0,2024-10-11 20:21:42.990000010+00:00,2024-10-11 22:21:42.990000010+02:00
1728678138.99,4455,2884312200000.0,2024-10-11 20:22:18.990000010+00:00,2024-10-11 22:22:18.990000010+02:00
1728678174.99,4455,3226132400000.0,2024-10-11 20:22:54.990000010+00:00,2024-10-11 22:22:54.990000010+02:00
1728678210.99,4455,3109231400000.0,2024-10-11 20:23:30.990000010+00:00,2024-10-11 22:23:30.990000010+02:00
1728678246.99,4455,3014034600000.0,2024-10-11 20:24:06.990000010+00:00,2024-10-11 22:24:06.990000010+02:00
1728678282.99,4455,2963587000000.0,2024-10-11 20:24:42.990000010+00:00,2024-10-11 22:24:42.990000010+02:00
1728678318.99,4455,3102862600000.0,2024-10-11 20:25:18.990000010+00:00,2024-10-11 22:25:18.990000010+02:00
1728678354.99,4455,3091382000000.0,2024-10-11 20:25:54.990000010+00:00,2024-10-11 22:25:54.990000010+02:00
1728678390.99,4455,3173757400000.0,2024-10-11 20:26:30.990000010+00:00,2024-10-11 22:26:30.990000010+02:00
1728678426.99,4455,3074957200000.0,2024-10-11 20:27:06.990000010+00:00,2024-10-11 22:27:06.990000010+02:00
1728678462.99,4455,3108644800000.0,2024-10-11 20:27:42.990000010+00:00,2024-10-11 22:27:42.990000010+02:00
1728678498.99,4455,3053169200000.0,2024-10-11 20:28:18.990000010+00:00,2024-10-11 22:28:18.990000010+02:00
1728678534.99,4455,3075041000000.0,2024-10-11 20:28:54.990000010+00:00,2024-10-11 22:28:54.990000010+02:00
1728678570.99,4455,3093225600000.0,2024-10-11 20:29:30.990000010+00:00,2024-10-11 22:29:30.990000010+02:00
1728678606.99,4455,3030878400000.0,2024-10-11 20:30:06.990000010+00:00,2024-10-11 22:30:06.990000010+02:00
1728678642.99,4455,3052750200000.0,2024-10-11 20:30:42.990000010+00:00,2024-10-11 22:30:42.990000010+02:00
1728678678.99,4455,3043867400000.0,2024-10-11 20:31:18.990000010+00:00,2024-10-11 22:31:18.990000010+02:00
1728678714.99,4455,3092471400000.0,2024-10-11 20:31:54.990000010+00:00,2024-10-11 22:31:54.990000010+02:00
1728678750.99,4455,3104371000000.0,2024-10-11 20:32:30.990000010+00:00,2024-10-11 22:32:30.990000010+02:00
1728678786.99,4455,3068839800000.0,2024-10-11 20:33:06.990000010+00:00,2024-10-11 22:33:06.990000010+02:00
1728678822.99,4455,3059119000000.0,2024-10-11 20:33:42.990000010+00:00,2024-10-11 22:33:42.990000010+02:00
1728678858.99,4455,3066409600000.0,2024-10-11 20:34:18.990000010+00:00,2024-10-11 22:34:18.990000010+02:00
1728678894.99,4455,3030878400000.0,2024-10-11 20:34:54.990000010+00:00,2024-10-11 22:34:54.990000010+02:00
1728678930.99,4455,3054091000000.0,2024-10-11 20:35:30.990000010+00:00,2024-10-11 22:35:30.990000010+02:00
1728678966.99,4455,3093477000000.0,2024-10-11 20:36:06.990000010+00:00,2024-10-11 22:36:06.990000010+02:00
1728679002.99,4455,3064901200000.0,2024-10-11 20:36:42.990000010+00:00,2024-10-11 22:36:42.990000010+02:00
1728679038.99,4455,3038420400000.0,2024-10-11 20:37:18.990000010+00:00,2024-10-11 22:37:18.990000010+02:00
1728679074.99,4455,3166383000000.0,2024-10-11 20:37:54.990000010+00:00,2024-10-11 22:37:54.990000010+02:00
1728679108.59,4455,2999285800000.0,2024-10-11 20:38:28.589999914+00:00,2024-10-11 22:38:28.589999914+02:00
1728679142.1899998,4455,2991324800000.0,2024-10-11 20:39:02.189999819+00:00,2024-10-11 22:39:02.189999819+02:00
1728679175.79,4455,2976743600000.0,2024-10-11 20:39:35.789999962+00:00,2024-10-11 22:39:35.789999962+02:00
1728679209.3899999,4455,3000040000000.0,2024-10-11 20:40:09.389999866+00:00,2024-10-11 22:40:09.389999866+02:00
1728679242.99,4455,2997945000000.0,2024-10-11 20:40:42.990000010+00:00,2024-10-11 22:40:42.990000010+02:00
1728679276.59,4455,3007749600000.0,2024-10-11 20:41:16.589999914+00:00,2024-10-11 22:41:16.589999914+02:00
1728679310.1899998,4455,2985794000000.0,2024-10-11 20:41:50.189999819+00:00,2024-10-11 22:41:50.189999819+02:00
1728679343.79,4455,3024761000000.0,2024-10-11 20:42:23.789999962+00:00,2024-10-11 22:42:23.789999962+02:00
1728679377.3899999,4455,2989229800000.0,2024-10-11 20:42:57.389999866+00:00,2024-10-11 22:42:57.389999866+02:00
1728679410.99,4455,2999704800000.0,2024-10-11 20:43:30.990000010+00:00,2024-10-11 22:43:30.990000010+02:00
1728679444.59,4455,3042610400000.0,2024-10-11 20:44:04.589999914+00:00,2024-10-11 22:44:04.589999914+02:00
1728679478.1899998,4455,3028615800000.0,2024-10-11 20:44:38.189999819+00:00,2024-10-11 22:44:38.189999819+02:00
1728679511.79,4455,3035571200000.0,2024-10-11 20:45:11.789999962+00:00,2024-10-11 22:45:11.789999962+02:00
1728679545.3899999,4455,2978419600000.0,2024-10-11 20:45:45.389999866+00:00,2024-10-11 22:45:45.389999866+02:00
1728679578.99,4455,2988810800000.0,2024-10-11 20:46:18.990000010+00:00,2024-10-11 22:46:18.990000010+02:00
1728679612.59,4455,2959564600000.0,2024-10-11 20:46:52.589999914+00:00,2024-10-11 22:46:52.589999914+02:00
1728679646.1899998,4455,3059957000000.0,2024-10-11 20:47:26.189999819+00:00,2024-10-11 22:47:26.189999819+02:00
1728679679.79,4455,3002470200000.0,2024-10-11 20:47:59.789999962+00:00,2024-10-11 22:47:59.789999962+02:00
1728679713.3899999,4455,2952944400000.0,2024-10-11 20:48:33.389999866+00:00,2024-10-11 22:48:33.389999866+02:00
1728679746.99,4455,3005822200000.0,2024-10-11 20:49:06.990000010+00:00,2024-10-11 22:49:06.990000010+02:00
1728679780.59,4455,2998280200000.0,2024-10-11 20:49:40.589999914+00:00,2024-10-11 22:49:40.589999914+02:00
1728679814.1899998,4455,2983950400000.0,2024-10-11 20:50:14.189999819+00:00,2024-10-11 22:50:14.189999819+02:00
1728679847.79,4455,2927385400000.0,2024-10-11 20:50:47.789999962+00:00,2024-10-11 22:50:47.789999962+02:00
1728679881.3899999,4455,3042107600000.0,2024-10-11 20:51:21.389999866+00:00,2024-10-11 22:51:21.389999866+02:00
1728679914.99,4455,3006827800000.0,2024-10-11 20:51:54.990000010+00:00,2024-10-11 22:51:54.990000010+02:00
1728679948.59,4455,3026856000000.0,2024-10-11 20:52:28.589999914+00:00,2024-10-11 22:52:28.589999914+02:00
1728679982.1899998,4455,2972218400000.0,2024-10-11 20:53:02.189999819+00:00,2024-10-11 22:53:02.189999819+02:00
1728680015.79,4455,2942553200000.0,2024-10-11 20:53:35.789999962+00:00,2024-10-11 22:53:35.789999962+02:00
1728680049.3899999,4455,2970374800000.0,2024-10-11 20:54:09.389999866+00:00,2024-10-11 22:54:09.389999866+02:00
1728680082.99,4455,3153310200000.0,2024-10-11 20:54:42.990000010+00:00,2024-10-11 22:54:42.990000010+02:00
1728680116.59,4455,2897720200000.0,2024-10-11 20:55:16.589999914+00:00,2024-10-11 22:55:16.589999914+02:00
1728680150.1899998,4455,3011688200000.0,2024-10-11 20:55:50.189999819+00:00,2024-10-11 22:55:50.189999819+02:00
1728680183.79,4455,2930486000000.0,2024-10-11 20:56:23.789999962+00:00,2024-10-11 22:56:23.789999962+02:00
1728680217.3899999,4455,3003643400000.0,2024-10-11 20:56:57.389999866+00:00,2024-10-11 22:56:57.389999866+02:00
1728680250.99,4455,2983280000000.0,2024-10-11 20:57:30.990000010+00:00,2024-10-11 22:57:30.990000010+02:00
1728680284.59,4455,2995514800000.0,2024-10-11 20:58:04.589999914+00:00,2024-10-11 22:58:04.589999914+02:00
1728680318.1899998,4455,3028699600000.0,2024-10-11 20:58:38.189999819+00:00,2024-10-11 22:58:38.189999819+02:00
1728680351.79,4455,2965263000000.0,2024-10-11 20:59:11.789999962+00:00,2024-10-11 22:59:11.789999962+02:00
1728680385.3899999,4455,2994509200000.0,2024-10-11 20:59:45.389999866+00:00,2024-10-11 22:59:45.389999866+02:00
