LOG_TIMESTAMP,XTIM.SX.WE-CT:Acquisition:acqC,SPS.T2:INTENSITY,UTC_DATE,CEST_DATE
1729184645.79,4455,0.0,2024-10-17 17:04:05.789999962+00:00,2024-10-17 19:04:05.789999962+02:00
1729184660.1899998,4455,0.0,2024-10-17 17:04:20.189999819+00:00,2024-10-17 19:04:20.189999819+02:00
1729184674.59,4455,1173200000.0,2024-10-17 17:04:34.589999914+00:00,2024-10-17 19:04:34.589999914+02:00
1729184688.99,4455,0.0,2024-10-17 17:04:48.990000010+00:00,2024-10-17 19:04:48.990000010+02:00
1729184703.3899999,4455,0.0,2024-10-17 17:05:03.389999866+00:00,2024-10-17 19:05:03.389999866+02:00
1729184717.79,4455,0.0,2024-10-17 17:05:17.789999962+00:00,2024-10-17 19:05:17.789999962+02:00
1729184732.1899998,4455,0.0,2024-10-17 17:05:32.189999819+00:00,2024-10-17 19:05:32.189999819+02:00
1729184746.59,4455,0.0,2024-10-17 17:05:46.589999914+00:00,2024-10-17 19:05:46.589999914+02:00
1729184760.99,4455,0.0,2024-10-17 17:06:00.990000010+00:00,2024-10-17 19:06:00.990000010+02:00
1729184775.3899999,4455,0.0,2024-10-17 17:06:15.389999866+00:00,2024-10-17 19:06:15.389999866+02:00
1729184789.79,4455,0.0,2024-10-17 17:06:29.789999962+00:00,2024-10-17 19:06:29.789999962+02:00
1729184804.1899998,4455,0.0,2024-10-17 17:06:44.189999819+00:00,2024-10-17 19:06:44.189999819+02:00
1729184818.59,4455,1340800000.0,2024-10-17 17:06:58.589999914+00:00,2024-10-17 19:06:58.589999914+02:00
1729184832.99,4455,4692800000.0,2024-10-17 17:07:12.990000010+00:00,2024-10-17 19:07:12.990000010+02:00
1729184847.3899999,4455,0.0,2024-10-17 17:07:27.389999866+00:00,2024-10-17 19:07:27.389999866+02:00
1729184861.79,4455,2681600000.0,2024-10-17 17:07:41.789999962+00:00,2024-10-17 19:07:41.789999962+02:00
1729184876.1899998,4455,0.0,2024-10-17 17:07:56.189999819+00:00,2024-10-17 19:07:56.189999819+02:00
1729184890.59,4455,0.0,2024-10-17 17:08:10.589999914+00:00,2024-10-17 19:08:10.589999914+02:00
1729184904.99,4455,3184400000.0,2024-10-17 17:08:24.990000010+00:00,2024-10-17 19:08:24.990000010+02:00
1729184919.3899999,4455,0.0,2024-10-17 17:08:39.389999866+00:00,2024-10-17 19:08:39.389999866+02:00
1729184933.79,4455,0.0,2024-10-17 17:08:53.789999962+00:00,2024-10-17 19:08:53.789999962+02:00
1729184948.1899998,4455,1508400000.0,2024-10-17 17:09:08.189999819+00:00,2024-10-17 19:09:08.189999819+02:00
1729184962.59,4455,1089400000.0,2024-10-17 17:09:22.589999914+00:00,2024-10-17 19:09:22.589999914+02:00
1729184976.99,4455,0.0,2024-10-17 17:09:36.990000010+00:00,2024-10-17 19:09:36.990000010+02:00
1729184991.3899999,4455,3771000000.0,2024-10-17 17:09:51.389999866+00:00,2024-10-17 19:09:51.389999866+02:00
1729185005.79,4455,0.0,2024-10-17 17:10:05.789999962+00:00,2024-10-17 19:10:05.789999962+02:00
1729185020.1899998,4455,2430200000.0,2024-10-17 17:10:20.189999819+00:00,2024-10-17 19:10:20.189999819+02:00
1729185034.59,4455,2765400000.0,2024-10-17 17:10:34.589999914+00:00,2024-10-17 19:10:34.589999914+02:00
1729185048.99,4455,0.0,2024-10-17 17:10:48.990000010+00:00,2024-10-17 19:10:48.990000010+02:00
1729185063.3899999,4455,0.0,2024-10-17 17:11:03.389999866+00:00,2024-10-17 19:11:03.389999866+02:00
1729185077.79,4455,0.0,2024-10-17 17:11:17.789999962+00:00,2024-10-17 19:11:17.789999962+02:00
1729185092.1899998,4455,3184400000.0,2024-10-17 17:11:32.189999819+00:00,2024-10-17 19:11:32.189999819+02:00
1729185106.59,4455,0.0,2024-10-17 17:11:46.589999914+00:00,2024-10-17 19:11:46.589999914+02:00
1729185120.99,4455,2346400000.0,2024-10-17 17:12:00.990000010+00:00,2024-10-17 19:12:00.990000010+02:00
1729185135.3899999,4455,0.0,2024-10-17 17:12:15.389999866+00:00,2024-10-17 19:12:15.389999866+02:00
1729185149.79,4455,0.0,2024-10-17 17:12:29.789999962+00:00,2024-10-17 19:12:29.789999962+02:00
1729185164.1899998,4455,0.0,2024-10-17 17:12:44.189999819+00:00,2024-10-17 19:12:44.189999819+02:00
1729185178.59,4455,2011200000.0,2024-10-17 17:12:58.589999914+00:00,2024-10-17 19:12:58.589999914+02:00
1729185192.99,4455,1173200000.0,2024-10-17 17:13:12.990000010+00:00,2024-10-17 19:13:12.990000010+02:00
1729185207.3899999,4455,0.0,2024-10-17 17:13:27.389999866+00:00,2024-10-17 19:13:27.389999866+02:00
1729185221.79,4455,838000000.0,2024-10-17 17:13:41.789999962+00:00,2024-10-17 19:13:41.789999962+02:00
1729185236.1899998,4455,0.0,2024-10-17 17:13:56.189999819+00:00,2024-10-17 19:13:56.189999819+02:00
1729185250.59,4455,1592200000.0,2024-10-17 17:14:10.589999914+00:00,2024-10-17 19:14:10.589999914+02:00
1729185264.99,4455,0.0,2024-10-17 17:14:24.990000010+00:00,2024-10-17 19:14:24.990000010+02:00
1729185279.3899999,4455,0.0,2024-10-17 17:14:39.389999866+00:00,2024-10-17 19:14:39.389999866+02:00
1729185293.79,4455,0.0,2024-10-17 17:14:53.789999962+00:00,2024-10-17 19:14:53.789999962+02:00
1729185308.1899998,4455,0.0,2024-10-17 17:15:08.189999819+00:00,2024-10-17 19:15:08.189999819+02:00
1729185322.59,4455,1257000000.0,2024-10-17 17:15:22.589999914+00:00,2024-10-17 19:15:22.589999914+02:00
1729185336.99,4455,1173200000.0,2024-10-17 17:15:36.990000010+00:00,2024-10-17 19:15:36.990000010+02:00
1729185351.3899999,4455,0.0,2024-10-17 17:15:51.389999866+00:00,2024-10-17 19:15:51.389999866+02:00
1729185365.79,4455,0.0,2024-10-17 17:16:05.789999962+00:00,2024-10-17 19:16:05.789999962+02:00
1729185380.1899998,4455,1508400000.0,2024-10-17 17:16:20.189999819+00:00,2024-10-17 19:16:20.189999819+02:00
1729185394.59,4455,3603400000.0,2024-10-17 17:16:34.589999914+00:00,2024-10-17 19:16:34.589999914+02:00
1729185408.99,4455,3771000000.0,2024-10-17 17:16:48.990000010+00:00,2024-10-17 19:16:48.990000010+02:00
1729185423.3899999,4455,921800000.0,2024-10-17 17:17:03.389999866+00:00,2024-10-17 19:17:03.389999866+02:00
1729185437.79,4455,1927400000.0,2024-10-17 17:17:17.789999962+00:00,2024-10-17 19:17:17.789999962+02:00
1729185452.1899998,4455,0.0,2024-10-17 17:17:32.189999819+00:00,2024-10-17 19:17:32.189999819+02:00
1729185466.59,4455,4022400000.0,2024-10-17 17:17:46.589999914+00:00,2024-10-17 19:17:46.589999914+02:00
1729185480.99,4455,0.0,2024-10-17 17:18:00.990000010+00:00,2024-10-17 19:18:00.990000010+02:00
1729185495.3899999,4455,0.0,2024-10-17 17:18:15.389999866+00:00,2024-10-17 19:18:15.389999866+02:00
1729185509.79,4455,1173200000.0,2024-10-17 17:18:29.789999962+00:00,2024-10-17 19:18:29.789999962+02:00
1729185524.1899998,4455,0.0,2024-10-17 17:18:44.189999819+00:00,2024-10-17 19:18:44.189999819+02:00
1729185538.59,4455,0.0,2024-10-17 17:18:58.589999914+00:00,2024-10-17 19:18:58.589999914+02:00
1729185552.99,4455,1759800000.0,2024-10-17 17:19:12.990000010+00:00,2024-10-17 19:19:12.990000010+02:00
1729185567.3899999,4455,3603400000.0,2024-10-17 17:19:27.389999866+00:00,2024-10-17 19:19:27.389999866+02:00
1729185581.79,4455,0.0,2024-10-17 17:19:41.789999962+00:00,2024-10-17 19:19:41.789999962+02:00
1729185596.1899998,4455,335200000.0,2024-10-17 17:19:56.189999819+00:00,2024-10-17 19:19:56.189999819+02:00
1729185610.59,4455,1676000000.0,2024-10-17 17:20:10.589999914+00:00,2024-10-17 19:20:10.589999914+02:00
1729185624.99,4455,0.0,2024-10-17 17:20:24.990000010+00:00,2024-10-17 19:20:24.990000010+02:00
1729185639.3899999,4455,3854800000.0,2024-10-17 17:20:39.389999866+00:00,2024-10-17 19:20:39.389999866+02:00
1729185653.79,4455,0.0,2024-10-17 17:20:53.789999962+00:00,2024-10-17 19:20:53.789999962+02:00
1729185668.1899998,4455,838000000.0,2024-10-17 17:21:08.189999819+00:00,2024-10-17 19:21:08.189999819+02:00
1729185682.59,4455,0.0,2024-10-17 17:21:22.589999914+00:00,2024-10-17 19:21:22.589999914+02:00
1729185696.99,4455,4525200000.0,2024-10-17 17:21:36.990000010+00:00,2024-10-17 19:21:36.990000010+02:00
1729185711.3899999,4455,3016800000.0,2024-10-17 17:21:51.389999866+00:00,2024-10-17 19:21:51.389999866+02:00
1729185725.79,4455,0.0,2024-10-17 17:22:05.789999962+00:00,2024-10-17 19:22:05.789999962+02:00
1729185740.1899998,4455,1089400000.0,2024-10-17 17:22:20.189999819+00:00,2024-10-17 19:22:20.189999819+02:00
1729185754.59,4455,0.0,2024-10-17 17:22:34.589999914+00:00,2024-10-17 19:22:34.589999914+02:00
1729185768.99,4455,0.0,2024-10-17 17:22:48.990000010+00:00,2024-10-17 19:22:48.990000010+02:00
1729185783.3899999,4455,2011200000.0,2024-10-17 17:23:03.389999866+00:00,2024-10-17 19:23:03.389999866+02:00
1729185797.79,4455,0.0,2024-10-17 17:23:17.789999962+00:00,2024-10-17 19:23:17.789999962+02:00
1729185812.1899998,4455,3854800000.0,2024-10-17 17:23:32.189999819+00:00,2024-10-17 19:23:32.189999819+02:00
1729185826.59,4455,167600000.0,2024-10-17 17:23:46.589999914+00:00,2024-10-17 19:23:46.589999914+02:00
1729185840.99,4455,83800000.0,2024-10-17 17:24:00.990000010+00:00,2024-10-17 19:24:00.990000010+02:00
1729185855.3899999,4455,0.0,2024-10-17 17:24:15.389999866+00:00,2024-10-17 19:24:15.389999866+02:00
1729185869.79,4455,1173200000.0,2024-10-17 17:24:29.789999962+00:00,2024-10-17 19:24:29.789999962+02:00
1729185884.1899998,4455,0.0,2024-10-17 17:24:44.189999819+00:00,2024-10-17 19:24:44.189999819+02:00
1729185898.59,4455,1089400000.0,2024-10-17 17:24:58.589999914+00:00,2024-10-17 19:24:58.589999914+02:00
1729185912.99,4455,2011200000.0,2024-10-17 17:25:12.990000010+00:00,2024-10-17 19:25:12.990000010+02:00
1729185927.3899999,4455,670400000.0,2024-10-17 17:25:27.389999866+00:00,2024-10-17 19:25:27.389999866+02:00
1729185941.79,4455,4525200000.0,2024-10-17 17:25:41.789999962+00:00,2024-10-17 19:25:41.789999962+02:00
1729185956.1899998,4455,1927400000.0,2024-10-17 17:25:56.189999819+00:00,2024-10-17 19:25:56.189999819+02:00
1729185970.59,4455,0.0,2024-10-17 17:26:10.589999914+00:00,2024-10-17 19:26:10.589999914+02:00
1729185984.99,4455,2262600000.0,2024-10-17 17:26:24.990000010+00:00,2024-10-17 19:26:24.990000010+02:00
1729185999.3899999,4455,3435800000.0,2024-10-17 17:26:39.389999866+00:00,2024-10-17 19:26:39.389999866+02:00
1729186013.79,4455,0.0,2024-10-17 17:26:53.789999962+00:00,2024-10-17 19:26:53.789999962+02:00
1729186028.1899998,4455,0.0,2024-10-17 17:27:08.189999819+00:00,2024-10-17 19:27:08.189999819+02:00
1729186042.59,4455,0.0,2024-10-17 17:27:22.589999914+00:00,2024-10-17 19:27:22.589999914+02:00
1729186056.99,4455,0.0,2024-10-17 17:27:36.990000010+00:00,2024-10-17 19:27:36.990000010+02:00
1729186071.3899999,4455,502800000.0,2024-10-17 17:27:51.389999866+00:00,2024-10-17 19:27:51.389999866+02:00
1729186085.79,4455,4106200000.0,2024-10-17 17:28:05.789999962+00:00,2024-10-17 19:28:05.789999962+02:00
1729186100.1899998,4455,502800000.0,2024-10-17 17:28:20.189999819+00:00,2024-10-17 19:28:20.189999819+02:00
1729186114.59,4455,3268200000.0,2024-10-17 17:28:34.589999914+00:00,2024-10-17 19:28:34.589999914+02:00
1729186128.99,4455,0.0,2024-10-17 17:28:48.990000010+00:00,2024-10-17 19:28:48.990000010+02:00
1729186143.3899999,4455,0.0,2024-10-17 17:29:03.389999866+00:00,2024-10-17 19:29:03.389999866+02:00
1729186157.79,4455,921800000.0,2024-10-17 17:29:17.789999962+00:00,2024-10-17 19:29:17.789999962+02:00
1729186172.1899998,4455,6117400000.0,2024-10-17 17:29:32.189999819+00:00,2024-10-17 19:29:32.189999819+02:00
1729186186.59,4455,0.0,2024-10-17 17:29:46.589999914+00:00,2024-10-17 19:29:46.589999914+02:00
1729186200.99,4455,3435800000.0,2024-10-17 17:30:00.990000010+00:00,2024-10-17 19:30:00.990000010+02:00
1729186215.3899999,4455,2597800000.0,2024-10-17 17:30:15.389999866+00:00,2024-10-17 19:30:15.389999866+02:00
1729186229.79,4455,0.0,2024-10-17 17:30:29.789999962+00:00,2024-10-17 19:30:29.789999962+02:00
1729186244.1899998,4455,1592200000.0,2024-10-17 17:30:44.189999819+00:00,2024-10-17 19:30:44.189999819+02:00
1729186258.59,4455,0.0,2024-10-17 17:30:58.589999914+00:00,2024-10-17 19:30:58.589999914+02:00
1729186272.99,4455,0.0,2024-10-17 17:31:12.990000010+00:00,2024-10-17 19:31:12.990000010+02:00
1729186287.3899999,4455,1759800000.0,2024-10-17 17:31:27.389999866+00:00,2024-10-17 19:31:27.389999866+02:00
1729186301.79,4455,0.0,2024-10-17 17:31:41.789999962+00:00,2024-10-17 19:31:41.789999962+02:00
1729186316.1899998,4455,0.0,2024-10-17 17:31:56.189999819+00:00,2024-10-17 19:31:56.189999819+02:00
1729186330.59,4455,0.0,2024-10-17 17:32:10.589999914+00:00,2024-10-17 19:32:10.589999914+02:00
1729186344.99,4455,2262600000.0,2024-10-17 17:32:24.990000010+00:00,2024-10-17 19:32:24.990000010+02:00
1729186359.3899999,4455,0.0,2024-10-17 17:32:39.389999866+00:00,2024-10-17 19:32:39.389999866+02:00
1729186373.79,4455,2849200000.0,2024-10-17 17:32:53.789999962+00:00,2024-10-17 19:32:53.789999962+02:00
1729186388.1899998,4455,0.0,2024-10-17 17:33:08.189999819+00:00,2024-10-17 19:33:08.189999819+02:00
1729186402.59,4455,0.0,2024-10-17 17:33:22.589999914+00:00,2024-10-17 19:33:22.589999914+02:00
1729186416.99,4455,0.0,2024-10-17 17:33:36.990000010+00:00,2024-10-17 19:33:36.990000010+02:00
1729186431.3899999,4455,0.0,2024-10-17 17:33:51.389999866+00:00,2024-10-17 19:33:51.389999866+02:00
1729186445.79,4455,502800000.0,2024-10-17 17:34:05.789999962+00:00,2024-10-17 19:34:05.789999962+02:00
1729186460.1899998,4455,0.0,2024-10-17 17:34:20.189999819+00:00,2024-10-17 19:34:20.189999819+02:00
1729186474.59,4455,1424600000.0,2024-10-17 17:34:34.589999914+00:00,2024-10-17 19:34:34.589999914+02:00
1729186488.99,4455,0.0,2024-10-17 17:34:48.990000010+00:00,2024-10-17 19:34:48.990000010+02:00
1729186503.3899999,4455,1173200000.0,2024-10-17 17:35:03.389999866+00:00,2024-10-17 19:35:03.389999866+02:00
1729186517.79,4455,3184400000.0,2024-10-17 17:35:17.789999962+00:00,2024-10-17 19:35:17.789999962+02:00
1729186532.1899998,4455,0.0,2024-10-17 17:35:32.189999819+00:00,2024-10-17 19:35:32.189999819+02:00
1729186546.59,4455,0.0,2024-10-17 17:35:46.589999914+00:00,2024-10-17 19:35:46.589999914+02:00
1729186560.99,4455,0.0,2024-10-17 17:36:00.990000010+00:00,2024-10-17 19:36:00.990000010+02:00
1729186575.3899999,4455,1173200000.0,2024-10-17 17:36:15.389999866+00:00,2024-10-17 19:36:15.389999866+02:00
1729186589.79,4455,670400000.0,2024-10-17 17:36:29.789999962+00:00,2024-10-17 19:36:29.789999962+02:00
1729186604.1899998,4455,1089400000.0,2024-10-17 17:36:44.189999819+00:00,2024-10-17 19:36:44.189999819+02:00
1729186618.59,4455,0.0,2024-10-17 17:36:58.589999914+00:00,2024-10-17 19:36:58.589999914+02:00
1729186632.99,4455,0.0,2024-10-17 17:37:12.990000010+00:00,2024-10-17 19:37:12.990000010+02:00
1729186647.3899999,4455,0.0,2024-10-17 17:37:27.389999866+00:00,2024-10-17 19:37:27.389999866+02:00
1729186661.79,4455,0.0,2024-10-17 17:37:41.789999962+00:00,2024-10-17 19:37:41.789999962+02:00
1729186676.1899998,4455,1340800000.0,2024-10-17 17:37:56.189999819+00:00,2024-10-17 19:37:56.189999819+02:00
1729186690.59,4455,6955400000.0,2024-10-17 17:38:10.589999914+00:00,2024-10-17 19:38:10.589999914+02:00
1729186704.99,4455,2514000000.0,2024-10-17 17:38:24.990000010+00:00,2024-10-17 19:38:24.990000010+02:00
1729186719.3899999,4455,1676000000.0,2024-10-17 17:38:39.389999866+00:00,2024-10-17 19:38:39.389999866+02:00
1729186733.79,4455,0.0,2024-10-17 17:38:53.789999962+00:00,2024-10-17 19:38:53.789999962+02:00
1729186748.1899998,4455,0.0,2024-10-17 17:39:08.189999819+00:00,2024-10-17 19:39:08.189999819+02:00
1729186762.59,4455,167600000.0,2024-10-17 17:39:22.589999914+00:00,2024-10-17 19:39:22.589999914+02:00
1729186776.99,4455,0.0,2024-10-17 17:39:36.990000010+00:00,2024-10-17 19:39:36.990000010+02:00
1729186791.3899999,4455,335200000.0,2024-10-17 17:39:51.389999866+00:00,2024-10-17 19:39:51.389999866+02:00
1729186805.79,4455,1424600000.0,2024-10-17 17:40:05.789999962+00:00,2024-10-17 19:40:05.789999962+02:00
1729186820.1899998,4455,5363200000.0,2024-10-17 17:40:20.189999819+00:00,2024-10-17 19:40:20.189999819+02:00
1729186834.59,4455,0.0,2024-10-17 17:40:34.589999914+00:00,2024-10-17 19:40:34.589999914+02:00
1729186848.99,4455,0.0,2024-10-17 17:40:48.990000010+00:00,2024-10-17 19:40:48.990000010+02:00
1729186863.3899999,4455,0.0,2024-10-17 17:41:03.389999866+00:00,2024-10-17 19:41:03.389999866+02:00
1729186877.79,4455,0.0,2024-10-17 17:41:17.789999962+00:00,2024-10-17 19:41:17.789999962+02:00
1729186892.1899998,4455,1005600000.0,2024-10-17 17:41:32.189999819+00:00,2024-10-17 19:41:32.189999819+02:00
1729186906.59,4455,1173200000.0,2024-10-17 17:41:46.589999914+00:00,2024-10-17 19:41:46.589999914+02:00
1729186920.99,4455,1005600000.0,2024-10-17 17:42:00.990000010+00:00,2024-10-17 19:42:00.990000010+02:00
1729186935.3899999,4455,0.0,2024-10-17 17:42:15.389999866+00:00,2024-10-17 19:42:15.389999866+02:00
1729186949.79,4455,754200000.0,2024-10-17 17:42:29.789999962+00:00,2024-10-17 19:42:29.789999962+02:00
1729186964.1899998,4455,1173200000.0,2024-10-17 17:42:44.189999819+00:00,2024-10-17 19:42:44.189999819+02:00
1729186978.59,4455,1005600000.0,2024-10-17 17:42:58.589999914+00:00,2024-10-17 19:42:58.589999914+02:00
1729186992.99,4455,0.0,2024-10-17 17:43:12.990000010+00:00,2024-10-17 19:43:12.990000010+02:00
1729187007.3899999,4455,251400000.0,2024-10-17 17:43:27.389999866+00:00,2024-10-17 19:43:27.389999866+02:00
1729187021.79,4455,0.0,2024-10-17 17:43:41.789999962+00:00,2024-10-17 19:43:41.789999962+02:00
1729187036.1899998,4455,586600000.0,2024-10-17 17:43:56.189999819+00:00,2024-10-17 19:43:56.189999819+02:00
1729187050.59,4455,335200000.0,2024-10-17 17:44:10.589999914+00:00,2024-10-17 19:44:10.589999914+02:00
1729187064.99,4455,0.0,2024-10-17 17:44:24.990000010+00:00,2024-10-17 19:44:24.990000010+02:00
1729187079.3899999,4455,0.0,2024-10-17 17:44:39.389999866+00:00,2024-10-17 19:44:39.389999866+02:00
1729187093.79,4455,1173200000.0,2024-10-17 17:44:53.789999962+00:00,2024-10-17 19:44:53.789999962+02:00
1729187108.1899998,4455,0.0,2024-10-17 17:45:08.189999819+00:00,2024-10-17 19:45:08.189999819+02:00
1729187122.59,4455,4776600000.0,2024-10-17 17:45:22.589999914+00:00,2024-10-17 19:45:22.589999914+02:00
1729187136.99,4455,1089400000.0,2024-10-17 17:45:36.990000010+00:00,2024-10-17 19:45:36.990000010+02:00
1729187151.3899999,4455,1005600000.0,2024-10-17 17:45:51.389999866+00:00,2024-10-17 19:45:51.389999866+02:00
1729187165.79,4455,838000000.0,2024-10-17 17:46:05.789999962+00:00,2024-10-17 19:46:05.789999962+02:00
1729187180.1899998,4455,0.0,2024-10-17 17:46:20.189999819+00:00,2024-10-17 19:46:20.189999819+02:00
1729187194.59,4455,0.0,2024-10-17 17:46:34.589999914+00:00,2024-10-17 19:46:34.589999914+02:00
1729187208.99,4455,0.0,2024-10-17 17:46:48.990000010+00:00,2024-10-17 19:46:48.990000010+02:00
1729187223.3899999,4455,0.0,2024-10-17 17:47:03.389999866+00:00,2024-10-17 19:47:03.389999866+02:00
1729187237.79,4455,2514000000.0,2024-10-17 17:47:17.789999962+00:00,2024-10-17 19:47:17.789999962+02:00
1729187252.1899998,4455,0.0,2024-10-17 17:47:32.189999819+00:00,2024-10-17 19:47:32.189999819+02:00
1729187266.59,4455,0.0,2024-10-17 17:47:46.589999914+00:00,2024-10-17 19:47:46.589999914+02:00
1729187280.99,4455,921800000.0,2024-10-17 17:48:00.990000010+00:00,2024-10-17 19:48:00.990000010+02:00
1729187295.3899999,4455,1173200000.0,2024-10-17 17:48:15.389999866+00:00,2024-10-17 19:48:15.389999866+02:00
1729187309.79,4455,0.0,2024-10-17 17:48:29.789999962+00:00,2024-10-17 19:48:29.789999962+02:00
1729187324.1899998,4455,0.0,2024-10-17 17:48:44.189999819+00:00,2024-10-17 19:48:44.189999819+02:00
1729187338.59,4455,0.0,2024-10-17 17:48:58.589999914+00:00,2024-10-17 19:48:58.589999914+02:00
1729187352.99,4455,167600000.0,2024-10-17 17:49:12.990000010+00:00,2024-10-17 19:49:12.990000010+02:00
1729187367.3899999,4455,3268200000.0,2024-10-17 17:49:27.389999866+00:00,2024-10-17 19:49:27.389999866+02:00
1729187381.79,4455,0.0,2024-10-17 17:49:41.789999962+00:00,2024-10-17 19:49:41.789999962+02:00
1729187396.1899998,4455,3100600000.0,2024-10-17 17:49:56.189999819+00:00,2024-10-17 19:49:56.189999819+02:00
1729187410.59,4455,1592200000.0,2024-10-17 17:50:10.589999914+00:00,2024-10-17 19:50:10.589999914+02:00
1729187424.99,4455,0.0,2024-10-17 17:50:24.990000010+00:00,2024-10-17 19:50:24.990000010+02:00
1729187439.3899999,4455,0.0,2024-10-17 17:50:39.389999866+00:00,2024-10-17 19:50:39.389999866+02:00
1729187453.79,4455,0.0,2024-10-17 17:50:53.789999962+00:00,2024-10-17 19:50:53.789999962+02:00
1729187468.1899998,4455,0.0,2024-10-17 17:51:08.189999819+00:00,2024-10-17 19:51:08.189999819+02:00
1729187482.59,4455,0.0,2024-10-17 17:51:22.589999914+00:00,2024-10-17 19:51:22.589999914+02:00
1729187496.99,4455,1257000000.0,2024-10-17 17:51:36.990000010+00:00,2024-10-17 19:51:36.990000010+02:00
1729187511.3899999,4455,0.0,2024-10-17 17:51:51.389999866+00:00,2024-10-17 19:51:51.389999866+02:00
1729187525.79,4455,1173200000.0,2024-10-17 17:52:05.789999962+00:00,2024-10-17 19:52:05.789999962+02:00
1729187540.1899998,4455,838000000.0,2024-10-17 17:52:20.189999819+00:00,2024-10-17 19:52:20.189999819+02:00
1729187554.59,4455,0.0,2024-10-17 17:52:34.589999914+00:00,2024-10-17 19:52:34.589999914+02:00
1729187568.99,4455,0.0,2024-10-17 17:52:48.990000010+00:00,2024-10-17 19:52:48.990000010+02:00
1729187583.3899999,4455,0.0,2024-10-17 17:53:03.389999866+00:00,2024-10-17 19:53:03.389999866+02:00
1729187597.79,4455,0.0,2024-10-17 17:53:17.789999962+00:00,2024-10-17 19:53:17.789999962+02:00
1729187612.1899998,4455,3352000000.0,2024-10-17 17:53:32.189999819+00:00,2024-10-17 19:53:32.189999819+02:00
1729187626.59,4455,0.0,2024-10-17 17:53:46.589999914+00:00,2024-10-17 19:53:46.589999914+02:00
1729187640.99,4455,586600000.0,2024-10-17 17:54:00.990000010+00:00,2024-10-17 19:54:00.990000010+02:00
1729187655.3899999,4455,0.0,2024-10-17 17:54:15.389999866+00:00,2024-10-17 19:54:15.389999866+02:00
1729187669.79,4455,0.0,2024-10-17 17:54:29.789999962+00:00,2024-10-17 19:54:29.789999962+02:00
1729187684.1899998,4455,0.0,2024-10-17 17:54:44.189999819+00:00,2024-10-17 19:54:44.189999819+02:00
1729187698.59,4455,0.0,2024-10-17 17:54:58.589999914+00:00,2024-10-17 19:54:58.589999914+02:00
1729187712.99,4455,0.0,2024-10-17 17:55:12.990000010+00:00,2024-10-17 19:55:12.990000010+02:00
1729187727.3899999,4455,0.0,2024-10-17 17:55:27.389999866+00:00,2024-10-17 19:55:27.389999866+02:00
1729187741.79,4455,1173200000.0,2024-10-17 17:55:41.789999962+00:00,2024-10-17 19:55:41.789999962+02:00
1729187756.1899998,4455,0.0,2024-10-17 17:55:56.189999819+00:00,2024-10-17 19:55:56.189999819+02:00
1729187770.59,4455,2514000000.0,2024-10-17 17:56:10.589999914+00:00,2024-10-17 19:56:10.589999914+02:00
1729187784.99,4455,0.0,2024-10-17 17:56:24.990000010+00:00,2024-10-17 19:56:24.990000010+02:00
1729187799.3899999,4455,0.0,2024-10-17 17:56:39.389999866+00:00,2024-10-17 19:56:39.389999866+02:00
1729187813.79,4455,754200000.0,2024-10-17 17:56:53.789999962+00:00,2024-10-17 19:56:53.789999962+02:00
1729187828.1899998,4455,0.0,2024-10-17 17:57:08.189999819+00:00,2024-10-17 19:57:08.189999819+02:00
1729187842.59,4455,0.0,2024-10-17 17:57:22.589999914+00:00,2024-10-17 19:57:22.589999914+02:00
1729187856.99,4455,921800000.0,2024-10-17 17:57:36.990000010+00:00,2024-10-17 19:57:36.990000010+02:00
1729187871.3899999,4455,0.0,2024-10-17 17:57:51.389999866+00:00,2024-10-17 19:57:51.389999866+02:00
1729187885.79,4455,0.0,2024-10-17 17:58:05.789999962+00:00,2024-10-17 19:58:05.789999962+02:00
1729187900.1899998,4455,0.0,2024-10-17 17:58:20.189999819+00:00,2024-10-17 19:58:20.189999819+02:00
1729187914.59,4455,3268200000.0,2024-10-17 17:58:34.589999914+00:00,2024-10-17 19:58:34.589999914+02:00
1729187928.99,4455,0.0,2024-10-17 17:58:48.990000010+00:00,2024-10-17 19:58:48.990000010+02:00
1729187943.3899999,4455,0.0,2024-10-17 17:59:03.389999866+00:00,2024-10-17 19:59:03.389999866+02:00
1729187957.79,4455,0.0,2024-10-17 17:59:17.789999962+00:00,2024-10-17 19:59:17.789999962+02:00
1729187972.1899998,4455,0.0,2024-10-17 17:59:32.189999819+00:00,2024-10-17 19:59:32.189999819+02:00
1729187986.59,4455,0.0,2024-10-17 17:59:46.589999914+00:00,2024-10-17 19:59:46.589999914+02:00
1729188000.99,4455,0.0,2024-10-17 18:00:00.990000010+00:00,2024-10-17 20:00:00.990000010+02:00
1729188015.3899999,4455,1676000000.0,2024-10-17 18:00:15.389999866+00:00,2024-10-17 20:00:15.389999866+02:00
1729188029.79,4455,0.0,2024-10-17 18:00:29.789999962+00:00,2024-10-17 20:00:29.789999962+02:00
1729188044.1899998,4455,2178800000.0,2024-10-17 18:00:44.189999819+00:00,2024-10-17 20:00:44.189999819+02:00
1729188058.59,4455,0.0,2024-10-17 18:00:58.589999914+00:00,2024-10-17 20:00:58.589999914+02:00
1729188072.99,4455,0.0,2024-10-17 18:01:12.990000010+00:00,2024-10-17 20:01:12.990000010+02:00
1729188087.3899999,4455,0.0,2024-10-17 18:01:27.389999866+00:00,2024-10-17 20:01:27.389999866+02:00
1729188101.79,4455,0.0,2024-10-17 18:01:41.789999962+00:00,2024-10-17 20:01:41.789999962+02:00
1729188116.1899998,4455,2011200000.0,2024-10-17 18:01:56.189999819+00:00,2024-10-17 20:01:56.189999819+02:00
1729188130.59,4455,1676000000.0,2024-10-17 18:02:10.589999914+00:00,2024-10-17 20:02:10.589999914+02:00
1729188144.99,4455,3268200000.0,2024-10-17 18:02:24.990000010+00:00,2024-10-17 20:02:24.990000010+02:00
1729188159.3899999,4455,1508400000.0,2024-10-17 18:02:39.389999866+00:00,2024-10-17 20:02:39.389999866+02:00
1729188173.79,4455,502800000.0,2024-10-17 18:02:53.789999962+00:00,2024-10-17 20:02:53.789999962+02:00
1729188188.1899998,4455,4357600000.0,2024-10-17 18:03:08.189999819+00:00,2024-10-17 20:03:08.189999819+02:00
1729188202.59,4455,0.0,2024-10-17 18:03:22.589999914+00:00,2024-10-17 20:03:22.589999914+02:00
1729188216.99,4455,0.0,2024-10-17 18:03:36.990000010+00:00,2024-10-17 20:03:36.990000010+02:00
1729188231.3899999,4455,0.0,2024-10-17 18:03:51.389999866+00:00,2024-10-17 20:03:51.389999866+02:00
1729188245.79,4455,0.0,2024-10-17 18:04:05.789999962+00:00,2024-10-17 20:04:05.789999962+02:00
1729188260.1899998,4455,0.0,2024-10-17 18:04:20.189999819+00:00,2024-10-17 20:04:20.189999819+02:00
1729188274.59,4455,0.0,2024-10-17 18:04:34.589999914+00:00,2024-10-17 20:04:34.589999914+02:00
1729188288.99,4455,0.0,2024-10-17 18:04:48.990000010+00:00,2024-10-17 20:04:48.990000010+02:00
1729188303.3899999,4455,0.0,2024-10-17 18:05:03.389999866+00:00,2024-10-17 20:05:03.389999866+02:00
1729188317.79,4455,0.0,2024-10-17 18:05:17.789999962+00:00,2024-10-17 20:05:17.789999962+02:00
1729188332.1899998,4455,0.0,2024-10-17 18:05:32.189999819+00:00,2024-10-17 20:05:32.189999819+02:00
1729188346.59,4455,1759800000.0,2024-10-17 18:05:46.589999914+00:00,2024-10-17 20:05:46.589999914+02:00
1729188360.99,4455,419000000.0,2024-10-17 18:06:00.990000010+00:00,2024-10-17 20:06:00.990000010+02:00
1729188375.3899999,4455,2849200000.0,2024-10-17 18:06:15.389999866+00:00,2024-10-17 20:06:15.389999866+02:00
1729188389.79,4455,0.0,2024-10-17 18:06:29.789999962+00:00,2024-10-17 20:06:29.789999962+02:00
1729188404.1899998,4455,0.0,2024-10-17 18:06:44.189999819+00:00,2024-10-17 20:06:44.189999819+02:00
1729188418.59,4455,1340800000.0,2024-10-17 18:06:58.589999914+00:00,2024-10-17 20:06:58.589999914+02:00
1729188432.99,4455,0.0,2024-10-17 18:07:12.990000010+00:00,2024-10-17 20:07:12.990000010+02:00
1729188447.3899999,4455,0.0,2024-10-17 18:07:27.389999866+00:00,2024-10-17 20:07:27.389999866+02:00
1729188461.79,4455,0.0,2024-10-17 18:07:41.789999962+00:00,2024-10-17 20:07:41.789999962+02:00
1729188476.1899998,4455,0.0,2024-10-17 18:07:56.189999819+00:00,2024-10-17 20:07:56.189999819+02:00
1729188490.59,4455,1257000000.0,2024-10-17 18:08:10.589999914+00:00,2024-10-17 20:08:10.589999914+02:00
1729188504.99,4455,0.0,2024-10-17 18:08:24.990000010+00:00,2024-10-17 20:08:24.990000010+02:00
1729188519.3899999,4455,838000000.0,2024-10-17 18:08:39.389999866+00:00,2024-10-17 20:08:39.389999866+02:00
1729188533.79,4455,0.0,2024-10-17 18:08:53.789999962+00:00,2024-10-17 20:08:53.789999962+02:00
1729188548.1899998,4455,2430200000.0,2024-10-17 18:09:08.189999819+00:00,2024-10-17 20:09:08.189999819+02:00
1729188562.59,4455,0.0,2024-10-17 18:09:22.589999914+00:00,2024-10-17 20:09:22.589999914+02:00
1729188576.99,4455,0.0,2024-10-17 18:09:36.990000010+00:00,2024-10-17 20:09:36.990000010+02:00
1729188591.3899999,4455,1257000000.0,2024-10-17 18:09:51.389999866+00:00,2024-10-17 20:09:51.389999866+02:00
1729188605.79,4455,5279400000.0,2024-10-17 18:10:05.789999962+00:00,2024-10-17 20:10:05.789999962+02:00
1729188620.1899998,4455,1424600000.0,2024-10-17 18:10:20.189999819+00:00,2024-10-17 20:10:20.189999819+02:00
1729188634.59,4455,2346400000.0,2024-10-17 18:10:34.589999914+00:00,2024-10-17 20:10:34.589999914+02:00
1729188648.99,4455,4441400000.0,2024-10-17 18:10:48.990000010+00:00,2024-10-17 20:10:48.990000010+02:00
1729188663.3899999,4455,0.0,2024-10-17 18:11:03.389999866+00:00,2024-10-17 20:11:03.389999866+02:00
1729188677.79,4455,0.0,2024-10-17 18:11:17.789999962+00:00,2024-10-17 20:11:17.789999962+02:00
1729188692.1899998,4455,4860400000.0,2024-10-17 18:11:32.189999819+00:00,2024-10-17 20:11:32.189999819+02:00
1729188706.59,4455,502800000.0,2024-10-17 18:11:46.589999914+00:00,2024-10-17 20:11:46.589999914+02:00
1729188720.99,4455,0.0,2024-10-17 18:12:00.990000010+00:00,2024-10-17 20:12:00.990000010+02:00
1729188735.3899999,4455,5363200000.0,2024-10-17 18:12:15.389999866+00:00,2024-10-17 20:12:15.389999866+02:00
1729188749.79,4455,0.0,2024-10-17 18:12:29.789999962+00:00,2024-10-17 20:12:29.789999962+02:00
1729188764.1899998,4455,0.0,2024-10-17 18:12:44.189999819+00:00,2024-10-17 20:12:44.189999819+02:00
1729188778.59,4455,2597800000.0,2024-10-17 18:12:58.589999914+00:00,2024-10-17 20:12:58.589999914+02:00
1729188792.99,4455,0.0,2024-10-17 18:13:12.990000010+00:00,2024-10-17 20:13:12.990000010+02:00
1729188807.3899999,4455,251400000.0,2024-10-17 18:13:27.389999866+00:00,2024-10-17 20:13:27.389999866+02:00
1729188821.79,4455,5530800000.0,2024-10-17 18:13:41.789999962+00:00,2024-10-17 20:13:41.789999962+02:00
1729188836.1899998,4455,0.0,2024-10-17 18:13:56.189999819+00:00,2024-10-17 20:13:56.189999819+02:00
1729188850.59,4455,0.0,2024-10-17 18:14:10.589999914+00:00,2024-10-17 20:14:10.589999914+02:00
1729188864.99,4455,0.0,2024-10-17 18:14:24.990000010+00:00,2024-10-17 20:14:24.990000010+02:00
1729188879.3899999,4455,3603400000.0,2024-10-17 18:14:39.389999866+00:00,2024-10-17 20:14:39.389999866+02:00
1729188893.79,4455,251400000.0,2024-10-17 18:14:53.789999962+00:00,2024-10-17 20:14:53.789999962+02:00
1729188908.1899998,4455,0.0,2024-10-17 18:15:08.189999819+00:00,2024-10-17 20:15:08.189999819+02:00
1729188922.59,4455,0.0,2024-10-17 18:15:22.589999914+00:00,2024-10-17 20:15:22.589999914+02:00
1729188936.99,4455,3687200000.0,2024-10-17 18:15:36.990000010+00:00,2024-10-17 20:15:36.990000010+02:00
1729188951.3899999,4455,5028000000.0,2024-10-17 18:15:51.389999866+00:00,2024-10-17 20:15:51.389999866+02:00
1729188965.79,4455,0.0,2024-10-17 18:16:05.789999962+00:00,2024-10-17 20:16:05.789999962+02:00
1729188980.1899998,4455,1257000000.0,2024-10-17 18:16:20.189999819+00:00,2024-10-17 20:16:20.189999819+02:00
1729188994.59,4455,754200000.0,2024-10-17 18:16:34.589999914+00:00,2024-10-17 20:16:34.589999914+02:00
1729189008.99,4455,0.0,2024-10-17 18:16:48.990000010+00:00,2024-10-17 20:16:48.990000010+02:00
1729189023.3899999,4455,2262600000.0,2024-10-17 18:17:03.389999866+00:00,2024-10-17 20:17:03.389999866+02:00
1729189037.79,4455,2346400000.0,2024-10-17 18:17:17.789999962+00:00,2024-10-17 20:17:17.789999962+02:00
1729189052.1899998,4455,0.0,2024-10-17 18:17:32.189999819+00:00,2024-10-17 20:17:32.189999819+02:00
1729189066.59,4455,0.0,2024-10-17 18:17:46.589999914+00:00,2024-10-17 20:17:46.589999914+02:00
1729189080.99,4455,2681600000.0,2024-10-17 18:18:00.990000010+00:00,2024-10-17 20:18:00.990000010+02:00
1729189095.3899999,4455,1340800000.0,2024-10-17 18:18:15.389999866+00:00,2024-10-17 20:18:15.389999866+02:00
1729189109.79,4455,1340800000.0,2024-10-17 18:18:29.789999962+00:00,2024-10-17 20:18:29.789999962+02:00
1729189124.1899998,4455,0.0,2024-10-17 18:18:44.189999819+00:00,2024-10-17 20:18:44.189999819+02:00
1729189138.59,4455,4944200000.0,2024-10-17 18:18:58.589999914+00:00,2024-10-17 20:18:58.589999914+02:00
1729189152.99,4455,1927400000.0,2024-10-17 18:19:12.990000010+00:00,2024-10-17 20:19:12.990000010+02:00
1729189167.3899999,4455,2262600000.0,2024-10-17 18:19:27.389999866+00:00,2024-10-17 20:19:27.389999866+02:00
1729189181.79,4455,3519600000.0,2024-10-17 18:19:41.789999962+00:00,2024-10-17 20:19:41.789999962+02:00
1729189196.1899998,4455,3100600000.0,2024-10-17 18:19:56.189999819+00:00,2024-10-17 20:19:56.189999819+02:00
1729189210.59,4455,0.0,2024-10-17 18:20:10.589999914+00:00,2024-10-17 20:20:10.589999914+02:00
1729189224.99,4455,0.0,2024-10-17 18:20:24.990000010+00:00,2024-10-17 20:20:24.990000010+02:00
1729189239.3899999,4455,3519600000.0,2024-10-17 18:20:39.389999866+00:00,2024-10-17 20:20:39.389999866+02:00
1729189253.79,4455,586600000.0,2024-10-17 18:20:53.789999962+00:00,2024-10-17 20:20:53.789999962+02:00
1729189268.1899998,4455,0.0,2024-10-17 18:21:08.189999819+00:00,2024-10-17 20:21:08.189999819+02:00
1729189282.59,4455,0.0,2024-10-17 18:21:22.589999914+00:00,2024-10-17 20:21:22.589999914+02:00
1729189296.99,4455,251400000.0,2024-10-17 18:21:36.990000010+00:00,2024-10-17 20:21:36.990000010+02:00
1729189311.3899999,4455,0.0,2024-10-17 18:21:51.389999866+00:00,2024-10-17 20:21:51.389999866+02:00
1729189325.79,4455,0.0,2024-10-17 18:22:05.789999962+00:00,2024-10-17 20:22:05.789999962+02:00
1729189340.1899998,4455,4609000000.0,2024-10-17 18:22:20.189999819+00:00,2024-10-17 20:22:20.189999819+02:00
1729189354.59,4455,0.0,2024-10-17 18:22:34.589999914+00:00,2024-10-17 20:22:34.589999914+02:00
1729189368.99,4455,0.0,2024-10-17 18:22:48.990000010+00:00,2024-10-17 20:22:48.990000010+02:00
1729189383.3899999,4455,3603400000.0,2024-10-17 18:23:03.389999866+00:00,2024-10-17 20:23:03.389999866+02:00
1729189397.79,4455,0.0,2024-10-17 18:23:17.789999962+00:00,2024-10-17 20:23:17.789999962+02:00
1729189412.1899998,4455,167600000.0,2024-10-17 18:23:32.189999819+00:00,2024-10-17 20:23:32.189999819+02:00
1729189426.59,4455,3938600000.0,2024-10-17 18:23:46.589999914+00:00,2024-10-17 20:23:46.589999914+02:00
1729189440.99,4455,0.0,2024-10-17 18:24:00.990000010+00:00,2024-10-17 20:24:00.990000010+02:00
1729189455.3899999,4455,4609000000.0,2024-10-17 18:24:15.389999866+00:00,2024-10-17 20:24:15.389999866+02:00
1729189469.79,4455,0.0,2024-10-17 18:24:29.789999962+00:00,2024-10-17 20:24:29.789999962+02:00
1729189484.1899998,4455,0.0,2024-10-17 18:24:44.189999819+00:00,2024-10-17 20:24:44.189999819+02:00
1729189498.59,4455,0.0,2024-10-17 18:24:58.589999914+00:00,2024-10-17 20:24:58.589999914+02:00
1729189512.99,4455,921800000.0,2024-10-17 18:25:12.990000010+00:00,2024-10-17 20:25:12.990000010+02:00
1729189527.3899999,4455,0.0,2024-10-17 18:25:27.389999866+00:00,2024-10-17 20:25:27.389999866+02:00
1729189541.79,4455,1927400000.0,2024-10-17 18:25:41.789999962+00:00,2024-10-17 20:25:41.789999962+02:00
1729189556.1899998,4455,0.0,2024-10-17 18:25:56.189999819+00:00,2024-10-17 20:25:56.189999819+02:00
1729189570.59,4455,921800000.0,2024-10-17 18:26:10.589999914+00:00,2024-10-17 20:26:10.589999914+02:00
1729189584.99,4455,419000000.0,2024-10-17 18:26:24.990000010+00:00,2024-10-17 20:26:24.990000010+02:00
1729189599.3899999,4455,167600000.0,2024-10-17 18:26:39.389999866+00:00,2024-10-17 20:26:39.389999866+02:00
1729189613.79,4455,335200000.0,2024-10-17 18:26:53.789999962+00:00,2024-10-17 20:26:53.789999962+02:00
1729189628.1899998,4455,2011200000.0,2024-10-17 18:27:08.189999819+00:00,2024-10-17 20:27:08.189999819+02:00
1729189642.59,4455,167600000.0,2024-10-17 18:27:22.589999914+00:00,2024-10-17 20:27:22.589999914+02:00
1729189656.99,4455,2346400000.0,2024-10-17 18:27:36.990000010+00:00,2024-10-17 20:27:36.990000010+02:00
1729189671.3899999,4455,1843600000.0,2024-10-17 18:27:51.389999866+00:00,2024-10-17 20:27:51.389999866+02:00
1729189685.79,4455,1424600000.0,2024-10-17 18:28:05.789999962+00:00,2024-10-17 20:28:05.789999962+02:00
1729189700.1899998,4455,2430200000.0,2024-10-17 18:28:20.189999819+00:00,2024-10-17 20:28:20.189999819+02:00
1729189714.59,4455,0.0,2024-10-17 18:28:34.589999914+00:00,2024-10-17 20:28:34.589999914+02:00
1729189728.99,4455,1424600000.0,2024-10-17 18:28:48.990000010+00:00,2024-10-17 20:28:48.990000010+02:00
1729189743.3899999,4455,0.0,2024-10-17 18:29:03.389999866+00:00,2024-10-17 20:29:03.389999866+02:00
1729189757.79,4455,3352000000.0,2024-10-17 18:29:17.789999962+00:00,2024-10-17 20:29:17.789999962+02:00
1729189772.1899998,4455,0.0,2024-10-17 18:29:32.189999819+00:00,2024-10-17 20:29:32.189999819+02:00
1729189786.59,4455,1592200000.0,2024-10-17 18:29:46.589999914+00:00,2024-10-17 20:29:46.589999914+02:00
1729189800.99,4455,0.0,2024-10-17 18:30:00.990000010+00:00,2024-10-17 20:30:00.990000010+02:00
1729189815.3899999,4455,3771000000.0,2024-10-17 18:30:15.389999866+00:00,2024-10-17 20:30:15.389999866+02:00
1729189829.79,4455,2011200000.0,2024-10-17 18:30:29.789999962+00:00,2024-10-17 20:30:29.789999962+02:00
1729189844.1899998,4455,6117400000.0,2024-10-17 18:30:44.189999819+00:00,2024-10-17 20:30:44.189999819+02:00
1729189858.59,4455,0.0,2024-10-17 18:30:58.589999914+00:00,2024-10-17 20:30:58.589999914+02:00
1729189872.99,4455,1592200000.0,2024-10-17 18:31:12.990000010+00:00,2024-10-17 20:31:12.990000010+02:00
1729189887.3899999,4455,3687200000.0,2024-10-17 18:31:27.389999866+00:00,2024-10-17 20:31:27.389999866+02:00
1729189901.79,4455,0.0,2024-10-17 18:31:41.789999962+00:00,2024-10-17 20:31:41.789999962+02:00
1729189916.1899998,4455,0.0,2024-10-17 18:31:56.189999819+00:00,2024-10-17 20:31:56.189999819+02:00
1729189930.59,4455,0.0,2024-10-17 18:32:10.589999914+00:00,2024-10-17 20:32:10.589999914+02:00
1729189944.99,4455,0.0,2024-10-17 18:32:24.990000010+00:00,2024-10-17 20:32:24.990000010+02:00
1729189959.3899999,4455,0.0,2024-10-17 18:32:39.389999866+00:00,2024-10-17 20:32:39.389999866+02:00
1729189973.79,4455,0.0,2024-10-17 18:32:53.789999962+00:00,2024-10-17 20:32:53.789999962+02:00
1729189988.1899998,4455,0.0,2024-10-17 18:33:08.189999819+00:00,2024-10-17 20:33:08.189999819+02:00
1729190002.59,4455,502800000.0,2024-10-17 18:33:22.589999914+00:00,2024-10-17 20:33:22.589999914+02:00
1729190016.99,4455,0.0,2024-10-17 18:33:36.990000010+00:00,2024-10-17 20:33:36.990000010+02:00
1729190031.3899999,4455,419000000.0,2024-10-17 18:33:51.389999866+00:00,2024-10-17 20:33:51.389999866+02:00
1729190045.79,4455,0.0,2024-10-17 18:34:05.789999962+00:00,2024-10-17 20:34:05.789999962+02:00
1729190060.1899998,4455,419000000.0,2024-10-17 18:34:20.189999819+00:00,2024-10-17 20:34:20.189999819+02:00
1729190074.59,4455,0.0,2024-10-17 18:34:34.589999914+00:00,2024-10-17 20:34:34.589999914+02:00
1729190088.99,4455,1173200000.0,2024-10-17 18:34:48.990000010+00:00,2024-10-17 20:34:48.990000010+02:00
1729190103.3899999,4455,2011200000.0,2024-10-17 18:35:03.389999866+00:00,2024-10-17 20:35:03.389999866+02:00
1729190117.79,4455,0.0,2024-10-17 18:35:17.789999962+00:00,2024-10-17 20:35:17.789999962+02:00
1729190132.1899998,4455,0.0,2024-10-17 18:35:32.189999819+00:00,2024-10-17 20:35:32.189999819+02:00
1729190146.59,4455,0.0,2024-10-17 18:35:46.589999914+00:00,2024-10-17 20:35:46.589999914+02:00
1729190160.99,4455,3016800000.0,2024-10-17 18:36:00.990000010+00:00,2024-10-17 20:36:00.990000010+02:00
1729190175.3899999,4455,1173200000.0,2024-10-17 18:36:15.389999866+00:00,2024-10-17 20:36:15.389999866+02:00
1729190189.79,4455,0.0,2024-10-17 18:36:29.789999962+00:00,2024-10-17 20:36:29.789999962+02:00
1729190204.1899998,4455,4944200000.0,2024-10-17 18:36:44.189999819+00:00,2024-10-17 20:36:44.189999819+02:00
1729190218.59,4455,0.0,2024-10-17 18:36:58.589999914+00:00,2024-10-17 20:36:58.589999914+02:00
1729190232.99,4455,0.0,2024-10-17 18:37:12.990000010+00:00,2024-10-17 20:37:12.990000010+02:00
1729190247.3899999,4455,1676000000.0,2024-10-17 18:37:27.389999866+00:00,2024-10-17 20:37:27.389999866+02:00
1729190261.79,4455,0.0,2024-10-17 18:37:41.789999962+00:00,2024-10-17 20:37:41.789999962+02:00
1729190276.1899998,4455,0.0,2024-10-17 18:37:56.189999819+00:00,2024-10-17 20:37:56.189999819+02:00
1729190290.59,4455,0.0,2024-10-17 18:38:10.589999914+00:00,2024-10-17 20:38:10.589999914+02:00
1729190304.99,4455,3854800000.0,2024-10-17 18:38:24.990000010+00:00,2024-10-17 20:38:24.990000010+02:00
1729190319.3899999,4455,3854800000.0,2024-10-17 18:38:39.389999866+00:00,2024-10-17 20:38:39.389999866+02:00
1729190333.79,4455,0.0,2024-10-17 18:38:53.789999962+00:00,2024-10-17 20:38:53.789999962+02:00
1729190348.1899998,4455,0.0,2024-10-17 18:39:08.189999819+00:00,2024-10-17 20:39:08.189999819+02:00
1729190362.59,4455,0.0,2024-10-17 18:39:22.589999914+00:00,2024-10-17 20:39:22.589999914+02:00
1729190376.99,4455,1927400000.0,2024-10-17 18:39:36.990000010+00:00,2024-10-17 20:39:36.990000010+02:00
1729190391.3899999,4455,2681600000.0,2024-10-17 18:39:51.389999866+00:00,2024-10-17 20:39:51.389999866+02:00
1729190405.79,4455,1424600000.0,2024-10-17 18:40:05.789999962+00:00,2024-10-17 20:40:05.789999962+02:00
1729190420.1899998,4455,0.0,2024-10-17 18:40:20.189999819+00:00,2024-10-17 20:40:20.189999819+02:00
1729190434.59,4455,3519600000.0,2024-10-17 18:40:34.589999914+00:00,2024-10-17 20:40:34.589999914+02:00
1729190448.99,4455,0.0,2024-10-17 18:40:48.990000010+00:00,2024-10-17 20:40:48.990000010+02:00
1729190463.3899999,4455,3016800000.0,2024-10-17 18:41:03.389999866+00:00,2024-10-17 20:41:03.389999866+02:00
1729190477.79,4455,2262600000.0,2024-10-17 18:41:17.789999962+00:00,2024-10-17 20:41:17.789999962+02:00
1729190492.1899998,4455,0.0,2024-10-17 18:41:32.189999819+00:00,2024-10-17 20:41:32.189999819+02:00
1729190506.59,4455,3268200000.0,2024-10-17 18:41:46.589999914+00:00,2024-10-17 20:41:46.589999914+02:00
1729190520.99,4455,3854800000.0,2024-10-17 18:42:00.990000010+00:00,2024-10-17 20:42:00.990000010+02:00
1729190535.3899999,4455,0.0,2024-10-17 18:42:15.389999866+00:00,2024-10-17 20:42:15.389999866+02:00
1729190549.79,4455,0.0,2024-10-17 18:42:29.789999962+00:00,2024-10-17 20:42:29.789999962+02:00
1729190564.1899998,4455,0.0,2024-10-17 18:42:44.189999819+00:00,2024-10-17 20:42:44.189999819+02:00
1729190578.59,4455,0.0,2024-10-17 18:42:58.589999914+00:00,2024-10-17 20:42:58.589999914+02:00
1729190592.99,4455,0.0,2024-10-17 18:43:12.990000010+00:00,2024-10-17 20:43:12.990000010+02:00
1729190607.3899999,4455,1927400000.0,2024-10-17 18:43:27.389999866+00:00,2024-10-17 20:43:27.389999866+02:00
1729190621.79,4455,0.0,2024-10-17 18:43:41.789999962+00:00,2024-10-17 20:43:41.789999962+02:00
1729190636.1899998,4455,3771000000.0,2024-10-17 18:43:56.189999819+00:00,2024-10-17 20:43:56.189999819+02:00
1729190650.59,4455,1592200000.0,2024-10-17 18:44:10.589999914+00:00,2024-10-17 20:44:10.589999914+02:00
1729190664.99,4455,0.0,2024-10-17 18:44:24.990000010+00:00,2024-10-17 20:44:24.990000010+02:00
1729190679.3899999,4455,1424600000.0,2024-10-17 18:44:39.389999866+00:00,2024-10-17 20:44:39.389999866+02:00
1729190693.79,4455,0.0,2024-10-17 18:44:53.789999962+00:00,2024-10-17 20:44:53.789999962+02:00
1729190708.1899998,4455,0.0,2024-10-17 18:45:08.189999819+00:00,2024-10-17 20:45:08.189999819+02:00
1729190722.59,4455,419000000.0,2024-10-17 18:45:22.589999914+00:00,2024-10-17 20:45:22.589999914+02:00
1729190736.99,4455,0.0,2024-10-17 18:45:36.990000010+00:00,2024-10-17 20:45:36.990000010+02:00
1729190751.3899999,4455,1173200000.0,2024-10-17 18:45:51.389999866+00:00,2024-10-17 20:45:51.389999866+02:00
1729190765.79,4455,0.0,2024-10-17 18:46:05.789999962+00:00,2024-10-17 20:46:05.789999962+02:00
1729190780.1899998,4455,0.0,2024-10-17 18:46:20.189999819+00:00,2024-10-17 20:46:20.189999819+02:00
1729190794.59,4455,0.0,2024-10-17 18:46:34.589999914+00:00,2024-10-17 20:46:34.589999914+02:00
1729190808.99,4455,0.0,2024-10-17 18:46:48.990000010+00:00,2024-10-17 20:46:48.990000010+02:00
1729190823.3899999,4455,1173200000.0,2024-10-17 18:47:03.389999866+00:00,2024-10-17 20:47:03.389999866+02:00
1729190837.79,4455,2011200000.0,2024-10-17 18:47:17.789999962+00:00,2024-10-17 20:47:17.789999962+02:00
1729190852.1899998,4455,0.0,2024-10-17 18:47:32.189999819+00:00,2024-10-17 20:47:32.189999819+02:00
1729190866.59,4455,3352000000.0,2024-10-17 18:47:46.589999914+00:00,2024-10-17 20:47:46.589999914+02:00
1729190880.99,4455,0.0,2024-10-17 18:48:00.990000010+00:00,2024-10-17 20:48:00.990000010+02:00
1729190895.3899999,4455,1676000000.0,2024-10-17 18:48:15.389999866+00:00,2024-10-17 20:48:15.389999866+02:00
1729190909.79,4455,2597800000.0,2024-10-17 18:48:29.789999962+00:00,2024-10-17 20:48:29.789999962+02:00
1729190924.1899998,4455,0.0,2024-10-17 18:48:44.189999819+00:00,2024-10-17 20:48:44.189999819+02:00
1729190938.59,4455,0.0,2024-10-17 18:48:58.589999914+00:00,2024-10-17 20:48:58.589999914+02:00
1729190952.99,4455,1592200000.0,2024-10-17 18:49:12.990000010+00:00,2024-10-17 20:49:12.990000010+02:00
1729190967.3899999,4455,1592200000.0,2024-10-17 18:49:27.389999866+00:00,2024-10-17 20:49:27.389999866+02:00
1729190981.79,4455,838000000.0,2024-10-17 18:49:41.789999962+00:00,2024-10-17 20:49:41.789999962+02:00
1729190996.1899998,4455,2011200000.0,2024-10-17 18:49:56.189999819+00:00,2024-10-17 20:49:56.189999819+02:00
1729191010.59,4455,3352000000.0,2024-10-17 18:50:10.589999914+00:00,2024-10-17 20:50:10.589999914+02:00
1729191024.99,4455,251400000.0,2024-10-17 18:50:24.990000010+00:00,2024-10-17 20:50:24.990000010+02:00
1729191039.3899999,4455,3435800000.0,2024-10-17 18:50:39.389999866+00:00,2024-10-17 20:50:39.389999866+02:00
1729191053.79,4455,3016800000.0,2024-10-17 18:50:53.789999962+00:00,2024-10-17 20:50:53.789999962+02:00
1729191068.1899998,4455,3938600000.0,2024-10-17 18:51:08.189999819+00:00,2024-10-17 20:51:08.189999819+02:00
1729191082.59,4455,0.0,2024-10-17 18:51:22.589999914+00:00,2024-10-17 20:51:22.589999914+02:00
1729191096.99,4455,0.0,2024-10-17 18:51:36.990000010+00:00,2024-10-17 20:51:36.990000010+02:00
1729191111.3899999,4455,0.0,2024-10-17 18:51:51.389999866+00:00,2024-10-17 20:51:51.389999866+02:00
1729191125.79,4455,3184400000.0,2024-10-17 18:52:05.789999962+00:00,2024-10-17 20:52:05.789999962+02:00
1729191140.1899998,4455,0.0,2024-10-17 18:52:20.189999819+00:00,2024-10-17 20:52:20.189999819+02:00
1729191154.59,4455,0.0,2024-10-17 18:52:34.589999914+00:00,2024-10-17 20:52:34.589999914+02:00
1729191168.99,4455,1927400000.0,2024-10-17 18:52:48.990000010+00:00,2024-10-17 20:52:48.990000010+02:00
1729191183.3899999,4455,0.0,2024-10-17 18:53:03.389999866+00:00,2024-10-17 20:53:03.389999866+02:00
1729191197.79,4455,0.0,2024-10-17 18:53:17.789999962+00:00,2024-10-17 20:53:17.789999962+02:00
1729191212.1899998,4455,0.0,2024-10-17 18:53:32.189999819+00:00,2024-10-17 20:53:32.189999819+02:00
1729191226.59,4455,3519600000.0,2024-10-17 18:53:46.589999914+00:00,2024-10-17 20:53:46.589999914+02:00
1729191240.99,4455,1257000000.0,2024-10-17 18:54:00.990000010+00:00,2024-10-17 20:54:00.990000010+02:00
1729191255.3899999,4455,0.0,2024-10-17 18:54:15.389999866+00:00,2024-10-17 20:54:15.389999866+02:00
1729191269.79,4455,0.0,2024-10-17 18:54:29.789999962+00:00,2024-10-17 20:54:29.789999962+02:00
1729191284.1899998,4455,0.0,2024-10-17 18:54:44.189999819+00:00,2024-10-17 20:54:44.189999819+02:00
1729191298.59,4455,0.0,2024-10-17 18:54:58.589999914+00:00,2024-10-17 20:54:58.589999914+02:00
1729191312.99,4455,0.0,2024-10-17 18:55:12.990000010+00:00,2024-10-17 20:55:12.990000010+02:00
1729191327.3899999,4455,0.0,2024-10-17 18:55:27.389999866+00:00,2024-10-17 20:55:27.389999866+02:00
1729191341.79,4455,2178800000.0,2024-10-17 18:55:41.789999962+00:00,2024-10-17 20:55:41.789999962+02:00
1729191356.1899998,4455,754200000.0,2024-10-17 18:55:56.189999819+00:00,2024-10-17 20:55:56.189999819+02:00
1729191370.59,4455,1508400000.0,2024-10-17 18:56:10.589999914+00:00,2024-10-17 20:56:10.589999914+02:00
1729191384.99,4455,1592200000.0,2024-10-17 18:56:24.990000010+00:00,2024-10-17 20:56:24.990000010+02:00
1729191399.3899999,4455,3100600000.0,2024-10-17 18:56:39.389999866+00:00,2024-10-17 20:56:39.389999866+02:00
1729191413.79,4455,1089400000.0,2024-10-17 18:56:53.789999962+00:00,2024-10-17 20:56:53.789999962+02:00
1729191428.1899998,4455,0.0,2024-10-17 18:57:08.189999819+00:00,2024-10-17 20:57:08.189999819+02:00
1729191442.59,4455,0.0,2024-10-17 18:57:22.589999914+00:00,2024-10-17 20:57:22.589999914+02:00
1729191456.99,4455,4441400000.0,2024-10-17 18:57:36.990000010+00:00,2024-10-17 20:57:36.990000010+02:00
1729191471.3899999,4455,0.0,2024-10-17 18:57:51.389999866+00:00,2024-10-17 20:57:51.389999866+02:00
1729191485.79,4455,1340800000.0,2024-10-17 18:58:05.789999962+00:00,2024-10-17 20:58:05.789999962+02:00
1729191500.1899998,4455,0.0,2024-10-17 18:58:20.189999819+00:00,2024-10-17 20:58:20.189999819+02:00
1729191514.59,4455,251400000.0,2024-10-17 18:58:34.589999914+00:00,2024-10-17 20:58:34.589999914+02:00
1729191528.99,4455,3854800000.0,2024-10-17 18:58:48.990000010+00:00,2024-10-17 20:58:48.990000010+02:00
1729191543.3899999,4455,2597800000.0,2024-10-17 18:59:03.389999866+00:00,2024-10-17 20:59:03.389999866+02:00
1729191557.79,4455,0.0,2024-10-17 18:59:17.789999962+00:00,2024-10-17 20:59:17.789999962+02:00
1729191572.1899998,4455,0.0,2024-10-17 18:59:32.189999819+00:00,2024-10-17 20:59:32.189999819+02:00
1729191586.59,4455,0.0,2024-10-17 18:59:46.589999914+00:00,2024-10-17 20:59:46.589999914+02:00
1729191600.99,4455,0.0,2024-10-17 19:00:00.990000010+00:00,2024-10-17 21:00:00.990000010+02:00
1729191615.3899999,4455,0.0,2024-10-17 19:00:15.389999866+00:00,2024-10-17 21:00:15.389999866+02:00
1729191629.79,4455,419000000.0,2024-10-17 19:00:29.789999962+00:00,2024-10-17 21:00:29.789999962+02:00
1729191644.1899998,4455,0.0,2024-10-17 19:00:44.189999819+00:00,2024-10-17 21:00:44.189999819+02:00
1729191658.59,4455,1843600000.0,2024-10-17 19:00:58.589999914+00:00,2024-10-17 21:00:58.589999914+02:00
1729191672.99,4455,1843600000.0,2024-10-17 19:01:12.990000010+00:00,2024-10-17 21:01:12.990000010+02:00
1729191687.3899999,4455,502800000.0,2024-10-17 19:01:27.389999866+00:00,2024-10-17 21:01:27.389999866+02:00
1729191701.79,4455,3519600000.0,2024-10-17 19:01:41.789999962+00:00,2024-10-17 21:01:41.789999962+02:00
1729191716.1899998,4455,921800000.0,2024-10-17 19:01:56.189999819+00:00,2024-10-17 21:01:56.189999819+02:00
1729191730.59,4455,3854800000.0,2024-10-17 19:02:10.589999914+00:00,2024-10-17 21:02:10.589999914+02:00
1729191744.99,4455,0.0,2024-10-17 19:02:24.990000010+00:00,2024-10-17 21:02:24.990000010+02:00
1729191759.3899999,4455,1927400000.0,2024-10-17 19:02:39.389999866+00:00,2024-10-17 21:02:39.389999866+02:00
1729191773.79,4455,670400000.0,2024-10-17 19:02:53.789999962+00:00,2024-10-17 21:02:53.789999962+02:00
1729191788.1899998,4455,0.0,2024-10-17 19:03:08.189999819+00:00,2024-10-17 21:03:08.189999819+02:00
1729191802.59,4455,0.0,2024-10-17 19:03:22.589999914+00:00,2024-10-17 21:03:22.589999914+02:00
1729191816.99,4455,2262600000.0,2024-10-17 19:03:36.990000010+00:00,2024-10-17 21:03:36.990000010+02:00
1729191831.3899999,4455,1759800000.0,2024-10-17 19:03:51.389999866+00:00,2024-10-17 21:03:51.389999866+02:00
1729191845.79,4455,6704000000.0,2024-10-17 19:04:05.789999962+00:00,2024-10-17 21:04:05.789999962+02:00
1729191860.1899998,4455,3352000000.0,2024-10-17 19:04:20.189999819+00:00,2024-10-17 21:04:20.189999819+02:00
1729191874.59,4455,1257000000.0,2024-10-17 19:04:34.589999914+00:00,2024-10-17 21:04:34.589999914+02:00
1729191888.99,4455,0.0,2024-10-17 19:04:48.990000010+00:00,2024-10-17 21:04:48.990000010+02:00
1729191903.3899999,4455,0.0,2024-10-17 19:05:03.389999866+00:00,2024-10-17 21:05:03.389999866+02:00
1729191917.79,4455,0.0,2024-10-17 19:05:17.789999962+00:00,2024-10-17 21:05:17.789999962+02:00
1729191932.1899998,4455,0.0,2024-10-17 19:05:32.189999819+00:00,2024-10-17 21:05:32.189999819+02:00
1729191946.59,4455,3268200000.0,2024-10-17 19:05:46.589999914+00:00,2024-10-17 21:05:46.589999914+02:00
1729191960.99,4455,0.0,2024-10-17 19:06:00.990000010+00:00,2024-10-17 21:06:00.990000010+02:00
1729191975.3899999,4455,3854800000.0,2024-10-17 19:06:15.389999866+00:00,2024-10-17 21:06:15.389999866+02:00
1729191989.79,4455,0.0,2024-10-17 19:06:29.789999962+00:00,2024-10-17 21:06:29.789999962+02:00
1729192004.1899998,4455,0.0,2024-10-17 19:06:44.189999819+00:00,2024-10-17 21:06:44.189999819+02:00
1729192018.59,4455,0.0,2024-10-17 19:06:58.589999914+00:00,2024-10-17 21:06:58.589999914+02:00
1729192032.99,4455,1676000000.0,2024-10-17 19:07:12.990000010+00:00,2024-10-17 21:07:12.990000010+02:00
1729192047.3899999,4455,1592200000.0,2024-10-17 19:07:27.389999866+00:00,2024-10-17 21:07:27.389999866+02:00
1729192061.79,4455,167600000.0,2024-10-17 19:07:41.789999962+00:00,2024-10-17 21:07:41.789999962+02:00
1729192076.1899998,4455,1927400000.0,2024-10-17 19:07:56.189999819+00:00,2024-10-17 21:07:56.189999819+02:00
1729192090.59,4455,0.0,2024-10-17 19:08:10.589999914+00:00,2024-10-17 21:08:10.589999914+02:00
1729192104.99,4455,6033600000.0,2024-10-17 19:08:24.990000010+00:00,2024-10-17 21:08:24.990000010+02:00
1729192119.3899999,4455,0.0,2024-10-17 19:08:39.389999866+00:00,2024-10-17 21:08:39.389999866+02:00
1729192133.79,4455,1759800000.0,2024-10-17 19:08:53.789999962+00:00,2024-10-17 21:08:53.789999962+02:00
1729192148.1899998,4455,1592200000.0,2024-10-17 19:09:08.189999819+00:00,2024-10-17 21:09:08.189999819+02:00
1729192162.59,4455,0.0,2024-10-17 19:09:22.589999914+00:00,2024-10-17 21:09:22.589999914+02:00
1729192176.99,4455,83800000.0,2024-10-17 19:09:36.990000010+00:00,2024-10-17 21:09:36.990000010+02:00
1729192191.3899999,4455,0.0,2024-10-17 19:09:51.389999866+00:00,2024-10-17 21:09:51.389999866+02:00
1729192205.79,4455,2178800000.0,2024-10-17 19:10:05.789999962+00:00,2024-10-17 21:10:05.789999962+02:00
1729192220.1899998,4455,0.0,2024-10-17 19:10:20.189999819+00:00,2024-10-17 21:10:20.189999819+02:00
1729192234.59,4455,4106200000.0,2024-10-17 19:10:34.589999914+00:00,2024-10-17 21:10:34.589999914+02:00
1729192248.99,4455,838000000.0,2024-10-17 19:10:48.990000010+00:00,2024-10-17 21:10:48.990000010+02:00
1729192263.3899999,4455,0.0,2024-10-17 19:11:03.389999866+00:00,2024-10-17 21:11:03.389999866+02:00
1729192277.79,4455,0.0,2024-10-17 19:11:17.789999962+00:00,2024-10-17 21:11:17.789999962+02:00
1729192292.1899998,4455,2597800000.0,2024-10-17 19:11:32.189999819+00:00,2024-10-17 21:11:32.189999819+02:00
1729192306.59,4455,3352000000.0,2024-10-17 19:11:46.589999914+00:00,2024-10-17 21:11:46.589999914+02:00
1729192320.99,4455,5614600000.0,2024-10-17 19:12:00.990000010+00:00,2024-10-17 21:12:00.990000010+02:00
1729192335.3899999,4455,0.0,2024-10-17 19:12:15.389999866+00:00,2024-10-17 21:12:15.389999866+02:00
1729192349.79,4455,0.0,2024-10-17 19:12:29.789999962+00:00,2024-10-17 21:12:29.789999962+02:00
1729192364.1899998,4455,0.0,2024-10-17 19:12:44.189999819+00:00,2024-10-17 21:12:44.189999819+02:00
1729192378.59,4455,0.0,2024-10-17 19:12:58.589999914+00:00,2024-10-17 21:12:58.589999914+02:00
1729192392.99,4455,0.0,2024-10-17 19:13:12.990000010+00:00,2024-10-17 21:13:12.990000010+02:00
1729192407.3899999,4455,921800000.0,2024-10-17 19:13:27.389999866+00:00,2024-10-17 21:13:27.389999866+02:00
1729192421.79,4455,251400000.0,2024-10-17 19:13:41.789999962+00:00,2024-10-17 21:13:41.789999962+02:00
1729192436.1899998,4455,1340800000.0,2024-10-17 19:13:56.189999819+00:00,2024-10-17 21:13:56.189999819+02:00
1729192450.59,4455,0.0,2024-10-17 19:14:10.589999914+00:00,2024-10-17 21:14:10.589999914+02:00
1729192464.99,4455,3854800000.0,2024-10-17 19:14:24.990000010+00:00,2024-10-17 21:14:24.990000010+02:00
1729192479.3899999,4455,1257000000.0,2024-10-17 19:14:39.389999866+00:00,2024-10-17 21:14:39.389999866+02:00
1729192493.79,4455,1089400000.0,2024-10-17 19:14:53.789999962+00:00,2024-10-17 21:14:53.789999962+02:00
1729192508.1899998,4455,1424600000.0,2024-10-17 19:15:08.189999819+00:00,2024-10-17 21:15:08.189999819+02:00
1729192522.59,4455,2011200000.0,2024-10-17 19:15:22.589999914+00:00,2024-10-17 21:15:22.589999914+02:00
1729192536.99,4455,3016800000.0,2024-10-17 19:15:36.990000010+00:00,2024-10-17 21:15:36.990000010+02:00
1729192551.3899999,4455,0.0,2024-10-17 19:15:51.389999866+00:00,2024-10-17 21:15:51.389999866+02:00
1729192565.79,4455,0.0,2024-10-17 19:16:05.789999962+00:00,2024-10-17 21:16:05.789999962+02:00
1729192580.1899998,4455,83800000.0,2024-10-17 19:16:20.189999819+00:00,2024-10-17 21:16:20.189999819+02:00
1729192594.59,4455,1257000000.0,2024-10-17 19:16:34.589999914+00:00,2024-10-17 21:16:34.589999914+02:00
1729192608.99,4455,3435800000.0,2024-10-17 19:16:48.990000010+00:00,2024-10-17 21:16:48.990000010+02:00
1729192623.3899999,4455,3100600000.0,2024-10-17 19:17:03.389999866+00:00,2024-10-17 21:17:03.389999866+02:00
1729192637.79,4455,2849200000.0,2024-10-17 19:17:17.789999962+00:00,2024-10-17 21:17:17.789999962+02:00
1729192652.1899998,4455,0.0,2024-10-17 19:17:32.189999819+00:00,2024-10-17 21:17:32.189999819+02:00
1729192666.59,4455,0.0,2024-10-17 19:17:46.589999914+00:00,2024-10-17 21:17:46.589999914+02:00
1729192680.99,4455,5279400000.0,2024-10-17 19:18:00.990000010+00:00,2024-10-17 21:18:00.990000010+02:00
1729192695.3899999,4455,1927400000.0,2024-10-17 19:18:15.389999866+00:00,2024-10-17 21:18:15.389999866+02:00
1729192709.79,4455,5279400000.0,2024-10-17 19:18:29.789999962+00:00,2024-10-17 21:18:29.789999962+02:00
1729192724.1899998,4455,6117400000.0,2024-10-17 19:18:44.189999819+00:00,2024-10-17 21:18:44.189999819+02:00
1729192738.59,4455,0.0,2024-10-17 19:18:58.589999914+00:00,2024-10-17 21:18:58.589999914+02:00
1729192752.99,4455,3268200000.0,2024-10-17 19:19:12.990000010+00:00,2024-10-17 21:19:12.990000010+02:00
1729192767.3899999,4455,0.0,2024-10-17 19:19:27.389999866+00:00,2024-10-17 21:19:27.389999866+02:00
1729192781.79,4455,0.0,2024-10-17 19:19:41.789999962+00:00,2024-10-17 21:19:41.789999962+02:00
1729192796.1899998,4455,3687200000.0,2024-10-17 19:19:56.189999819+00:00,2024-10-17 21:19:56.189999819+02:00
1729192810.59,4455,0.0,2024-10-17 19:20:10.589999914+00:00,2024-10-17 21:20:10.589999914+02:00
1729192824.99,4455,0.0,2024-10-17 19:20:24.990000010+00:00,2024-10-17 21:20:24.990000010+02:00
1729192839.3899999,4455,167600000.0,2024-10-17 19:20:39.389999866+00:00,2024-10-17 21:20:39.389999866+02:00
1729192853.79,4455,167600000.0,2024-10-17 19:20:53.789999962+00:00,2024-10-17 21:20:53.789999962+02:00
1729192868.1899998,4455,251400000.0,2024-10-17 19:21:08.189999819+00:00,2024-10-17 21:21:08.189999819+02:00
1729192882.59,4455,2765400000.0,2024-10-17 19:21:22.589999914+00:00,2024-10-17 21:21:22.589999914+02:00
1729192896.99,4455,3603400000.0,2024-10-17 19:21:36.990000010+00:00,2024-10-17 21:21:36.990000010+02:00
1729192911.3899999,4455,0.0,2024-10-17 19:21:51.389999866+00:00,2024-10-17 21:21:51.389999866+02:00
1729192925.79,4455,0.0,2024-10-17 19:22:05.789999962+00:00,2024-10-17 21:22:05.789999962+02:00
1729192940.1899998,4455,0.0,2024-10-17 19:22:20.189999819+00:00,2024-10-17 21:22:20.189999819+02:00
1729192954.59,4455,2178800000.0,2024-10-17 19:22:34.589999914+00:00,2024-10-17 21:22:34.589999914+02:00
1729192968.99,4455,167600000.0,2024-10-17 19:22:48.990000010+00:00,2024-10-17 21:22:48.990000010+02:00
1729192983.3899999,4455,3519600000.0,2024-10-17 19:23:03.389999866+00:00,2024-10-17 21:23:03.389999866+02:00
1729192997.79,4455,0.0,2024-10-17 19:23:17.789999962+00:00,2024-10-17 21:23:17.789999962+02:00
1729193012.1899998,4455,0.0,2024-10-17 19:23:32.189999819+00:00,2024-10-17 21:23:32.189999819+02:00
1729193026.59,4455,0.0,2024-10-17 19:23:46.589999914+00:00,2024-10-17 21:23:46.589999914+02:00
1729193040.99,4455,3938600000.0,2024-10-17 19:24:00.990000010+00:00,2024-10-17 21:24:00.990000010+02:00
1729193055.3899999,4455,0.0,2024-10-17 19:24:15.389999866+00:00,2024-10-17 21:24:15.389999866+02:00
1729193069.79,4455,1592200000.0,2024-10-17 19:24:29.789999962+00:00,2024-10-17 21:24:29.789999962+02:00
1729193084.1899998,4455,2933000000.0,2024-10-17 19:24:44.189999819+00:00,2024-10-17 21:24:44.189999819+02:00
1729193098.59,4455,0.0,2024-10-17 19:24:58.589999914+00:00,2024-10-17 21:24:58.589999914+02:00
1729193112.99,4455,2262600000.0,2024-10-17 19:25:12.990000010+00:00,2024-10-17 21:25:12.990000010+02:00
1729193127.3899999,4455,0.0,2024-10-17 19:25:27.389999866+00:00,2024-10-17 21:25:27.389999866+02:00
1729193141.79,4455,0.0,2024-10-17 19:25:41.789999962+00:00,2024-10-17 21:25:41.789999962+02:00
1729193156.1899998,4455,0.0,2024-10-17 19:25:56.189999819+00:00,2024-10-17 21:25:56.189999819+02:00
1729193170.59,4455,2011200000.0,2024-10-17 19:26:10.589999914+00:00,2024-10-17 21:26:10.589999914+02:00
1729193184.99,4455,2681600000.0,2024-10-17 19:26:24.990000010+00:00,2024-10-17 21:26:24.990000010+02:00
1729193199.3899999,4455,83800000.0,2024-10-17 19:26:39.389999866+00:00,2024-10-17 21:26:39.389999866+02:00
1729193213.79,4455,0.0,2024-10-17 19:26:53.789999962+00:00,2024-10-17 21:26:53.789999962+02:00
1729193228.1899998,4455,1173200000.0,2024-10-17 19:27:08.189999819+00:00,2024-10-17 21:27:08.189999819+02:00
1729193242.59,4455,0.0,2024-10-17 19:27:22.589999914+00:00,2024-10-17 21:27:22.589999914+02:00
1729193256.99,4455,2095000000.0,2024-10-17 19:27:36.990000010+00:00,2024-10-17 21:27:36.990000010+02:00
1729193271.3899999,4455,0.0,2024-10-17 19:27:51.389999866+00:00,2024-10-17 21:27:51.389999866+02:00
1729193285.79,4455,251400000.0,2024-10-17 19:28:05.789999962+00:00,2024-10-17 21:28:05.789999962+02:00
1729193300.1899998,4455,0.0,2024-10-17 19:28:20.189999819+00:00,2024-10-17 21:28:20.189999819+02:00
1729193314.59,4455,0.0,2024-10-17 19:28:34.589999914+00:00,2024-10-17 21:28:34.589999914+02:00
1729193328.99,4455,0.0,2024-10-17 19:28:48.990000010+00:00,2024-10-17 21:28:48.990000010+02:00
1729193343.3899999,4455,3603400000.0,2024-10-17 19:29:03.389999866+00:00,2024-10-17 21:29:03.389999866+02:00
1729193357.79,4455,0.0,2024-10-17 19:29:17.789999962+00:00,2024-10-17 21:29:17.789999962+02:00
1729193372.1899998,4455,1759800000.0,2024-10-17 19:29:32.189999819+00:00,2024-10-17 21:29:32.189999819+02:00
1729193386.59,4455,1257000000.0,2024-10-17 19:29:46.589999914+00:00,2024-10-17 21:29:46.589999914+02:00
1729193400.99,4455,0.0,2024-10-17 19:30:00.990000010+00:00,2024-10-17 21:30:00.990000010+02:00
1729193415.3899999,4455,0.0,2024-10-17 19:30:15.389999866+00:00,2024-10-17 21:30:15.389999866+02:00
1729193429.79,4455,0.0,2024-10-17 19:30:29.789999962+00:00,2024-10-17 21:30:29.789999962+02:00
1729193444.1899998,4455,0.0,2024-10-17 19:30:44.189999819+00:00,2024-10-17 21:30:44.189999819+02:00
1729193458.59,4455,251400000.0,2024-10-17 19:30:58.589999914+00:00,2024-10-17 21:30:58.589999914+02:00
1729193472.99,4455,1592200000.0,2024-10-17 19:31:12.990000010+00:00,2024-10-17 21:31:12.990000010+02:00
1729193487.3899999,4455,0.0,2024-10-17 19:31:27.389999866+00:00,2024-10-17 21:31:27.389999866+02:00
1729193501.79,4455,2095000000.0,2024-10-17 19:31:41.789999962+00:00,2024-10-17 21:31:41.789999962+02:00
1729193516.1899998,4455,4273800000.0,2024-10-17 19:31:56.189999819+00:00,2024-10-17 21:31:56.189999819+02:00
1729193530.59,4455,6201200000.0,2024-10-17 19:32:10.589999914+00:00,2024-10-17 21:32:10.589999914+02:00
1729193544.99,4455,6704000000.0,2024-10-17 19:32:24.990000010+00:00,2024-10-17 21:32:24.990000010+02:00
1729193559.3899999,4455,3687200000.0,2024-10-17 19:32:39.389999866+00:00,2024-10-17 21:32:39.389999866+02:00
1729193573.79,4455,0.0,2024-10-17 19:32:53.789999962+00:00,2024-10-17 21:32:53.789999962+02:00
1729193588.1899998,4455,1424600000.0,2024-10-17 19:33:08.189999819+00:00,2024-10-17 21:33:08.189999819+02:00
1729193602.59,4455,251400000.0,2024-10-17 19:33:22.589999914+00:00,2024-10-17 21:33:22.589999914+02:00
1729193616.99,4455,0.0,2024-10-17 19:33:36.990000010+00:00,2024-10-17 21:33:36.990000010+02:00
1729193631.3899999,4455,0.0,2024-10-17 19:33:51.389999866+00:00,2024-10-17 21:33:51.389999866+02:00
1729193645.79,4455,1592200000.0,2024-10-17 19:34:05.789999962+00:00,2024-10-17 21:34:05.789999962+02:00
1729193660.1899998,4455,0.0,2024-10-17 19:34:20.189999819+00:00,2024-10-17 21:34:20.189999819+02:00
1729193674.59,4455,1592200000.0,2024-10-17 19:34:34.589999914+00:00,2024-10-17 21:34:34.589999914+02:00
1729193688.99,4455,921800000.0,2024-10-17 19:34:48.990000010+00:00,2024-10-17 21:34:48.990000010+02:00
1729193703.3899999,4455,0.0,2024-10-17 19:35:03.389999866+00:00,2024-10-17 21:35:03.389999866+02:00
1729193717.79,4455,0.0,2024-10-17 19:35:17.789999962+00:00,2024-10-17 21:35:17.789999962+02:00
1729193732.1899998,4455,0.0,2024-10-17 19:35:32.189999819+00:00,2024-10-17 21:35:32.189999819+02:00
1729193746.59,4455,0.0,2024-10-17 19:35:46.589999914+00:00,2024-10-17 21:35:46.589999914+02:00
1729193760.99,4455,2514000000.0,2024-10-17 19:36:00.990000010+00:00,2024-10-17 21:36:00.990000010+02:00
1729193775.3899999,4455,2933000000.0,2024-10-17 19:36:15.389999866+00:00,2024-10-17 21:36:15.389999866+02:00
1729193789.79,4455,2095000000.0,2024-10-17 19:36:29.789999962+00:00,2024-10-17 21:36:29.789999962+02:00
1729193804.1899998,4455,0.0,2024-10-17 19:36:44.189999819+00:00,2024-10-17 21:36:44.189999819+02:00
1729193818.59,4455,0.0,2024-10-17 19:36:58.589999914+00:00,2024-10-17 21:36:58.589999914+02:00
1729193832.99,4455,1508400000.0,2024-10-17 19:37:12.990000010+00:00,2024-10-17 21:37:12.990000010+02:00
1729193847.3899999,4455,0.0,2024-10-17 19:37:27.389999866+00:00,2024-10-17 21:37:27.389999866+02:00
1729193861.79,4455,0.0,2024-10-17 19:37:41.789999962+00:00,2024-10-17 21:37:41.789999962+02:00
1729193876.1899998,4455,0.0,2024-10-17 19:37:56.189999819+00:00,2024-10-17 21:37:56.189999819+02:00
1729193890.59,4455,4022400000.0,2024-10-17 19:38:10.589999914+00:00,2024-10-17 21:38:10.589999914+02:00
1729193904.99,4455,0.0,2024-10-17 19:38:24.990000010+00:00,2024-10-17 21:38:24.990000010+02:00
1729193919.3899999,4455,0.0,2024-10-17 19:38:39.389999866+00:00,2024-10-17 21:38:39.389999866+02:00
1729193933.79,4455,2933000000.0,2024-10-17 19:38:53.789999962+00:00,2024-10-17 21:38:53.789999962+02:00
1729193948.1899998,4455,0.0,2024-10-17 19:39:08.189999819+00:00,2024-10-17 21:39:08.189999819+02:00
1729193962.59,4455,3603400000.0,2024-10-17 19:39:22.589999914+00:00,2024-10-17 21:39:22.589999914+02:00
1729193976.99,4455,0.0,2024-10-17 19:39:36.990000010+00:00,2024-10-17 21:39:36.990000010+02:00
1729193991.3899999,4455,1173200000.0,2024-10-17 19:39:51.389999866+00:00,2024-10-17 21:39:51.389999866+02:00
1729194005.79,4455,0.0,2024-10-17 19:40:05.789999962+00:00,2024-10-17 21:40:05.789999962+02:00
1729194020.1899998,4455,0.0,2024-10-17 19:40:20.189999819+00:00,2024-10-17 21:40:20.189999819+02:00
1729194034.59,4455,1927400000.0,2024-10-17 19:40:34.589999914+00:00,2024-10-17 21:40:34.589999914+02:00
1729194048.99,4455,0.0,2024-10-17 19:40:48.990000010+00:00,2024-10-17 21:40:48.990000010+02:00
1729194063.3899999,4455,1005600000.0,2024-10-17 19:41:03.389999866+00:00,2024-10-17 21:41:03.389999866+02:00
1729194077.79,4455,1089400000.0,2024-10-17 19:41:17.789999962+00:00,2024-10-17 21:41:17.789999962+02:00
1729194092.1899998,4455,5111800000.0,2024-10-17 19:41:32.189999819+00:00,2024-10-17 21:41:32.189999819+02:00
1729194106.59,4455,1927400000.0,2024-10-17 19:41:46.589999914+00:00,2024-10-17 21:41:46.589999914+02:00
1729194120.99,4455,1508400000.0,2024-10-17 19:42:00.990000010+00:00,2024-10-17 21:42:00.990000010+02:00
1729194135.3899999,4455,0.0,2024-10-17 19:42:15.389999866+00:00,2024-10-17 21:42:15.389999866+02:00
1729194149.79,4455,0.0,2024-10-17 19:42:29.789999962+00:00,2024-10-17 21:42:29.789999962+02:00
1729194164.1899998,4455,0.0,2024-10-17 19:42:44.189999819+00:00,2024-10-17 21:42:44.189999819+02:00
1729194178.59,4455,0.0,2024-10-17 19:42:58.589999914+00:00,2024-10-17 21:42:58.589999914+02:00
1729194192.99,4455,1676000000.0,2024-10-17 19:43:12.990000010+00:00,2024-10-17 21:43:12.990000010+02:00
1729194207.3899999,4455,1843600000.0,2024-10-17 19:43:27.389999866+00:00,2024-10-17 21:43:27.389999866+02:00
1729194221.79,4455,0.0,2024-10-17 19:43:41.789999962+00:00,2024-10-17 21:43:41.789999962+02:00
1729194236.1899998,4455,0.0,2024-10-17 19:43:56.189999819+00:00,2024-10-17 21:43:56.189999819+02:00
1729194250.59,4455,3854800000.0,2024-10-17 19:44:10.589999914+00:00,2024-10-17 21:44:10.589999914+02:00
1729194264.99,4455,0.0,2024-10-17 19:44:24.990000010+00:00,2024-10-17 21:44:24.990000010+02:00
1729194279.3899999,4455,3938600000.0,2024-10-17 19:44:39.389999866+00:00,2024-10-17 21:44:39.389999866+02:00
1729194293.79,4455,0.0,2024-10-17 19:44:53.789999962+00:00,2024-10-17 21:44:53.789999962+02:00
1729194308.1899998,4455,4106200000.0,2024-10-17 19:45:08.189999819+00:00,2024-10-17 21:45:08.189999819+02:00
1729194322.59,4455,0.0,2024-10-17 19:45:22.589999914+00:00,2024-10-17 21:45:22.589999914+02:00
1729194336.99,4455,0.0,2024-10-17 19:45:36.990000010+00:00,2024-10-17 21:45:36.990000010+02:00
1729194351.3899999,4455,2095000000.0,2024-10-17 19:45:51.389999866+00:00,2024-10-17 21:45:51.389999866+02:00
1729194365.79,4455,0.0,2024-10-17 19:46:05.789999962+00:00,2024-10-17 21:46:05.789999962+02:00
1729194380.1899998,4455,0.0,2024-10-17 19:46:20.189999819+00:00,2024-10-17 21:46:20.189999819+02:00
1729194394.59,4455,0.0,2024-10-17 19:46:34.589999914+00:00,2024-10-17 21:46:34.589999914+02:00
1729194408.99,4455,2597800000.0,2024-10-17 19:46:48.990000010+00:00,2024-10-17 21:46:48.990000010+02:00
1729194423.3899999,4455,3938600000.0,2024-10-17 19:47:03.389999866+00:00,2024-10-17 21:47:03.389999866+02:00
1729194437.79,4455,1592200000.0,2024-10-17 19:47:17.789999962+00:00,2024-10-17 21:47:17.789999962+02:00
1729194452.1899998,4455,0.0,2024-10-17 19:47:32.189999819+00:00,2024-10-17 21:47:32.189999819+02:00
1729194466.59,4455,0.0,2024-10-17 19:47:46.589999914+00:00,2024-10-17 21:47:46.589999914+02:00
1729194480.99,4455,0.0,2024-10-17 19:48:00.990000010+00:00,2024-10-17 21:48:00.990000010+02:00
1729194495.3899999,4455,3771000000.0,2024-10-17 19:48:15.389999866+00:00,2024-10-17 21:48:15.389999866+02:00
1729194509.79,4455,251400000.0,2024-10-17 19:48:29.789999962+00:00,2024-10-17 21:48:29.789999962+02:00
1729194524.1899998,4455,1257000000.0,2024-10-17 19:48:44.189999819+00:00,2024-10-17 21:48:44.189999819+02:00
1729194538.59,4455,0.0,2024-10-17 19:48:58.589999914+00:00,2024-10-17 21:48:58.589999914+02:00
1729194552.99,4455,2514000000.0,2024-10-17 19:49:12.990000010+00:00,2024-10-17 21:49:12.990000010+02:00
1729194567.3899999,4455,1592200000.0,2024-10-17 19:49:27.389999866+00:00,2024-10-17 21:49:27.389999866+02:00
1729194581.79,4455,0.0,2024-10-17 19:49:41.789999962+00:00,2024-10-17 21:49:41.789999962+02:00
1729194596.1899998,4455,1676000000.0,2024-10-17 19:49:56.189999819+00:00,2024-10-17 21:49:56.189999819+02:00
1729194610.59,4455,0.0,2024-10-17 19:50:10.589999914+00:00,2024-10-17 21:50:10.589999914+02:00
1729194624.99,4455,0.0,2024-10-17 19:50:24.990000010+00:00,2024-10-17 21:50:24.990000010+02:00
1729194639.3899999,4455,0.0,2024-10-17 19:50:39.389999866+00:00,2024-10-17 21:50:39.389999866+02:00
1729194653.79,4455,0.0,2024-10-17 19:50:53.789999962+00:00,2024-10-17 21:50:53.789999962+02:00
1729194668.1899998,4455,586600000.0,2024-10-17 19:51:08.189999819+00:00,2024-10-17 21:51:08.189999819+02:00
1729194682.59,4455,3938600000.0,2024-10-17 19:51:22.589999914+00:00,2024-10-17 21:51:22.589999914+02:00
1729194696.99,4455,0.0,2024-10-17 19:51:36.990000010+00:00,2024-10-17 21:51:36.990000010+02:00
1729194711.3899999,4455,0.0,2024-10-17 19:51:51.389999866+00:00,2024-10-17 21:51:51.389999866+02:00
1729194725.79,4455,1173200000.0,2024-10-17 19:52:05.789999962+00:00,2024-10-17 21:52:05.789999962+02:00
1729194740.1899998,4455,3519600000.0,2024-10-17 19:52:20.189999819+00:00,2024-10-17 21:52:20.189999819+02:00
1729194754.59,4455,1759800000.0,2024-10-17 19:52:34.589999914+00:00,2024-10-17 21:52:34.589999914+02:00
1729194768.99,4455,0.0,2024-10-17 19:52:48.990000010+00:00,2024-10-17 21:52:48.990000010+02:00
1729194783.3899999,4455,0.0,2024-10-17 19:53:03.389999866+00:00,2024-10-17 21:53:03.389999866+02:00
1729194797.79,4455,0.0,2024-10-17 19:53:17.789999962+00:00,2024-10-17 21:53:17.789999962+02:00
1729194812.1899998,4455,0.0,2024-10-17 19:53:32.189999819+00:00,2024-10-17 21:53:32.189999819+02:00
1729194826.59,4455,921800000.0,2024-10-17 19:53:46.589999914+00:00,2024-10-17 21:53:46.589999914+02:00
1729194840.99,4455,0.0,2024-10-17 19:54:00.990000010+00:00,2024-10-17 21:54:00.990000010+02:00
1729194855.3899999,4455,0.0,2024-10-17 19:54:15.389999866+00:00,2024-10-17 21:54:15.389999866+02:00
1729194869.79,4455,2514000000.0,2024-10-17 19:54:29.789999962+00:00,2024-10-17 21:54:29.789999962+02:00
1729194884.1899998,4455,0.0,2024-10-17 19:54:44.189999819+00:00,2024-10-17 21:54:44.189999819+02:00
1729194898.59,4455,0.0,2024-10-17 19:54:58.589999914+00:00,2024-10-17 21:54:58.589999914+02:00
1729194912.99,4455,0.0,2024-10-17 19:55:12.990000010+00:00,2024-10-17 21:55:12.990000010+02:00
1729194927.3899999,4455,0.0,2024-10-17 19:55:27.389999866+00:00,2024-10-17 21:55:27.389999866+02:00
1729194941.79,4455,1759800000.0,2024-10-17 19:55:41.789999962+00:00,2024-10-17 21:55:41.789999962+02:00
1729194956.1899998,4455,0.0,2024-10-17 19:55:56.189999819+00:00,2024-10-17 21:55:56.189999819+02:00
1729194970.59,4455,670400000.0,2024-10-17 19:56:10.589999914+00:00,2024-10-17 21:56:10.589999914+02:00
1729194984.99,4455,1257000000.0,2024-10-17 19:56:24.990000010+00:00,2024-10-17 21:56:24.990000010+02:00
1729194999.3899999,4455,0.0,2024-10-17 19:56:39.389999866+00:00,2024-10-17 21:56:39.389999866+02:00
1729195013.79,4455,0.0,2024-10-17 19:56:53.789999962+00:00,2024-10-17 21:56:53.789999962+02:00
1729195028.1899998,4455,0.0,2024-10-17 19:57:08.189999819+00:00,2024-10-17 21:57:08.189999819+02:00
1729195042.59,4455,0.0,2024-10-17 19:57:22.589999914+00:00,2024-10-17 21:57:22.589999914+02:00
1729195056.99,4455,1759800000.0,2024-10-17 19:57:36.990000010+00:00,2024-10-17 21:57:36.990000010+02:00
1729195071.3899999,4455,1759800000.0,2024-10-17 19:57:51.389999866+00:00,2024-10-17 21:57:51.389999866+02:00
1729195085.79,4455,0.0,2024-10-17 19:58:05.789999962+00:00,2024-10-17 21:58:05.789999962+02:00
1729195100.1899998,4455,0.0,2024-10-17 19:58:20.189999819+00:00,2024-10-17 21:58:20.189999819+02:00
1729195114.59,4455,1508400000.0,2024-10-17 19:58:34.589999914+00:00,2024-10-17 21:58:34.589999914+02:00
1729195128.99,4455,0.0,2024-10-17 19:58:48.990000010+00:00,2024-10-17 21:58:48.990000010+02:00
1729195143.3899999,4455,0.0,2024-10-17 19:59:03.389999866+00:00,2024-10-17 21:59:03.389999866+02:00
1729195157.79,4455,0.0,2024-10-17 19:59:17.789999962+00:00,2024-10-17 21:59:17.789999962+02:00
1729195172.1899998,4455,0.0,2024-10-17 19:59:32.189999819+00:00,2024-10-17 21:59:32.189999819+02:00
1729195186.59,4455,0.0,2024-10-17 19:59:46.589999914+00:00,2024-10-17 21:59:46.589999914+02:00
1729195200.99,4455,0.0,2024-10-17 20:00:00.990000010+00:00,2024-10-17 22:00:00.990000010+02:00
1729195215.3899999,4455,0.0,2024-10-17 20:00:15.389999866+00:00,2024-10-17 22:00:15.389999866+02:00
1729195229.79,4455,0.0,2024-10-17 20:00:29.789999962+00:00,2024-10-17 22:00:29.789999962+02:00
1729195244.1899998,4455,3268200000.0,2024-10-17 20:00:44.189999819+00:00,2024-10-17 22:00:44.189999819+02:00
1729195258.59,4455,0.0,2024-10-17 20:00:58.589999914+00:00,2024-10-17 22:00:58.589999914+02:00
1729195272.99,4455,1424600000.0,2024-10-17 20:01:12.990000010+00:00,2024-10-17 22:01:12.990000010+02:00
1729195287.3899999,4455,5363200000.0,2024-10-17 20:01:27.389999866+00:00,2024-10-17 22:01:27.389999866+02:00
1729195301.79,4455,0.0,2024-10-17 20:01:41.789999962+00:00,2024-10-17 22:01:41.789999962+02:00
1729195316.1899998,4455,167600000.0,2024-10-17 20:01:56.189999819+00:00,2024-10-17 22:01:56.189999819+02:00
1729195330.59,4455,4273800000.0,2024-10-17 20:02:10.589999914+00:00,2024-10-17 22:02:10.589999914+02:00
1729195344.99,4455,0.0,2024-10-17 20:02:24.990000010+00:00,2024-10-17 22:02:24.990000010+02:00
1729195359.3899999,4455,0.0,2024-10-17 20:02:39.389999866+00:00,2024-10-17 22:02:39.389999866+02:00
1729195373.79,4455,0.0,2024-10-17 20:02:53.789999962+00:00,2024-10-17 22:02:53.789999962+02:00
1729195388.1899998,4455,1424600000.0,2024-10-17 20:03:08.189999819+00:00,2024-10-17 22:03:08.189999819+02:00
1729195402.59,4455,335200000.0,2024-10-17 20:03:22.589999914+00:00,2024-10-17 22:03:22.589999914+02:00
1729195416.99,4455,0.0,2024-10-17 20:03:36.990000010+00:00,2024-10-17 22:03:36.990000010+02:00
1729195431.3899999,4455,167600000.0,2024-10-17 20:03:51.389999866+00:00,2024-10-17 22:03:51.389999866+02:00
1729195445.79,4455,0.0,2024-10-17 20:04:05.789999962+00:00,2024-10-17 22:04:05.789999962+02:00
1729195460.1899998,4455,0.0,2024-10-17 20:04:20.189999819+00:00,2024-10-17 22:04:20.189999819+02:00
1729195474.59,4455,1759800000.0,2024-10-17 20:04:34.589999914+00:00,2024-10-17 22:04:34.589999914+02:00
1729195488.99,4455,0.0,2024-10-17 20:04:48.990000010+00:00,2024-10-17 22:04:48.990000010+02:00
1729195503.3899999,4455,1089400000.0,2024-10-17 20:05:03.389999866+00:00,2024-10-17 22:05:03.389999866+02:00
1729195517.79,4455,3268200000.0,2024-10-17 20:05:17.789999962+00:00,2024-10-17 22:05:17.789999962+02:00
1729195532.1899998,4455,6285000000.0,2024-10-17 20:05:32.189999819+00:00,2024-10-17 22:05:32.189999819+02:00
1729195546.59,4455,0.0,2024-10-17 20:05:46.589999914+00:00,2024-10-17 22:05:46.589999914+02:00
1729195560.99,4455,0.0,2024-10-17 20:06:00.990000010+00:00,2024-10-17 22:06:00.990000010+02:00
1729195575.3899999,4455,83800000.0,2024-10-17 20:06:15.389999866+00:00,2024-10-17 22:06:15.389999866+02:00
1729195589.79,4455,0.0,2024-10-17 20:06:29.789999962+00:00,2024-10-17 22:06:29.789999962+02:00
1729195604.1899998,4455,0.0,2024-10-17 20:06:44.189999819+00:00,2024-10-17 22:06:44.189999819+02:00
1729195618.59,4455,0.0,2024-10-17 20:06:58.589999914+00:00,2024-10-17 22:06:58.589999914+02:00
1729195632.99,4455,0.0,2024-10-17 20:07:12.990000010+00:00,2024-10-17 22:07:12.990000010+02:00
1729195647.3899999,4455,0.0,2024-10-17 20:07:27.389999866+00:00,2024-10-17 22:07:27.389999866+02:00
1729195661.79,4455,670400000.0,2024-10-17 20:07:41.789999962+00:00,2024-10-17 22:07:41.789999962+02:00
1729195676.1899998,4455,0.0,2024-10-17 20:07:56.189999819+00:00,2024-10-17 22:07:56.189999819+02:00
1729195690.59,4455,0.0,2024-10-17 20:08:10.589999914+00:00,2024-10-17 22:08:10.589999914+02:00
1729195704.99,4455,3352000000.0,2024-10-17 20:08:24.990000010+00:00,2024-10-17 22:08:24.990000010+02:00
1729195719.3899999,4455,0.0,2024-10-17 20:08:39.389999866+00:00,2024-10-17 22:08:39.389999866+02:00
1729195733.79,4455,2430200000.0,2024-10-17 20:08:53.789999962+00:00,2024-10-17 22:08:53.789999962+02:00
1729195748.1899998,4455,0.0,2024-10-17 20:09:08.189999819+00:00,2024-10-17 22:09:08.189999819+02:00
1729195762.59,4455,0.0,2024-10-17 20:09:22.589999914+00:00,2024-10-17 22:09:22.589999914+02:00
1729195776.99,4455,0.0,2024-10-17 20:09:36.990000010+00:00,2024-10-17 22:09:36.990000010+02:00
1729195791.3899999,4455,0.0,2024-10-17 20:09:51.389999866+00:00,2024-10-17 22:09:51.389999866+02:00
1729195805.79,4455,0.0,2024-10-17 20:10:05.789999962+00:00,2024-10-17 22:10:05.789999962+02:00
1729195820.1899998,4455,4692800000.0,2024-10-17 20:10:20.189999819+00:00,2024-10-17 22:10:20.189999819+02:00
1729195834.59,4455,5698400000.0,2024-10-17 20:10:34.589999914+00:00,2024-10-17 22:10:34.589999914+02:00
1729195848.99,4455,4190000000.0,2024-10-17 20:10:48.990000010+00:00,2024-10-17 22:10:48.990000010+02:00
1729195863.3899999,4455,5530800000.0,2024-10-17 20:11:03.389999866+00:00,2024-10-17 22:11:03.389999866+02:00
1729195877.79,4455,1173200000.0,2024-10-17 20:11:17.789999962+00:00,2024-10-17 22:11:17.789999962+02:00
1729195892.1899998,4455,251400000.0,2024-10-17 20:11:32.189999819+00:00,2024-10-17 22:11:32.189999819+02:00
1729195906.59,4455,3603400000.0,2024-10-17 20:11:46.589999914+00:00,2024-10-17 22:11:46.589999914+02:00
1729195920.99,4455,3687200000.0,2024-10-17 20:12:00.990000010+00:00,2024-10-17 22:12:00.990000010+02:00
1729195935.3899999,4455,502800000.0,2024-10-17 20:12:15.389999866+00:00,2024-10-17 22:12:15.389999866+02:00
1729195949.79,4455,0.0,2024-10-17 20:12:29.789999962+00:00,2024-10-17 22:12:29.789999962+02:00
1729195964.1899998,4455,0.0,2024-10-17 20:12:44.189999819+00:00,2024-10-17 22:12:44.189999819+02:00
1729195978.59,4455,2765400000.0,2024-10-17 20:12:58.589999914+00:00,2024-10-17 22:12:58.589999914+02:00
1729195992.99,4455,4357600000.0,2024-10-17 20:13:12.990000010+00:00,2024-10-17 22:13:12.990000010+02:00
1729196007.3899999,4455,0.0,2024-10-17 20:13:27.389999866+00:00,2024-10-17 22:13:27.389999866+02:00
1729196021.79,4455,1089400000.0,2024-10-17 20:13:41.789999962+00:00,2024-10-17 22:13:41.789999962+02:00
1729196036.1899998,4455,670400000.0,2024-10-17 20:13:56.189999819+00:00,2024-10-17 22:13:56.189999819+02:00
1729196050.59,4455,0.0,2024-10-17 20:14:10.589999914+00:00,2024-10-17 22:14:10.589999914+02:00
1729196064.99,4455,3352000000.0,2024-10-17 20:14:24.990000010+00:00,2024-10-17 22:14:24.990000010+02:00
1729196079.3899999,4455,0.0,2024-10-17 20:14:39.389999866+00:00,2024-10-17 22:14:39.389999866+02:00
1729196093.79,4455,0.0,2024-10-17 20:14:53.789999962+00:00,2024-10-17 22:14:53.789999962+02:00
1729196108.1899998,4455,0.0,2024-10-17 20:15:08.189999819+00:00,2024-10-17 22:15:08.189999819+02:00
1729196122.59,4455,0.0,2024-10-17 20:15:22.589999914+00:00,2024-10-17 22:15:22.589999914+02:00
1729196136.99,4455,0.0,2024-10-17 20:15:36.990000010+00:00,2024-10-17 22:15:36.990000010+02:00
1729196151.3899999,4455,1257000000.0,2024-10-17 20:15:51.389999866+00:00,2024-10-17 22:15:51.389999866+02:00
1729196165.79,4455,1592200000.0,2024-10-17 20:16:05.789999962+00:00,2024-10-17 22:16:05.789999962+02:00
1729196180.1899998,4455,0.0,2024-10-17 20:16:20.189999819+00:00,2024-10-17 22:16:20.189999819+02:00
1729196194.59,4455,0.0,2024-10-17 20:16:34.589999914+00:00,2024-10-17 22:16:34.589999914+02:00
1729196208.99,4455,1089400000.0,2024-10-17 20:16:48.990000010+00:00,2024-10-17 22:16:48.990000010+02:00
1729196223.3899999,4455,83800000.0,2024-10-17 20:17:03.389999866+00:00,2024-10-17 22:17:03.389999866+02:00
1729196237.79,4455,1843600000.0,2024-10-17 20:17:17.789999962+00:00,2024-10-17 22:17:17.789999962+02:00
1729196252.1899998,4455,0.0,2024-10-17 20:17:32.189999819+00:00,2024-10-17 22:17:32.189999819+02:00
1729196266.59,4455,0.0,2024-10-17 20:17:46.589999914+00:00,2024-10-17 22:17:46.589999914+02:00
1729196280.99,4455,502800000.0,2024-10-17 20:18:00.990000010+00:00,2024-10-17 22:18:00.990000010+02:00
1729196295.3899999,4455,0.0,2024-10-17 20:18:15.389999866+00:00,2024-10-17 22:18:15.389999866+02:00
1729196309.79,4455,2011200000.0,2024-10-17 20:18:29.789999962+00:00,2024-10-17 22:18:29.789999962+02:00
1729196324.1899998,4455,0.0,2024-10-17 20:18:44.189999819+00:00,2024-10-17 22:18:44.189999819+02:00
1729196338.59,4455,8212400000.0,2024-10-17 20:18:58.589999914+00:00,2024-10-17 22:18:58.589999914+02:00
1729196352.99,4455,4022400000.0,2024-10-17 20:19:12.990000010+00:00,2024-10-17 22:19:12.990000010+02:00
1729196367.3899999,4455,0.0,2024-10-17 20:19:27.389999866+00:00,2024-10-17 22:19:27.389999866+02:00
1729196381.79,4455,2095000000.0,2024-10-17 20:19:41.789999962+00:00,2024-10-17 22:19:41.789999962+02:00
1729196396.1899998,4455,0.0,2024-10-17 20:19:56.189999819+00:00,2024-10-17 22:19:56.189999819+02:00
1729196410.59,4455,1173200000.0,2024-10-17 20:20:10.589999914+00:00,2024-10-17 22:20:10.589999914+02:00
1729196424.99,4455,0.0,2024-10-17 20:20:24.990000010+00:00,2024-10-17 22:20:24.990000010+02:00
1729196439.3899999,4455,4525200000.0,2024-10-17 20:20:39.389999866+00:00,2024-10-17 22:20:39.389999866+02:00
1729196453.79,4455,2430200000.0,2024-10-17 20:20:53.789999962+00:00,2024-10-17 22:20:53.789999962+02:00
1729196468.1899998,4455,0.0,2024-10-17 20:21:08.189999819+00:00,2024-10-17 22:21:08.189999819+02:00
1729196482.59,4455,0.0,2024-10-17 20:21:22.589999914+00:00,2024-10-17 22:21:22.589999914+02:00
1729196496.99,4455,0.0,2024-10-17 20:21:36.990000010+00:00,2024-10-17 22:21:36.990000010+02:00
1729196511.3899999,4455,0.0,2024-10-17 20:21:51.389999866+00:00,2024-10-17 22:21:51.389999866+02:00
1729196525.79,4455,1927400000.0,2024-10-17 20:22:05.789999962+00:00,2024-10-17 22:22:05.789999962+02:00
1729196540.1899998,4455,0.0,2024-10-17 20:22:20.189999819+00:00,2024-10-17 22:22:20.189999819+02:00
1729196554.59,4455,83800000.0,2024-10-17 20:22:34.589999914+00:00,2024-10-17 22:22:34.589999914+02:00
1729196568.99,4455,1759800000.0,2024-10-17 20:22:48.990000010+00:00,2024-10-17 22:22:48.990000010+02:00
1729196583.3899999,4455,1257000000.0,2024-10-17 20:23:03.389999866+00:00,2024-10-17 22:23:03.389999866+02:00
1729196597.79,4455,0.0,2024-10-17 20:23:17.789999962+00:00,2024-10-17 22:23:17.789999962+02:00
1729196612.1899998,4455,0.0,2024-10-17 20:23:32.189999819+00:00,2024-10-17 22:23:32.189999819+02:00
1729196626.59,4455,0.0,2024-10-17 20:23:46.589999914+00:00,2024-10-17 22:23:46.589999914+02:00
1729196640.99,4455,0.0,2024-10-17 20:24:00.990000010+00:00,2024-10-17 22:24:00.990000010+02:00
1729196655.3899999,4455,0.0,2024-10-17 20:24:15.389999866+00:00,2024-10-17 22:24:15.389999866+02:00
1729196669.79,4455,0.0,2024-10-17 20:24:29.789999962+00:00,2024-10-17 22:24:29.789999962+02:00
1729196684.1899998,4455,1676000000.0,2024-10-17 20:24:44.189999819+00:00,2024-10-17 22:24:44.189999819+02:00
1729196698.59,4455,1424600000.0,2024-10-17 20:24:58.589999914+00:00,2024-10-17 22:24:58.589999914+02:00
1729196712.99,4455,0.0,2024-10-17 20:25:12.990000010+00:00,2024-10-17 22:25:12.990000010+02:00
1729196727.3899999,4455,0.0,2024-10-17 20:25:27.389999866+00:00,2024-10-17 22:25:27.389999866+02:00
1729196741.79,4455,2178800000.0,2024-10-17 20:25:41.789999962+00:00,2024-10-17 22:25:41.789999962+02:00
1729196756.1899998,4455,0.0,2024-10-17 20:25:56.189999819+00:00,2024-10-17 22:25:56.189999819+02:00
1729196770.59,4455,2430200000.0,2024-10-17 20:26:10.589999914+00:00,2024-10-17 22:26:10.589999914+02:00
1729196784.99,4455,0.0,2024-10-17 20:26:24.990000010+00:00,2024-10-17 22:26:24.990000010+02:00
1729196799.3899999,4455,419000000.0,2024-10-17 20:26:39.389999866+00:00,2024-10-17 22:26:39.389999866+02:00
1729196813.79,4455,83800000.0,2024-10-17 20:26:53.789999962+00:00,2024-10-17 22:26:53.789999962+02:00
1729196828.1899998,4455,1089400000.0,2024-10-17 20:27:08.189999819+00:00,2024-10-17 22:27:08.189999819+02:00
1729196842.59,4455,921800000.0,2024-10-17 20:27:22.589999914+00:00,2024-10-17 22:27:22.589999914+02:00
1729196856.99,4455,0.0,2024-10-17 20:27:36.990000010+00:00,2024-10-17 22:27:36.990000010+02:00
1729196871.3899999,4455,0.0,2024-10-17 20:27:51.389999866+00:00,2024-10-17 22:27:51.389999866+02:00
1729196885.79,4455,1005600000.0,2024-10-17 20:28:05.789999962+00:00,2024-10-17 22:28:05.789999962+02:00
1729196900.1899998,4455,3435800000.0,2024-10-17 20:28:20.189999819+00:00,2024-10-17 22:28:20.189999819+02:00
1729196914.59,4455,0.0,2024-10-17 20:28:34.589999914+00:00,2024-10-17 22:28:34.589999914+02:00
1729196928.99,4455,0.0,2024-10-17 20:28:48.990000010+00:00,2024-10-17 22:28:48.990000010+02:00
1729196943.3899999,4455,167600000.0,2024-10-17 20:29:03.389999866+00:00,2024-10-17 22:29:03.389999866+02:00
1729196957.79,4455,2178800000.0,2024-10-17 20:29:17.789999962+00:00,2024-10-17 22:29:17.789999962+02:00
1729196972.1899998,4455,2346400000.0,2024-10-17 20:29:32.189999819+00:00,2024-10-17 22:29:32.189999819+02:00
1729196986.59,4455,0.0,2024-10-17 20:29:46.589999914+00:00,2024-10-17 22:29:46.589999914+02:00
1729197000.99,4455,0.0,2024-10-17 20:30:00.990000010+00:00,2024-10-17 22:30:00.990000010+02:00
1729197015.3899999,4455,0.0,2024-10-17 20:30:15.389999866+00:00,2024-10-17 22:30:15.389999866+02:00
1729197029.79,4455,1340800000.0,2024-10-17 20:30:29.789999962+00:00,2024-10-17 22:30:29.789999962+02:00
1729197044.1899998,4455,2011200000.0,2024-10-17 20:30:44.189999819+00:00,2024-10-17 22:30:44.189999819+02:00
1729197058.59,4455,0.0,2024-10-17 20:30:58.589999914+00:00,2024-10-17 22:30:58.589999914+02:00
1729197072.99,4455,0.0,2024-10-17 20:31:12.990000010+00:00,2024-10-17 22:31:12.990000010+02:00
1729197087.3899999,4455,0.0,2024-10-17 20:31:27.389999866+00:00,2024-10-17 22:31:27.389999866+02:00
1729197101.79,4455,1424600000.0,2024-10-17 20:31:41.789999962+00:00,2024-10-17 22:31:41.789999962+02:00
1729197116.1899998,4455,3519600000.0,2024-10-17 20:31:56.189999819+00:00,2024-10-17 22:31:56.189999819+02:00
1729197130.59,4455,2262600000.0,2024-10-17 20:32:10.589999914+00:00,2024-10-17 22:32:10.589999914+02:00
1729197144.99,4455,419000000.0,2024-10-17 20:32:24.990000010+00:00,2024-10-17 22:32:24.990000010+02:00
1729197159.3899999,4455,4190000000.0,2024-10-17 20:32:39.389999866+00:00,2024-10-17 22:32:39.389999866+02:00
1729197173.79,4455,4441400000.0,2024-10-17 20:32:53.789999962+00:00,2024-10-17 22:32:53.789999962+02:00
1729197188.1899998,4455,2597800000.0,2024-10-17 20:33:08.189999819+00:00,2024-10-17 22:33:08.189999819+02:00
1729197202.59,4455,1508400000.0,2024-10-17 20:33:22.589999914+00:00,2024-10-17 22:33:22.589999914+02:00
1729197216.99,4455,1089400000.0,2024-10-17 20:33:36.990000010+00:00,2024-10-17 22:33:36.990000010+02:00
1729197231.3899999,4455,0.0,2024-10-17 20:33:51.389999866+00:00,2024-10-17 22:33:51.389999866+02:00
1729197245.79,4455,0.0,2024-10-17 20:34:05.789999962+00:00,2024-10-17 22:34:05.789999962+02:00
1729197260.1899998,4455,0.0,2024-10-17 20:34:20.189999819+00:00,2024-10-17 22:34:20.189999819+02:00
1729197274.59,4455,3938600000.0,2024-10-17 20:34:34.589999914+00:00,2024-10-17 22:34:34.589999914+02:00
1729197288.99,4455,921800000.0,2024-10-17 20:34:48.990000010+00:00,2024-10-17 22:34:48.990000010+02:00
1729197303.3899999,4455,0.0,2024-10-17 20:35:03.389999866+00:00,2024-10-17 22:35:03.389999866+02:00
1729197317.79,4455,0.0,2024-10-17 20:35:17.789999962+00:00,2024-10-17 22:35:17.789999962+02:00
1729197332.1899998,4455,83800000.0,2024-10-17 20:35:32.189999819+00:00,2024-10-17 22:35:32.189999819+02:00
1729197346.59,4455,0.0,2024-10-17 20:35:46.589999914+00:00,2024-10-17 22:35:46.589999914+02:00
1729197360.99,4455,921800000.0,2024-10-17 20:36:00.990000010+00:00,2024-10-17 22:36:00.990000010+02:00
1729197375.3899999,4455,0.0,2024-10-17 20:36:15.389999866+00:00,2024-10-17 22:36:15.389999866+02:00
1729197389.79,4455,0.0,2024-10-17 20:36:29.789999962+00:00,2024-10-17 22:36:29.789999962+02:00
1729197404.1899998,4455,3519600000.0,2024-10-17 20:36:44.189999819+00:00,2024-10-17 22:36:44.189999819+02:00
1729197418.59,4455,0.0,2024-10-17 20:36:58.589999914+00:00,2024-10-17 22:36:58.589999914+02:00
1729197432.99,4455,0.0,2024-10-17 20:37:12.990000010+00:00,2024-10-17 22:37:12.990000010+02:00
1729197447.3899999,4455,0.0,2024-10-17 20:37:27.389999866+00:00,2024-10-17 22:37:27.389999866+02:00
1729197461.79,4455,838000000.0,2024-10-17 20:37:41.789999962+00:00,2024-10-17 22:37:41.789999962+02:00
1729197476.1899998,4455,0.0,2024-10-17 20:37:56.189999819+00:00,2024-10-17 22:37:56.189999819+02:00
1729197490.59,4455,2095000000.0,2024-10-17 20:38:10.589999914+00:00,2024-10-17 22:38:10.589999914+02:00
1729197504.99,4455,419000000.0,2024-10-17 20:38:24.990000010+00:00,2024-10-17 22:38:24.990000010+02:00
1729197519.3899999,4455,0.0,2024-10-17 20:38:39.389999866+00:00,2024-10-17 22:38:39.389999866+02:00
1729197533.79,4455,0.0,2024-10-17 20:38:53.789999962+00:00,2024-10-17 22:38:53.789999962+02:00
1729197548.1899998,4455,0.0,2024-10-17 20:39:08.189999819+00:00,2024-10-17 22:39:08.189999819+02:00
1729197562.59,4455,0.0,2024-10-17 20:39:22.589999914+00:00,2024-10-17 22:39:22.589999914+02:00
1729197576.99,4455,0.0,2024-10-17 20:39:36.990000010+00:00,2024-10-17 22:39:36.990000010+02:00
1729197591.3899999,4455,0.0,2024-10-17 20:39:51.389999866+00:00,2024-10-17 22:39:51.389999866+02:00
1729197605.79,4455,1173200000.0,2024-10-17 20:40:05.789999962+00:00,2024-10-17 22:40:05.789999962+02:00
1729197620.1899998,4455,335200000.0,2024-10-17 20:40:20.189999819+00:00,2024-10-17 22:40:20.189999819+02:00
1729197634.59,4455,0.0,2024-10-17 20:40:34.589999914+00:00,2024-10-17 22:40:34.589999914+02:00
1729197648.99,4455,0.0,2024-10-17 20:40:48.990000010+00:00,2024-10-17 22:40:48.990000010+02:00
1729197663.3899999,4455,0.0,2024-10-17 20:41:03.389999866+00:00,2024-10-17 22:41:03.389999866+02:00
1729197677.79,4455,0.0,2024-10-17 20:41:17.789999962+00:00,2024-10-17 22:41:17.789999962+02:00
1729197692.1899998,4455,2346400000.0,2024-10-17 20:41:32.189999819+00:00,2024-10-17 22:41:32.189999819+02:00
1729197706.59,4455,3603400000.0,2024-10-17 20:41:46.589999914+00:00,2024-10-17 22:41:46.589999914+02:00
1729197720.99,4455,1340800000.0,2024-10-17 20:42:00.990000010+00:00,2024-10-17 22:42:00.990000010+02:00
1729197735.3899999,4455,2514000000.0,2024-10-17 20:42:15.389999866+00:00,2024-10-17 22:42:15.389999866+02:00
1729197749.79,4455,0.0,2024-10-17 20:42:29.789999962+00:00,2024-10-17 22:42:29.789999962+02:00
1729197764.1899998,4455,0.0,2024-10-17 20:42:44.189999819+00:00,2024-10-17 22:42:44.189999819+02:00
1729197778.59,4455,251400000.0,2024-10-17 20:42:58.589999914+00:00,2024-10-17 22:42:58.589999914+02:00
1729197792.99,4455,0.0,2024-10-17 20:43:12.990000010+00:00,2024-10-17 22:43:12.990000010+02:00
1729197807.3899999,4455,0.0,2024-10-17 20:43:27.389999866+00:00,2024-10-17 22:43:27.389999866+02:00
1729197821.79,4455,2095000000.0,2024-10-17 20:43:41.789999962+00:00,2024-10-17 22:43:41.789999962+02:00
1729197836.1899998,4455,1676000000.0,2024-10-17 20:43:56.189999819+00:00,2024-10-17 22:43:56.189999819+02:00
1729197850.59,4455,0.0,2024-10-17 20:44:10.589999914+00:00,2024-10-17 22:44:10.589999914+02:00
1729197864.99,4455,0.0,2024-10-17 20:44:24.990000010+00:00,2024-10-17 22:44:24.990000010+02:00
1729197879.3899999,4455,0.0,2024-10-17 20:44:39.389999866+00:00,2024-10-17 22:44:39.389999866+02:00
1729197893.79,4455,0.0,2024-10-17 20:44:53.789999962+00:00,2024-10-17 22:44:53.789999962+02:00
1729197908.1899998,4455,1676000000.0,2024-10-17 20:45:08.189999819+00:00,2024-10-17 22:45:08.189999819+02:00
1729197922.59,4455,0.0,2024-10-17 20:45:22.589999914+00:00,2024-10-17 22:45:22.589999914+02:00
1729197936.99,4455,2765400000.0,2024-10-17 20:45:36.990000010+00:00,2024-10-17 22:45:36.990000010+02:00
1729197951.3899999,4455,0.0,2024-10-17 20:45:51.389999866+00:00,2024-10-17 22:45:51.389999866+02:00
1729197965.79,4455,0.0,2024-10-17 20:46:05.789999962+00:00,2024-10-17 22:46:05.789999962+02:00
1729197980.1899998,4455,0.0,2024-10-17 20:46:20.189999819+00:00,2024-10-17 22:46:20.189999819+02:00
1729197994.59,4455,0.0,2024-10-17 20:46:34.589999914+00:00,2024-10-17 22:46:34.589999914+02:00
1729198008.99,4455,0.0,2024-10-17 20:46:48.990000010+00:00,2024-10-17 22:46:48.990000010+02:00
1729198023.3899999,4455,3771000000.0,2024-10-17 20:47:03.389999866+00:00,2024-10-17 22:47:03.389999866+02:00
1729198037.79,4455,1676000000.0,2024-10-17 20:47:17.789999962+00:00,2024-10-17 22:47:17.789999962+02:00
1729198052.1899998,4455,3016800000.0,2024-10-17 20:47:32.189999819+00:00,2024-10-17 22:47:32.189999819+02:00
1729198066.59,4455,0.0,2024-10-17 20:47:46.589999914+00:00,2024-10-17 22:47:46.589999914+02:00
1729198080.99,4455,0.0,2024-10-17 20:48:00.990000010+00:00,2024-10-17 22:48:00.990000010+02:00
1729198095.3899999,4455,2095000000.0,2024-10-17 20:48:15.389999866+00:00,2024-10-17 22:48:15.389999866+02:00
1729198109.79,4455,0.0,2024-10-17 20:48:29.789999962+00:00,2024-10-17 22:48:29.789999962+02:00
1729198124.1899998,4455,1843600000.0,2024-10-17 20:48:44.189999819+00:00,2024-10-17 22:48:44.189999819+02:00
1729198138.59,4455,0.0,2024-10-17 20:48:58.589999914+00:00,2024-10-17 22:48:58.589999914+02:00
1729198152.99,4455,1005600000.0,2024-10-17 20:49:12.990000010+00:00,2024-10-17 22:49:12.990000010+02:00
1729198167.3899999,4455,5530800000.0,2024-10-17 20:49:27.389999866+00:00,2024-10-17 22:49:27.389999866+02:00
1729198181.79,4455,1257000000.0,2024-10-17 20:49:41.789999962+00:00,2024-10-17 22:49:41.789999962+02:00
1729198196.1899998,4455,1508400000.0,2024-10-17 20:49:56.189999819+00:00,2024-10-17 22:49:56.189999819+02:00
1729198210.59,4455,0.0,2024-10-17 20:50:10.589999914+00:00,2024-10-17 22:50:10.589999914+02:00
1729198224.99,4455,5866000000.0,2024-10-17 20:50:24.990000010+00:00,2024-10-17 22:50:24.990000010+02:00
1729198239.3899999,4455,0.0,2024-10-17 20:50:39.389999866+00:00,2024-10-17 22:50:39.389999866+02:00
1729198253.79,4455,2011200000.0,2024-10-17 20:50:53.789999962+00:00,2024-10-17 22:50:53.789999962+02:00
1729198268.1899998,4455,0.0,2024-10-17 20:51:08.189999819+00:00,2024-10-17 22:51:08.189999819+02:00
1729198282.59,4455,0.0,2024-10-17 20:51:22.589999914+00:00,2024-10-17 22:51:22.589999914+02:00
1729198296.99,4455,0.0,2024-10-17 20:51:36.990000010+00:00,2024-10-17 22:51:36.990000010+02:00
1729198311.3899999,4455,2430200000.0,2024-10-17 20:51:51.389999866+00:00,2024-10-17 22:51:51.389999866+02:00
1729198325.79,4455,0.0,2024-10-17 20:52:05.789999962+00:00,2024-10-17 22:52:05.789999962+02:00
1729198340.1899998,4455,167600000.0,2024-10-17 20:52:20.189999819+00:00,2024-10-17 22:52:20.189999819+02:00
1729198354.59,4455,0.0,2024-10-17 20:52:34.589999914+00:00,2024-10-17 22:52:34.589999914+02:00
1729198368.99,4455,0.0,2024-10-17 20:52:48.990000010+00:00,2024-10-17 22:52:48.990000010+02:00
1729198383.3899999,4455,3268200000.0,2024-10-17 20:53:03.389999866+00:00,2024-10-17 22:53:03.389999866+02:00
1729198397.79,4455,0.0,2024-10-17 20:53:17.789999962+00:00,2024-10-17 22:53:17.789999962+02:00
1729198412.1899998,4455,1759800000.0,2024-10-17 20:53:32.189999819+00:00,2024-10-17 22:53:32.189999819+02:00
1729198426.59,4455,0.0,2024-10-17 20:53:46.589999914+00:00,2024-10-17 22:53:46.589999914+02:00
1729198440.99,4455,167600000.0,2024-10-17 20:54:00.990000010+00:00,2024-10-17 22:54:00.990000010+02:00
1729198455.3899999,4455,502800000.0,2024-10-17 20:54:15.389999866+00:00,2024-10-17 22:54:15.389999866+02:00
1729198469.79,4455,167600000.0,2024-10-17 20:54:29.789999962+00:00,2024-10-17 22:54:29.789999962+02:00
1729198484.1899998,4455,1759800000.0,2024-10-17 20:54:44.189999819+00:00,2024-10-17 22:54:44.189999819+02:00
1729198498.59,4455,0.0,2024-10-17 20:54:58.589999914+00:00,2024-10-17 22:54:58.589999914+02:00
1729198512.99,4455,0.0,2024-10-17 20:55:12.990000010+00:00,2024-10-17 22:55:12.990000010+02:00
1729198527.3899999,4455,0.0,2024-10-17 20:55:27.389999866+00:00,2024-10-17 22:55:27.389999866+02:00
1729198541.79,4455,2011200000.0,2024-10-17 20:55:41.789999962+00:00,2024-10-17 22:55:41.789999962+02:00
1729198556.1899998,4455,0.0,2024-10-17 20:55:56.189999819+00:00,2024-10-17 22:55:56.189999819+02:00
1729198570.59,4455,0.0,2024-10-17 20:56:10.589999914+00:00,2024-10-17 22:56:10.589999914+02:00
1729198584.99,4455,3100600000.0,2024-10-17 20:56:24.990000010+00:00,2024-10-17 22:56:24.990000010+02:00
1729198599.3899999,4455,3938600000.0,2024-10-17 20:56:39.389999866+00:00,2024-10-17 22:56:39.389999866+02:00
1729198613.79,4455,0.0,2024-10-17 20:56:53.789999962+00:00,2024-10-17 22:56:53.789999962+02:00
1729198628.1899998,4455,4609000000.0,2024-10-17 20:57:08.189999819+00:00,2024-10-17 22:57:08.189999819+02:00
1729198642.59,4455,0.0,2024-10-17 20:57:22.589999914+00:00,2024-10-17 22:57:22.589999914+02:00
1729198656.99,4455,3938600000.0,2024-10-17 20:57:36.990000010+00:00,2024-10-17 22:57:36.990000010+02:00
1729198671.3899999,4455,1089400000.0,2024-10-17 20:57:51.389999866+00:00,2024-10-17 22:57:51.389999866+02:00
1729198685.79,4455,0.0,2024-10-17 20:58:05.789999962+00:00,2024-10-17 22:58:05.789999962+02:00
1729198700.1899998,4455,1257000000.0,2024-10-17 20:58:20.189999819+00:00,2024-10-17 22:58:20.189999819+02:00
1729198714.59,4455,0.0,2024-10-17 20:58:34.589999914+00:00,2024-10-17 22:58:34.589999914+02:00
1729198728.99,4455,670400000.0,2024-10-17 20:58:48.990000010+00:00,2024-10-17 22:58:48.990000010+02:00
1729198743.3899999,4455,0.0,2024-10-17 20:59:03.389999866+00:00,2024-10-17 22:59:03.389999866+02:00
1729198757.79,4455,0.0,2024-10-17 20:59:17.789999962+00:00,2024-10-17 22:59:17.789999962+02:00
1729198772.1899998,4455,0.0,2024-10-17 20:59:32.189999819+00:00,2024-10-17 22:59:32.189999819+02:00
1729198786.59,4455,2849200000.0,2024-10-17 20:59:46.589999914+00:00,2024-10-17 22:59:46.589999914+02:00
1729198800.99,4455,1759800000.0,2024-10-17 21:00:00.990000010+00:00,2024-10-17 23:00:00.990000010+02:00
1729198815.3899999,4455,2849200000.0,2024-10-17 21:00:15.389999866+00:00,2024-10-17 23:00:15.389999866+02:00
1729198829.79,4455,0.0,2024-10-17 21:00:29.789999962+00:00,2024-10-17 23:00:29.789999962+02:00
1729198844.1899998,4455,3184400000.0,2024-10-17 21:00:44.189999819+00:00,2024-10-17 23:00:44.189999819+02:00
1729198858.59,4455,3435800000.0,2024-10-17 21:00:58.589999914+00:00,2024-10-17 23:00:58.589999914+02:00
1729198872.99,4455,0.0,2024-10-17 21:01:12.990000010+00:00,2024-10-17 23:01:12.990000010+02:00
1729198887.3899999,4455,4692800000.0,2024-10-17 21:01:27.389999866+00:00,2024-10-17 23:01:27.389999866+02:00
1729198901.79,4455,5028000000.0,2024-10-17 21:01:41.789999962+00:00,2024-10-17 23:01:41.789999962+02:00
1729198916.1899998,4455,2430200000.0,2024-10-17 21:01:56.189999819+00:00,2024-10-17 23:01:56.189999819+02:00
1729198930.59,4455,0.0,2024-10-17 21:02:10.589999914+00:00,2024-10-17 23:02:10.589999914+02:00
1729198944.99,4455,3268200000.0,2024-10-17 21:02:24.990000010+00:00,2024-10-17 23:02:24.990000010+02:00
1729198959.3899999,4455,419000000.0,2024-10-17 21:02:39.389999866+00:00,2024-10-17 23:02:39.389999866+02:00
1729198973.79,4455,1089400000.0,2024-10-17 21:02:53.789999962+00:00,2024-10-17 23:02:53.789999962+02:00
1729198988.1899998,4455,419000000.0,2024-10-17 21:03:08.189999819+00:00,2024-10-17 23:03:08.189999819+02:00
1729199002.59,4455,2430200000.0,2024-10-17 21:03:22.589999914+00:00,2024-10-17 23:03:22.589999914+02:00
1729199016.99,4455,0.0,2024-10-17 21:03:36.990000010+00:00,2024-10-17 23:03:36.990000010+02:00
1729199031.3899999,4455,2514000000.0,2024-10-17 21:03:51.389999866+00:00,2024-10-17 23:03:51.389999866+02:00
1729199045.79,4455,0.0,2024-10-17 21:04:05.789999962+00:00,2024-10-17 23:04:05.789999962+02:00
1729199060.1899998,4455,0.0,2024-10-17 21:04:20.189999819+00:00,2024-10-17 23:04:20.189999819+02:00
1729199074.59,4455,251400000.0,2024-10-17 21:04:34.589999914+00:00,2024-10-17 23:04:34.589999914+02:00
1729199088.99,4455,1843600000.0,2024-10-17 21:04:48.990000010+00:00,2024-10-17 23:04:48.990000010+02:00
1729199103.3899999,4455,0.0,2024-10-17 21:05:03.389999866+00:00,2024-10-17 23:05:03.389999866+02:00
1729199117.79,4455,1843600000.0,2024-10-17 21:05:17.789999962+00:00,2024-10-17 23:05:17.789999962+02:00
1729199132.1899998,4455,0.0,2024-10-17 21:05:32.189999819+00:00,2024-10-17 23:05:32.189999819+02:00
1729199146.59,4455,1089400000.0,2024-10-17 21:05:46.589999914+00:00,2024-10-17 23:05:46.589999914+02:00
1729199160.99,4455,2430200000.0,2024-10-17 21:06:00.990000010+00:00,2024-10-17 23:06:00.990000010+02:00
1729199175.3899999,4455,6704000000.0,2024-10-17 21:06:15.389999866+00:00,2024-10-17 23:06:15.389999866+02:00
1729199189.79,4455,0.0,2024-10-17 21:06:29.789999962+00:00,2024-10-17 23:06:29.789999962+02:00
1729199204.1899998,4455,0.0,2024-10-17 21:06:44.189999819+00:00,2024-10-17 23:06:44.189999819+02:00
1729199218.59,4455,2849200000.0,2024-10-17 21:06:58.589999914+00:00,2024-10-17 23:06:58.589999914+02:00
1729199232.99,4455,4609000000.0,2024-10-17 21:07:12.990000010+00:00,2024-10-17 23:07:12.990000010+02:00
1729199247.3899999,4455,0.0,2024-10-17 21:07:27.389999866+00:00,2024-10-17 23:07:27.389999866+02:00
1729199261.79,4455,3268200000.0,2024-10-17 21:07:41.789999962+00:00,2024-10-17 23:07:41.789999962+02:00
1729199276.1899998,4455,5866000000.0,2024-10-17 21:07:56.189999819+00:00,2024-10-17 23:07:56.189999819+02:00
1729199290.59,4455,2178800000.0,2024-10-17 21:08:10.589999914+00:00,2024-10-17 23:08:10.589999914+02:00
1729199304.99,4455,0.0,2024-10-17 21:08:24.990000010+00:00,2024-10-17 23:08:24.990000010+02:00
1729199319.3899999,4455,335200000.0,2024-10-17 21:08:39.389999866+00:00,2024-10-17 23:08:39.389999866+02:00
1729199333.79,4455,419000000.0,2024-10-17 21:08:53.789999962+00:00,2024-10-17 23:08:53.789999962+02:00
1729199348.1899998,4455,0.0,2024-10-17 21:09:08.189999819+00:00,2024-10-17 23:09:08.189999819+02:00
1729199362.59,4455,0.0,2024-10-17 21:09:22.589999914+00:00,2024-10-17 23:09:22.589999914+02:00
1729199376.99,4455,3687200000.0,2024-10-17 21:09:36.990000010+00:00,2024-10-17 23:09:36.990000010+02:00
1729199391.3899999,4455,838000000.0,2024-10-17 21:09:51.389999866+00:00,2024-10-17 23:09:51.389999866+02:00
1729199405.79,4455,0.0,2024-10-17 21:10:05.789999962+00:00,2024-10-17 23:10:05.789999962+02:00
1729199420.1899998,4455,0.0,2024-10-17 21:10:20.189999819+00:00,2024-10-17 23:10:20.189999819+02:00
1729199434.59,4455,0.0,2024-10-17 21:10:34.589999914+00:00,2024-10-17 23:10:34.589999914+02:00
1729199448.99,4455,0.0,2024-10-17 21:10:48.990000010+00:00,2024-10-17 23:10:48.990000010+02:00
1729199463.3899999,4455,0.0,2024-10-17 21:11:03.389999866+00:00,2024-10-17 23:11:03.389999866+02:00
1729199477.79,4455,3435800000.0,2024-10-17 21:11:17.789999962+00:00,2024-10-17 23:11:17.789999962+02:00
1729199492.1899998,4455,3603400000.0,2024-10-17 21:11:32.189999819+00:00,2024-10-17 23:11:32.189999819+02:00
1729199506.59,4455,0.0,2024-10-17 21:11:46.589999914+00:00,2024-10-17 23:11:46.589999914+02:00
1729199520.99,4455,1257000000.0,2024-10-17 21:12:00.990000010+00:00,2024-10-17 23:12:00.990000010+02:00
1729199535.3899999,4455,1508400000.0,2024-10-17 21:12:15.389999866+00:00,2024-10-17 23:12:15.389999866+02:00
1729199549.79,4455,0.0,2024-10-17 21:12:29.789999962+00:00,2024-10-17 23:12:29.789999962+02:00
1729199564.1899998,4455,0.0,2024-10-17 21:12:44.189999819+00:00,2024-10-17 23:12:44.189999819+02:00
1729199578.59,4455,838000000.0,2024-10-17 21:12:58.589999914+00:00,2024-10-17 23:12:58.589999914+02:00
1729199592.99,4455,0.0,2024-10-17 21:13:12.990000010+00:00,2024-10-17 23:13:12.990000010+02:00
1729199607.3899999,4455,0.0,2024-10-17 21:13:27.389999866+00:00,2024-10-17 23:13:27.389999866+02:00
1729199621.79,4455,3100600000.0,2024-10-17 21:13:41.789999962+00:00,2024-10-17 23:13:41.789999962+02:00
1729199636.1899998,4455,167600000.0,2024-10-17 21:13:56.189999819+00:00,2024-10-17 23:13:56.189999819+02:00
1729199650.59,4455,0.0,2024-10-17 21:14:10.589999914+00:00,2024-10-17 23:14:10.589999914+02:00
1729199664.99,4455,0.0,2024-10-17 21:14:24.990000010+00:00,2024-10-17 23:14:24.990000010+02:00
1729199679.3899999,4455,1676000000.0,2024-10-17 21:14:39.389999866+00:00,2024-10-17 23:14:39.389999866+02:00
1729199693.79,4455,4441400000.0,2024-10-17 21:14:53.789999962+00:00,2024-10-17 23:14:53.789999962+02:00
1729199708.1899998,4455,0.0,2024-10-17 21:15:08.189999819+00:00,2024-10-17 23:15:08.189999819+02:00
1729199722.59,4455,670400000.0,2024-10-17 21:15:22.589999914+00:00,2024-10-17 23:15:22.589999914+02:00
1729199736.99,4455,5530800000.0,2024-10-17 21:15:36.990000010+00:00,2024-10-17 23:15:36.990000010+02:00
1729199751.3899999,4455,0.0,2024-10-17 21:15:51.389999866+00:00,2024-10-17 23:15:51.389999866+02:00
1729199765.79,4455,0.0,2024-10-17 21:16:05.789999962+00:00,2024-10-17 23:16:05.789999962+02:00
1729199780.1899998,4455,0.0,2024-10-17 21:16:20.189999819+00:00,2024-10-17 23:16:20.189999819+02:00
1729199794.59,4455,419000000.0,2024-10-17 21:16:34.589999914+00:00,2024-10-17 23:16:34.589999914+02:00
1729199808.99,4455,0.0,2024-10-17 21:16:48.990000010+00:00,2024-10-17 23:16:48.990000010+02:00
1729199823.3899999,4455,1340800000.0,2024-10-17 21:17:03.389999866+00:00,2024-10-17 23:17:03.389999866+02:00
1729199837.79,4455,1005600000.0,2024-10-17 21:17:17.789999962+00:00,2024-10-17 23:17:17.789999962+02:00
1729199852.1899998,4455,3435800000.0,2024-10-17 21:17:32.189999819+00:00,2024-10-17 23:17:32.189999819+02:00
1729199866.59,4455,0.0,2024-10-17 21:17:46.589999914+00:00,2024-10-17 23:17:46.589999914+02:00
1729199880.99,4455,1005600000.0,2024-10-17 21:18:00.990000010+00:00,2024-10-17 23:18:00.990000010+02:00
1729199895.3899999,4455,0.0,2024-10-17 21:18:15.389999866+00:00,2024-10-17 23:18:15.389999866+02:00
1729199909.79,4455,419000000.0,2024-10-17 21:18:29.789999962+00:00,2024-10-17 23:18:29.789999962+02:00
1729199924.1899998,4455,0.0,2024-10-17 21:18:44.189999819+00:00,2024-10-17 23:18:44.189999819+02:00
1729199938.59,4455,0.0,2024-10-17 21:18:58.589999914+00:00,2024-10-17 23:18:58.589999914+02:00
1729199952.99,4455,0.0,2024-10-17 21:19:12.990000010+00:00,2024-10-17 23:19:12.990000010+02:00
1729199967.3899999,4455,3268200000.0,2024-10-17 21:19:27.389999866+00:00,2024-10-17 23:19:27.389999866+02:00
1729199981.79,4455,0.0,2024-10-17 21:19:41.789999962+00:00,2024-10-17 23:19:41.789999962+02:00
1729199996.1899998,4455,1005600000.0,2024-10-17 21:19:56.189999819+00:00,2024-10-17 23:19:56.189999819+02:00
1729200010.59,4455,1759800000.0,2024-10-17 21:20:10.589999914+00:00,2024-10-17 23:20:10.589999914+02:00
1729200024.99,4455,0.0,2024-10-17 21:20:24.990000010+00:00,2024-10-17 23:20:24.990000010+02:00
1729200039.3899999,4455,0.0,2024-10-17 21:20:39.389999866+00:00,2024-10-17 23:20:39.389999866+02:00
1729200053.79,4455,586600000.0,2024-10-17 21:20:53.789999962+00:00,2024-10-17 23:20:53.789999962+02:00
1729200068.1899998,4455,83800000.0,2024-10-17 21:21:08.189999819+00:00,2024-10-17 23:21:08.189999819+02:00
1729200082.59,4455,1508400000.0,2024-10-17 21:21:22.589999914+00:00,2024-10-17 23:21:22.589999914+02:00
1729200096.99,4455,3268200000.0,2024-10-17 21:21:36.990000010+00:00,2024-10-17 23:21:36.990000010+02:00
1729200111.3899999,4455,5698400000.0,2024-10-17 21:21:51.389999866+00:00,2024-10-17 23:21:51.389999866+02:00
1729200125.79,4455,1340800000.0,2024-10-17 21:22:05.789999962+00:00,2024-10-17 23:22:05.789999962+02:00
1729200140.1899998,4455,3603400000.0,2024-10-17 21:22:20.189999819+00:00,2024-10-17 23:22:20.189999819+02:00
1729200154.59,4455,0.0,2024-10-17 21:22:34.589999914+00:00,2024-10-17 23:22:34.589999914+02:00
1729200168.99,4455,0.0,2024-10-17 21:22:48.990000010+00:00,2024-10-17 23:22:48.990000010+02:00
1729200183.3899999,4455,2765400000.0,2024-10-17 21:23:03.389999866+00:00,2024-10-17 23:23:03.389999866+02:00
1729200197.79,4455,2597800000.0,2024-10-17 21:23:17.789999962+00:00,2024-10-17 23:23:17.789999962+02:00
1729200212.1899998,4455,2178800000.0,2024-10-17 21:23:32.189999819+00:00,2024-10-17 23:23:32.189999819+02:00
1729200226.59,4455,0.0,2024-10-17 21:23:46.589999914+00:00,2024-10-17 23:23:46.589999914+02:00
1729200240.99,4455,3016800000.0,2024-10-17 21:24:00.990000010+00:00,2024-10-17 23:24:00.990000010+02:00
1729200255.3899999,4455,0.0,2024-10-17 21:24:15.389999866+00:00,2024-10-17 23:24:15.389999866+02:00
1729200269.79,4455,2933000000.0,2024-10-17 21:24:29.789999962+00:00,2024-10-17 23:24:29.789999962+02:00
1729200284.1899998,4455,251400000.0,2024-10-17 21:24:44.189999819+00:00,2024-10-17 23:24:44.189999819+02:00
1729200298.59,4455,3435800000.0,2024-10-17 21:24:58.589999914+00:00,2024-10-17 23:24:58.589999914+02:00
1729200312.99,4455,2011200000.0,2024-10-17 21:25:12.990000010+00:00,2024-10-17 23:25:12.990000010+02:00
1729200327.3899999,4455,0.0,2024-10-17 21:25:27.389999866+00:00,2024-10-17 23:25:27.389999866+02:00
1729200341.79,4455,3184400000.0,2024-10-17 21:25:41.789999962+00:00,2024-10-17 23:25:41.789999962+02:00
1729200356.1899998,4455,1340800000.0,2024-10-17 21:25:56.189999819+00:00,2024-10-17 23:25:56.189999819+02:00
1729200370.59,4455,2681600000.0,2024-10-17 21:26:10.589999914+00:00,2024-10-17 23:26:10.589999914+02:00
1729200384.99,4455,586600000.0,2024-10-17 21:26:24.990000010+00:00,2024-10-17 23:26:24.990000010+02:00
1729200399.3899999,4455,2178800000.0,2024-10-17 21:26:39.389999866+00:00,2024-10-17 23:26:39.389999866+02:00
1729200413.79,4455,0.0,2024-10-17 21:26:53.789999962+00:00,2024-10-17 23:26:53.789999962+02:00
1729200428.1899998,4455,0.0,2024-10-17 21:27:08.189999819+00:00,2024-10-17 23:27:08.189999819+02:00
1729200442.59,4455,0.0,2024-10-17 21:27:22.589999914+00:00,2024-10-17 23:27:22.589999914+02:00
1729200456.99,4455,3687200000.0,2024-10-17 21:27:36.990000010+00:00,2024-10-17 23:27:36.990000010+02:00
1729200471.3899999,4455,0.0,2024-10-17 21:27:51.389999866+00:00,2024-10-17 23:27:51.389999866+02:00
1729200485.79,4455,754200000.0,2024-10-17 21:28:05.789999962+00:00,2024-10-17 23:28:05.789999962+02:00
1729200500.1899998,4455,586600000.0,2024-10-17 21:28:20.189999819+00:00,2024-10-17 23:28:20.189999819+02:00
1729200514.59,4455,0.0,2024-10-17 21:28:34.589999914+00:00,2024-10-17 23:28:34.589999914+02:00
1729200528.99,4455,1843600000.0,2024-10-17 21:28:48.990000010+00:00,2024-10-17 23:28:48.990000010+02:00
1729200543.3899999,4455,0.0,2024-10-17 21:29:03.389999866+00:00,2024-10-17 23:29:03.389999866+02:00
1729200557.79,4455,0.0,2024-10-17 21:29:17.789999962+00:00,2024-10-17 23:29:17.789999962+02:00
1729200572.1899998,4455,0.0,2024-10-17 21:29:32.189999819+00:00,2024-10-17 23:29:32.189999819+02:00
1729200586.59,4455,0.0,2024-10-17 21:29:46.589999914+00:00,2024-10-17 23:29:46.589999914+02:00
1729200600.99,4455,167600000.0,2024-10-17 21:30:00.990000010+00:00,2024-10-17 23:30:00.990000010+02:00
1729200615.3899999,4455,335200000.0,2024-10-17 21:30:15.389999866+00:00,2024-10-17 23:30:15.389999866+02:00
1729200629.79,4455,0.0,2024-10-17 21:30:29.789999962+00:00,2024-10-17 23:30:29.789999962+02:00
1729200644.1899998,4455,0.0,2024-10-17 21:30:44.189999819+00:00,2024-10-17 23:30:44.189999819+02:00
1729200658.59,4455,0.0,2024-10-17 21:30:58.589999914+00:00,2024-10-17 23:30:58.589999914+02:00
1729200672.99,4455,1424600000.0,2024-10-17 21:31:12.990000010+00:00,2024-10-17 23:31:12.990000010+02:00
1729200687.3899999,4455,2346400000.0,2024-10-17 21:31:27.389999866+00:00,2024-10-17 23:31:27.389999866+02:00
1729200701.79,4455,3771000000.0,2024-10-17 21:31:41.789999962+00:00,2024-10-17 23:31:41.789999962+02:00
1729200716.1899998,4455,0.0,2024-10-17 21:31:56.189999819+00:00,2024-10-17 23:31:56.189999819+02:00
1729200730.59,4455,3016800000.0,2024-10-17 21:32:10.589999914+00:00,2024-10-17 23:32:10.589999914+02:00
1729200744.99,4455,838000000.0,2024-10-17 21:32:24.990000010+00:00,2024-10-17 23:32:24.990000010+02:00
1729200759.3899999,4455,2430200000.0,2024-10-17 21:32:39.389999866+00:00,2024-10-17 23:32:39.389999866+02:00
1729200773.79,4455,838000000.0,2024-10-17 21:32:53.789999962+00:00,2024-10-17 23:32:53.789999962+02:00
1729200788.1899998,4455,0.0,2024-10-17 21:33:08.189999819+00:00,2024-10-17 23:33:08.189999819+02:00
1729200802.59,4455,0.0,2024-10-17 21:33:22.589999914+00:00,2024-10-17 23:33:22.589999914+02:00
1729200816.99,4455,1340800000.0,2024-10-17 21:33:36.990000010+00:00,2024-10-17 23:33:36.990000010+02:00
1729200831.3899999,4455,0.0,2024-10-17 21:33:51.389999866+00:00,2024-10-17 23:33:51.389999866+02:00
1729200845.79,4455,0.0,2024-10-17 21:34:05.789999962+00:00,2024-10-17 23:34:05.789999962+02:00
1729200860.1899998,4455,0.0,2024-10-17 21:34:20.189999819+00:00,2024-10-17 23:34:20.189999819+02:00
1729200874.59,4455,5111800000.0,2024-10-17 21:34:34.589999914+00:00,2024-10-17 23:34:34.589999914+02:00
1729200888.99,4455,4609000000.0,2024-10-17 21:34:48.990000010+00:00,2024-10-17 23:34:48.990000010+02:00
1729200903.3899999,4455,0.0,2024-10-17 21:35:03.389999866+00:00,2024-10-17 23:35:03.389999866+02:00
1729200917.79,4455,0.0,2024-10-17 21:35:17.789999962+00:00,2024-10-17 23:35:17.789999962+02:00
1729200932.1899998,4455,2933000000.0,2024-10-17 21:35:32.189999819+00:00,2024-10-17 23:35:32.189999819+02:00
1729200946.59,4455,1257000000.0,2024-10-17 21:35:46.589999914+00:00,2024-10-17 23:35:46.589999914+02:00
1729200960.99,4455,0.0,2024-10-17 21:36:00.990000010+00:00,2024-10-17 23:36:00.990000010+02:00
1729200975.3899999,4455,0.0,2024-10-17 21:36:15.389999866+00:00,2024-10-17 23:36:15.389999866+02:00
1729200989.79,4455,4106200000.0,2024-10-17 21:36:29.789999962+00:00,2024-10-17 23:36:29.789999962+02:00
1729201004.1899998,4455,2681600000.0,2024-10-17 21:36:44.189999819+00:00,2024-10-17 23:36:44.189999819+02:00
1729201018.59,4455,1173200000.0,2024-10-17 21:36:58.589999914+00:00,2024-10-17 23:36:58.589999914+02:00
1729201032.99,4455,0.0,2024-10-17 21:37:12.990000010+00:00,2024-10-17 23:37:12.990000010+02:00
1729201047.3899999,4455,2178800000.0,2024-10-17 21:37:27.389999866+00:00,2024-10-17 23:37:27.389999866+02:00
1729201061.79,4455,0.0,2024-10-17 21:37:41.789999962+00:00,2024-10-17 23:37:41.789999962+02:00
1729201076.1899998,4455,0.0,2024-10-17 21:37:56.189999819+00:00,2024-10-17 23:37:56.189999819+02:00
1729201090.59,4455,0.0,2024-10-17 21:38:10.589999914+00:00,2024-10-17 23:38:10.589999914+02:00
1729201104.99,4455,670400000.0,2024-10-17 21:38:24.990000010+00:00,2024-10-17 23:38:24.990000010+02:00
1729201119.3899999,4455,1257000000.0,2024-10-17 21:38:39.389999866+00:00,2024-10-17 23:38:39.389999866+02:00
1729201133.79,4455,0.0,2024-10-17 21:38:53.789999962+00:00,2024-10-17 23:38:53.789999962+02:00
1729201148.1899998,4455,0.0,2024-10-17 21:39:08.189999819+00:00,2024-10-17 23:39:08.189999819+02:00
1729201162.59,4455,1340800000.0,2024-10-17 21:39:22.589999914+00:00,2024-10-17 23:39:22.589999914+02:00
1729201176.99,4455,838000000.0,2024-10-17 21:39:36.990000010+00:00,2024-10-17 23:39:36.990000010+02:00
1729201191.3899999,4455,0.0,2024-10-17 21:39:51.389999866+00:00,2024-10-17 23:39:51.389999866+02:00
1729201205.79,4455,167600000.0,2024-10-17 21:40:05.789999962+00:00,2024-10-17 23:40:05.789999962+02:00
1729201220.1899998,4455,251400000.0,2024-10-17 21:40:20.189999819+00:00,2024-10-17 23:40:20.189999819+02:00
1729201234.59,4455,0.0,2024-10-17 21:40:34.589999914+00:00,2024-10-17 23:40:34.589999914+02:00
1729201248.99,4455,0.0,2024-10-17 21:40:48.990000010+00:00,2024-10-17 23:40:48.990000010+02:00
1729201263.3899999,4455,921800000.0,2024-10-17 21:41:03.389999866+00:00,2024-10-17 23:41:03.389999866+02:00
1729201277.79,4455,0.0,2024-10-17 21:41:17.789999962+00:00,2024-10-17 23:41:17.789999962+02:00
1729201292.1899998,4455,0.0,2024-10-17 21:41:32.189999819+00:00,2024-10-17 23:41:32.189999819+02:00
1729201306.59,4455,0.0,2024-10-17 21:41:46.589999914+00:00,2024-10-17 23:41:46.589999914+02:00
1729201320.99,4455,3771000000.0,2024-10-17 21:42:00.990000010+00:00,2024-10-17 23:42:00.990000010+02:00
1729201335.3899999,4455,0.0,2024-10-17 21:42:15.389999866+00:00,2024-10-17 23:42:15.389999866+02:00
1729201349.79,4455,0.0,2024-10-17 21:42:29.789999962+00:00,2024-10-17 23:42:29.789999962+02:00
1729201364.1899998,4455,0.0,2024-10-17 21:42:44.189999819+00:00,2024-10-17 23:42:44.189999819+02:00
1729201378.59,4455,2095000000.0,2024-10-17 21:42:58.589999914+00:00,2024-10-17 23:42:58.589999914+02:00
1729201392.99,4455,4441400000.0,2024-10-17 21:43:12.990000010+00:00,2024-10-17 23:43:12.990000010+02:00
1729201407.3899999,4455,1089400000.0,2024-10-17 21:43:27.389999866+00:00,2024-10-17 23:43:27.389999866+02:00
1729201421.79,4455,0.0,2024-10-17 21:43:41.789999962+00:00,2024-10-17 23:43:41.789999962+02:00
1729201436.1899998,4455,0.0,2024-10-17 21:43:56.189999819+00:00,2024-10-17 23:43:56.189999819+02:00
1729201450.59,4455,251400000.0,2024-10-17 21:44:10.589999914+00:00,2024-10-17 23:44:10.589999914+02:00
1729201464.99,4455,0.0,2024-10-17 21:44:24.990000010+00:00,2024-10-17 23:44:24.990000010+02:00
1729201479.3899999,4455,921800000.0,2024-10-17 21:44:39.389999866+00:00,2024-10-17 23:44:39.389999866+02:00
1729201493.79,4455,0.0,2024-10-17 21:44:53.789999962+00:00,2024-10-17 23:44:53.789999962+02:00
1729201508.1899998,4455,2346400000.0,2024-10-17 21:45:08.189999819+00:00,2024-10-17 23:45:08.189999819+02:00
1729201522.59,4455,0.0,2024-10-17 21:45:22.589999914+00:00,2024-10-17 23:45:22.589999914+02:00
1729201536.99,4455,0.0,2024-10-17 21:45:36.990000010+00:00,2024-10-17 23:45:36.990000010+02:00
1729201551.3899999,4455,5028000000.0,2024-10-17 21:45:51.389999866+00:00,2024-10-17 23:45:51.389999866+02:00
1729201565.79,4455,335200000.0,2024-10-17 21:46:05.789999962+00:00,2024-10-17 23:46:05.789999962+02:00
1729201580.1899998,4455,0.0,2024-10-17 21:46:20.189999819+00:00,2024-10-17 23:46:20.189999819+02:00
1729201594.59,4455,0.0,2024-10-17 21:46:34.589999914+00:00,2024-10-17 23:46:34.589999914+02:00
1729201608.99,4455,838000000.0,2024-10-17 21:46:48.990000010+00:00,2024-10-17 23:46:48.990000010+02:00
1729201623.3899999,4455,502800000.0,2024-10-17 21:47:03.389999866+00:00,2024-10-17 23:47:03.389999866+02:00
1729201637.79,4455,1173200000.0,2024-10-17 21:47:17.789999962+00:00,2024-10-17 23:47:17.789999962+02:00
1729201652.1899998,4455,3352000000.0,2024-10-17 21:47:32.189999819+00:00,2024-10-17 23:47:32.189999819+02:00
1729201666.59,4455,3352000000.0,2024-10-17 21:47:46.589999914+00:00,2024-10-17 23:47:46.589999914+02:00
1729201680.99,4455,1257000000.0,2024-10-17 21:48:00.990000010+00:00,2024-10-17 23:48:00.990000010+02:00
1729201695.3899999,4455,4860400000.0,2024-10-17 21:48:15.389999866+00:00,2024-10-17 23:48:15.389999866+02:00
1729201709.79,4455,1759800000.0,2024-10-17 21:48:29.789999962+00:00,2024-10-17 23:48:29.789999962+02:00
1729201724.1899998,4455,0.0,2024-10-17 21:48:44.189999819+00:00,2024-10-17 23:48:44.189999819+02:00
1729201738.59,4455,0.0,2024-10-17 21:48:58.589999914+00:00,2024-10-17 23:48:58.589999914+02:00
1729201752.99,4455,0.0,2024-10-17 21:49:12.990000010+00:00,2024-10-17 23:49:12.990000010+02:00
1729201767.3899999,4455,0.0,2024-10-17 21:49:27.389999866+00:00,2024-10-17 23:49:27.389999866+02:00
1729201781.79,4455,0.0,2024-10-17 21:49:41.789999962+00:00,2024-10-17 23:49:41.789999962+02:00
1729201796.1899998,4455,0.0,2024-10-17 21:49:56.189999819+00:00,2024-10-17 23:49:56.189999819+02:00
1729201810.59,4455,0.0,2024-10-17 21:50:10.589999914+00:00,2024-10-17 23:50:10.589999914+02:00
1729201824.99,4455,0.0,2024-10-17 21:50:24.990000010+00:00,2024-10-17 23:50:24.990000010+02:00
1729201839.3899999,4455,0.0,2024-10-17 21:50:39.389999866+00:00,2024-10-17 23:50:39.389999866+02:00
1729201853.79,4455,1005600000.0,2024-10-17 21:50:53.789999962+00:00,2024-10-17 23:50:53.789999962+02:00
1729201868.1899998,4455,0.0,2024-10-17 21:51:08.189999819+00:00,2024-10-17 23:51:08.189999819+02:00
1729201882.59,4455,3435800000.0,2024-10-17 21:51:22.589999914+00:00,2024-10-17 23:51:22.589999914+02:00
1729201896.99,4455,0.0,2024-10-17 21:51:36.990000010+00:00,2024-10-17 23:51:36.990000010+02:00
1729201911.3899999,4455,1089400000.0,2024-10-17 21:51:51.389999866+00:00,2024-10-17 23:51:51.389999866+02:00
1729201925.79,4455,0.0,2024-10-17 21:52:05.789999962+00:00,2024-10-17 23:52:05.789999962+02:00
1729201940.1899998,4455,502800000.0,2024-10-17 21:52:20.189999819+00:00,2024-10-17 23:52:20.189999819+02:00
1729201954.59,4455,0.0,2024-10-17 21:52:34.589999914+00:00,2024-10-17 23:52:34.589999914+02:00
1729201968.99,4455,0.0,2024-10-17 21:52:48.990000010+00:00,2024-10-17 23:52:48.990000010+02:00
1729201983.3899999,4455,1592200000.0,2024-10-17 21:53:03.389999866+00:00,2024-10-17 23:53:03.389999866+02:00
1729201997.79,4455,0.0,2024-10-17 21:53:17.789999962+00:00,2024-10-17 23:53:17.789999962+02:00
1729202012.1899998,4455,5447000000.0,2024-10-17 21:53:32.189999819+00:00,2024-10-17 23:53:32.189999819+02:00
1729202026.59,4455,0.0,2024-10-17 21:53:46.589999914+00:00,2024-10-17 23:53:46.589999914+02:00
1729202040.99,4455,1843600000.0,2024-10-17 21:54:00.990000010+00:00,2024-10-17 23:54:00.990000010+02:00
1729202055.3899999,4455,2178800000.0,2024-10-17 21:54:15.389999866+00:00,2024-10-17 23:54:15.389999866+02:00
1729202069.79,4455,0.0,2024-10-17 21:54:29.789999962+00:00,2024-10-17 23:54:29.789999962+02:00
1729202084.1899998,4455,0.0,2024-10-17 21:54:44.189999819+00:00,2024-10-17 23:54:44.189999819+02:00
1729202098.59,4455,3938600000.0,2024-10-17 21:54:58.589999914+00:00,2024-10-17 23:54:58.589999914+02:00
1729202112.99,4455,0.0,2024-10-17 21:55:12.990000010+00:00,2024-10-17 23:55:12.990000010+02:00
1729202127.3899999,4455,4273800000.0,2024-10-17 21:55:27.389999866+00:00,2024-10-17 23:55:27.389999866+02:00
1729202141.79,4455,0.0,2024-10-17 21:55:41.789999962+00:00,2024-10-17 23:55:41.789999962+02:00
1729202156.1899998,4455,5782200000.0,2024-10-17 21:55:56.189999819+00:00,2024-10-17 23:55:56.189999819+02:00
1729202170.59,4455,1005600000.0,2024-10-17 21:56:10.589999914+00:00,2024-10-17 23:56:10.589999914+02:00
1729202184.99,4455,0.0,2024-10-17 21:56:24.990000010+00:00,2024-10-17 23:56:24.990000010+02:00
1729202199.3899999,4455,1089400000.0,2024-10-17 21:56:39.389999866+00:00,2024-10-17 23:56:39.389999866+02:00
1729202213.79,4455,1340800000.0,2024-10-17 21:56:53.789999962+00:00,2024-10-17 23:56:53.789999962+02:00
1729202228.1899998,4455,4106200000.0,2024-10-17 21:57:08.189999819+00:00,2024-10-17 23:57:08.189999819+02:00
1729202242.59,4455,3100600000.0,2024-10-17 21:57:22.589999914+00:00,2024-10-17 23:57:22.589999914+02:00
1729202256.99,4455,1424600000.0,2024-10-17 21:57:36.990000010+00:00,2024-10-17 23:57:36.990000010+02:00
1729202271.3899999,4455,0.0,2024-10-17 21:57:51.389999866+00:00,2024-10-17 23:57:51.389999866+02:00
1729202285.79,4455,0.0,2024-10-17 21:58:05.789999962+00:00,2024-10-17 23:58:05.789999962+02:00
1729202300.1899998,4455,3100600000.0,2024-10-17 21:58:20.189999819+00:00,2024-10-17 23:58:20.189999819+02:00
1729202314.59,4455,0.0,2024-10-17 21:58:34.589999914+00:00,2024-10-17 23:58:34.589999914+02:00
1729202328.99,4455,3519600000.0,2024-10-17 21:58:48.990000010+00:00,2024-10-17 23:58:48.990000010+02:00
1729202343.3899999,4455,0.0,2024-10-17 21:59:03.389999866+00:00,2024-10-17 23:59:03.389999866+02:00
1729202357.79,4455,2262600000.0,2024-10-17 21:59:17.789999962+00:00,2024-10-17 23:59:17.789999962+02:00
1729202372.1899998,4455,0.0,2024-10-17 21:59:32.189999819+00:00,2024-10-17 23:59:32.189999819+02:00
1729202386.59,4455,0.0,2024-10-17 21:59:46.589999914+00:00,2024-10-17 23:59:46.589999914+02:00
1729202400.99,4455,0.0,2024-10-17 22:00:00.990000010+00:00,2024-10-18 00:00:00.990000010+02:00
1729202415.3899999,4455,1843600000.0,2024-10-17 22:00:15.389999866+00:00,2024-10-18 00:00:15.389999866+02:00
1729202429.79,4455,0.0,2024-10-17 22:00:29.789999962+00:00,2024-10-18 00:00:29.789999962+02:00
1729202444.1899998,4455,0.0,2024-10-17 22:00:44.189999819+00:00,2024-10-18 00:00:44.189999819+02:00
1729202458.59,4455,0.0,2024-10-17 22:00:58.589999914+00:00,2024-10-18 00:00:58.589999914+02:00
1729202472.99,4455,2095000000.0,2024-10-17 22:01:12.990000010+00:00,2024-10-18 00:01:12.990000010+02:00
1729202487.3899999,4455,1257000000.0,2024-10-17 22:01:27.389999866+00:00,2024-10-18 00:01:27.389999866+02:00
1729202501.79,4455,1340800000.0,2024-10-17 22:01:41.789999962+00:00,2024-10-18 00:01:41.789999962+02:00
1729202516.1899998,4455,419000000.0,2024-10-17 22:01:56.189999819+00:00,2024-10-18 00:01:56.189999819+02:00
1729202530.59,4455,3687200000.0,2024-10-17 22:02:10.589999914+00:00,2024-10-18 00:02:10.589999914+02:00
1729202544.99,4455,2095000000.0,2024-10-17 22:02:24.990000010+00:00,2024-10-18 00:02:24.990000010+02:00
1729202559.3899999,4455,1927400000.0,2024-10-17 22:02:39.389999866+00:00,2024-10-18 00:02:39.389999866+02:00
1729202573.79,4455,0.0,2024-10-17 22:02:53.789999962+00:00,2024-10-18 00:02:53.789999962+02:00
1729202588.1899998,4455,0.0,2024-10-17 22:03:08.189999819+00:00,2024-10-18 00:03:08.189999819+02:00
1729202602.59,4455,0.0,2024-10-17 22:03:22.589999914+00:00,2024-10-18 00:03:22.589999914+02:00
1729202616.99,4455,0.0,2024-10-17 22:03:36.990000010+00:00,2024-10-18 00:03:36.990000010+02:00
1729202631.3899999,4455,0.0,2024-10-17 22:03:51.389999866+00:00,2024-10-18 00:03:51.389999866+02:00
1729202645.79,4455,0.0,2024-10-17 22:04:05.789999962+00:00,2024-10-18 00:04:05.789999962+02:00
1729202660.1899998,4455,1508400000.0,2024-10-17 22:04:20.189999819+00:00,2024-10-18 00:04:20.189999819+02:00
1729202674.59,4455,3854800000.0,2024-10-17 22:04:34.589999914+00:00,2024-10-18 00:04:34.589999914+02:00
1729202688.99,4455,0.0,2024-10-17 22:04:48.990000010+00:00,2024-10-18 00:04:48.990000010+02:00
1729202703.3899999,4455,3854800000.0,2024-10-17 22:05:03.389999866+00:00,2024-10-18 00:05:03.389999866+02:00
1729202717.79,4455,754200000.0,2024-10-17 22:05:17.789999962+00:00,2024-10-18 00:05:17.789999962+02:00
1729202732.1899998,4455,0.0,2024-10-17 22:05:32.189999819+00:00,2024-10-18 00:05:32.189999819+02:00
1729202746.59,4455,8463800000.0,2024-10-17 22:05:46.589999914+00:00,2024-10-18 00:05:46.589999914+02:00
1729202760.99,4455,4273800000.0,2024-10-17 22:06:00.990000010+00:00,2024-10-18 00:06:00.990000010+02:00
1729202775.3899999,4455,6285000000.0,2024-10-17 22:06:15.389999866+00:00,2024-10-18 00:06:15.389999866+02:00
1729202789.79,4455,3435800000.0,2024-10-17 22:06:29.789999962+00:00,2024-10-18 00:06:29.789999962+02:00
1729202804.1899998,4455,1676000000.0,2024-10-17 22:06:44.189999819+00:00,2024-10-18 00:06:44.189999819+02:00
1729202818.59,4455,1340800000.0,2024-10-17 22:06:58.589999914+00:00,2024-10-18 00:06:58.589999914+02:00
1729202832.99,4455,6033600000.0,2024-10-17 22:07:12.990000010+00:00,2024-10-18 00:07:12.990000010+02:00
1729202847.3899999,4455,1424600000.0,2024-10-17 22:07:27.389999866+00:00,2024-10-18 00:07:27.389999866+02:00
1729202861.79,4455,2346400000.0,2024-10-17 22:07:41.789999962+00:00,2024-10-18 00:07:41.789999962+02:00
1729202876.1899998,4455,1340800000.0,2024-10-17 22:07:56.189999819+00:00,2024-10-18 00:07:56.189999819+02:00
1729202890.59,4455,670400000.0,2024-10-17 22:08:10.589999914+00:00,2024-10-18 00:08:10.589999914+02:00
1729202904.99,4455,0.0,2024-10-17 22:08:24.990000010+00:00,2024-10-18 00:08:24.990000010+02:00
1729202919.3899999,4455,4022400000.0,2024-10-17 22:08:39.389999866+00:00,2024-10-18 00:08:39.389999866+02:00
1729202933.79,4455,0.0,2024-10-17 22:08:53.789999962+00:00,2024-10-18 00:08:53.789999962+02:00
1729202948.1899998,4455,5447000000.0,2024-10-17 22:09:08.189999819+00:00,2024-10-18 00:09:08.189999819+02:00
1729202962.59,4455,0.0,2024-10-17 22:09:22.589999914+00:00,2024-10-18 00:09:22.589999914+02:00
1729202976.99,4455,0.0,2024-10-17 22:09:36.990000010+00:00,2024-10-18 00:09:36.990000010+02:00
1729202991.3899999,4455,0.0,2024-10-17 22:09:51.389999866+00:00,2024-10-18 00:09:51.389999866+02:00
1729203005.79,4455,0.0,2024-10-17 22:10:05.789999962+00:00,2024-10-18 00:10:05.789999962+02:00
1729203020.1899998,4455,0.0,2024-10-17 22:10:20.189999819+00:00,2024-10-18 00:10:20.189999819+02:00
1729203034.59,4455,2514000000.0,2024-10-17 22:10:34.589999914+00:00,2024-10-18 00:10:34.589999914+02:00
1729203048.99,4455,1508400000.0,2024-10-17 22:10:48.990000010+00:00,2024-10-18 00:10:48.990000010+02:00
1729203063.3899999,4455,3938600000.0,2024-10-17 22:11:03.389999866+00:00,2024-10-18 00:11:03.389999866+02:00
1729203077.79,4455,1508400000.0,2024-10-17 22:11:17.789999962+00:00,2024-10-18 00:11:17.789999962+02:00
1729203092.1899998,4455,0.0,2024-10-17 22:11:32.189999819+00:00,2024-10-18 00:11:32.189999819+02:00
1729203106.59,4455,0.0,2024-10-17 22:11:46.589999914+00:00,2024-10-18 00:11:46.589999914+02:00
1729203120.99,4455,0.0,2024-10-17 22:12:00.990000010+00:00,2024-10-18 00:12:00.990000010+02:00
1729203135.3899999,4455,83800000.0,2024-10-17 22:12:15.389999866+00:00,2024-10-18 00:12:15.389999866+02:00
1729203149.79,4455,0.0,2024-10-17 22:12:29.789999962+00:00,2024-10-18 00:12:29.789999962+02:00
1729203164.1899998,4455,2262600000.0,2024-10-17 22:12:44.189999819+00:00,2024-10-18 00:12:44.189999819+02:00
1729203178.59,4455,335200000.0,2024-10-17 22:12:58.589999914+00:00,2024-10-18 00:12:58.589999914+02:00
1729203192.99,4455,0.0,2024-10-17 22:13:12.990000010+00:00,2024-10-18 00:13:12.990000010+02:00
1729203207.3899999,4455,0.0,2024-10-17 22:13:27.389999866+00:00,2024-10-18 00:13:27.389999866+02:00
1729203221.79,4455,0.0,2024-10-17 22:13:41.789999962+00:00,2024-10-18 00:13:41.789999962+02:00
1729203236.1899998,4455,0.0,2024-10-17 22:13:56.189999819+00:00,2024-10-18 00:13:56.189999819+02:00
1729203250.59,4455,2597800000.0,2024-10-17 22:14:10.589999914+00:00,2024-10-18 00:14:10.589999914+02:00
1729203264.99,4455,0.0,2024-10-17 22:14:24.990000010+00:00,2024-10-18 00:14:24.990000010+02:00
1729203279.3899999,4455,2430200000.0,2024-10-17 22:14:39.389999866+00:00,2024-10-18 00:14:39.389999866+02:00
1729203293.79,4455,1508400000.0,2024-10-17 22:14:53.789999962+00:00,2024-10-18 00:14:53.789999962+02:00
1729203308.1899998,4455,0.0,2024-10-17 22:15:08.189999819+00:00,2024-10-18 00:15:08.189999819+02:00
1729203322.59,4455,0.0,2024-10-17 22:15:22.589999914+00:00,2024-10-18 00:15:22.589999914+02:00
1729203336.99,4455,0.0,2024-10-17 22:15:36.990000010+00:00,2024-10-18 00:15:36.990000010+02:00
1729203351.3899999,4455,0.0,2024-10-17 22:15:51.389999866+00:00,2024-10-18 00:15:51.389999866+02:00
1729203365.79,4455,0.0,2024-10-17 22:16:05.789999962+00:00,2024-10-18 00:16:05.789999962+02:00
1729203380.1899998,4455,0.0,2024-10-17 22:16:20.189999819+00:00,2024-10-18 00:16:20.189999819+02:00
1729203394.59,4455,4022400000.0,2024-10-17 22:16:34.589999914+00:00,2024-10-18 00:16:34.589999914+02:00
1729203408.99,4455,0.0,2024-10-17 22:16:48.990000010+00:00,2024-10-18 00:16:48.990000010+02:00
1729203423.3899999,4455,419000000.0,2024-10-17 22:17:03.389999866+00:00,2024-10-18 00:17:03.389999866+02:00
1729203437.79,4455,754200000.0,2024-10-17 22:17:17.789999962+00:00,2024-10-18 00:17:17.789999962+02:00
1729203452.1899998,4455,4525200000.0,2024-10-17 22:17:32.189999819+00:00,2024-10-18 00:17:32.189999819+02:00
1729203466.59,4455,0.0,2024-10-17 22:17:46.589999914+00:00,2024-10-18 00:17:46.589999914+02:00
1729203480.99,4455,335200000.0,2024-10-17 22:18:00.990000010+00:00,2024-10-18 00:18:00.990000010+02:00
1729203495.3899999,4455,0.0,2024-10-17 22:18:15.389999866+00:00,2024-10-18 00:18:15.389999866+02:00
1729203509.79,4455,251400000.0,2024-10-17 22:18:29.789999962+00:00,2024-10-18 00:18:29.789999962+02:00
1729203524.1899998,4455,0.0,2024-10-17 22:18:44.189999819+00:00,2024-10-18 00:18:44.189999819+02:00
1729203538.59,4455,502800000.0,2024-10-17 22:18:58.589999914+00:00,2024-10-18 00:18:58.589999914+02:00
1729203552.99,4455,0.0,2024-10-17 22:19:12.990000010+00:00,2024-10-18 00:19:12.990000010+02:00
1729203567.3899999,4455,3938600000.0,2024-10-17 22:19:27.389999866+00:00,2024-10-18 00:19:27.389999866+02:00
1729203581.79,4455,0.0,2024-10-17 22:19:41.789999962+00:00,2024-10-18 00:19:41.789999962+02:00
1729203596.1899998,4455,0.0,2024-10-17 22:19:56.189999819+00:00,2024-10-18 00:19:56.189999819+02:00
1729203610.59,4455,1676000000.0,2024-10-17 22:20:10.589999914+00:00,2024-10-18 00:20:10.589999914+02:00
1729203624.99,4455,0.0,2024-10-17 22:20:24.990000010+00:00,2024-10-18 00:20:24.990000010+02:00
1729203639.3899999,4455,167600000.0,2024-10-17 22:20:39.389999866+00:00,2024-10-18 00:20:39.389999866+02:00
1729203653.79,4455,3100600000.0,2024-10-17 22:20:53.789999962+00:00,2024-10-18 00:20:53.789999962+02:00
1729203668.1899998,4455,6452600000.0,2024-10-17 22:21:08.189999819+00:00,2024-10-18 00:21:08.189999819+02:00
1729203682.59,4455,0.0,2024-10-17 22:21:22.589999914+00:00,2024-10-18 00:21:22.589999914+02:00
1729203696.99,4455,1005600000.0,2024-10-17 22:21:36.990000010+00:00,2024-10-18 00:21:36.990000010+02:00
1729203711.3899999,4455,4357600000.0,2024-10-17 22:21:51.389999866+00:00,2024-10-18 00:21:51.389999866+02:00
1729203725.79,4455,670400000.0,2024-10-17 22:22:05.789999962+00:00,2024-10-18 00:22:05.789999962+02:00
1729203740.1899998,4455,0.0,2024-10-17 22:22:20.189999819+00:00,2024-10-18 00:22:20.189999819+02:00
1729203754.59,4455,2178800000.0,2024-10-17 22:22:34.589999914+00:00,2024-10-18 00:22:34.589999914+02:00
1729203768.99,4455,2430200000.0,2024-10-17 22:22:48.990000010+00:00,2024-10-18 00:22:48.990000010+02:00
1729203783.3899999,4455,2095000000.0,2024-10-17 22:23:03.389999866+00:00,2024-10-18 00:23:03.389999866+02:00
1729203797.79,4455,0.0,2024-10-17 22:23:17.789999962+00:00,2024-10-18 00:23:17.789999962+02:00
1729203812.1899998,4455,0.0,2024-10-17 22:23:32.189999819+00:00,2024-10-18 00:23:32.189999819+02:00
1729203826.59,4455,1424600000.0,2024-10-17 22:23:46.589999914+00:00,2024-10-18 00:23:46.589999914+02:00
1729203840.99,4455,5782200000.0,2024-10-17 22:24:00.990000010+00:00,2024-10-18 00:24:00.990000010+02:00
1729203855.3899999,4455,4525200000.0,2024-10-17 22:24:15.389999866+00:00,2024-10-18 00:24:15.389999866+02:00
1729203869.79,4455,0.0,2024-10-17 22:24:29.789999962+00:00,2024-10-18 00:24:29.789999962+02:00
1729203884.1899998,4455,167600000.0,2024-10-17 22:24:44.189999819+00:00,2024-10-18 00:24:44.189999819+02:00
1729203898.59,4455,3771000000.0,2024-10-17 22:24:58.589999914+00:00,2024-10-18 00:24:58.589999914+02:00
1729203912.99,4455,0.0,2024-10-17 22:25:12.990000010+00:00,2024-10-18 00:25:12.990000010+02:00
1729203927.3899999,4455,1759800000.0,2024-10-17 22:25:27.389999866+00:00,2024-10-18 00:25:27.389999866+02:00
1729203941.79,4455,586600000.0,2024-10-17 22:25:41.789999962+00:00,2024-10-18 00:25:41.789999962+02:00
1729203956.1899998,4455,0.0,2024-10-17 22:25:56.189999819+00:00,2024-10-18 00:25:56.189999819+02:00
1729203970.59,4455,754200000.0,2024-10-17 22:26:10.589999914+00:00,2024-10-18 00:26:10.589999914+02:00
1729203984.99,4455,4273800000.0,2024-10-17 22:26:24.990000010+00:00,2024-10-18 00:26:24.990000010+02:00
1729203999.3899999,4455,0.0,2024-10-17 22:26:39.389999866+00:00,2024-10-18 00:26:39.389999866+02:00
1729204013.79,4455,1173200000.0,2024-10-17 22:26:53.789999962+00:00,2024-10-18 00:26:53.789999962+02:00
1729204028.1899998,4455,3771000000.0,2024-10-17 22:27:08.189999819+00:00,2024-10-18 00:27:08.189999819+02:00
1729204042.59,4455,4357600000.0,2024-10-17 22:27:22.589999914+00:00,2024-10-18 00:27:22.589999914+02:00
1729204056.99,4455,0.0,2024-10-17 22:27:36.990000010+00:00,2024-10-18 00:27:36.990000010+02:00
1729204071.3899999,4455,1257000000.0,2024-10-17 22:27:51.389999866+00:00,2024-10-18 00:27:51.389999866+02:00
1729204085.79,4455,586600000.0,2024-10-17 22:28:05.789999962+00:00,2024-10-18 00:28:05.789999962+02:00
1729204100.1899998,4455,0.0,2024-10-17 22:28:20.189999819+00:00,2024-10-18 00:28:20.189999819+02:00
1729204114.59,4455,0.0,2024-10-17 22:28:34.589999914+00:00,2024-10-18 00:28:34.589999914+02:00
1729204128.99,4455,0.0,2024-10-17 22:28:48.990000010+00:00,2024-10-18 00:28:48.990000010+02:00
1729204143.3899999,4455,0.0,2024-10-17 22:29:03.389999866+00:00,2024-10-18 00:29:03.389999866+02:00
1729204157.79,4455,0.0,2024-10-17 22:29:17.789999962+00:00,2024-10-18 00:29:17.789999962+02:00
1729204172.1899998,4455,0.0,2024-10-17 22:29:32.189999819+00:00,2024-10-18 00:29:32.189999819+02:00
1729204186.59,4455,2681600000.0,2024-10-17 22:29:46.589999914+00:00,2024-10-18 00:29:46.589999914+02:00
1729204200.99,4455,3519600000.0,2024-10-17 22:30:00.990000010+00:00,2024-10-18 00:30:00.990000010+02:00
1729204215.3899999,4455,0.0,2024-10-17 22:30:15.389999866+00:00,2024-10-18 00:30:15.389999866+02:00
1729204229.79,4455,1508400000.0,2024-10-17 22:30:29.789999962+00:00,2024-10-18 00:30:29.789999962+02:00
1729204244.1899998,4455,4944200000.0,2024-10-17 22:30:44.189999819+00:00,2024-10-18 00:30:44.189999819+02:00
1729204258.59,4455,0.0,2024-10-17 22:30:58.589999914+00:00,2024-10-18 00:30:58.589999914+02:00
1729204272.99,4455,2430200000.0,2024-10-17 22:31:12.990000010+00:00,2024-10-18 00:31:12.990000010+02:00
1729204287.3899999,4455,0.0,2024-10-17 22:31:27.389999866+00:00,2024-10-18 00:31:27.389999866+02:00
1729204301.79,4455,5195600000.0,2024-10-17 22:31:41.789999962+00:00,2024-10-18 00:31:41.789999962+02:00
1729204316.1899998,4455,3687200000.0,2024-10-17 22:31:56.189999819+00:00,2024-10-18 00:31:56.189999819+02:00
1729204330.59,4455,1508400000.0,2024-10-17 22:32:10.589999914+00:00,2024-10-18 00:32:10.589999914+02:00
1729204344.99,4455,0.0,2024-10-17 22:32:24.990000010+00:00,2024-10-18 00:32:24.990000010+02:00
1729204359.3899999,4455,167600000.0,2024-10-17 22:32:39.389999866+00:00,2024-10-18 00:32:39.389999866+02:00
1729204373.79,4455,4273800000.0,2024-10-17 22:32:53.789999962+00:00,2024-10-18 00:32:53.789999962+02:00
1729204388.1899998,4455,0.0,2024-10-17 22:33:08.189999819+00:00,2024-10-18 00:33:08.189999819+02:00
1729204402.59,4455,0.0,2024-10-17 22:33:22.589999914+00:00,2024-10-18 00:33:22.589999914+02:00
1729204416.99,4455,2011200000.0,2024-10-17 22:33:36.990000010+00:00,2024-10-18 00:33:36.990000010+02:00
1729204431.3899999,4455,2011200000.0,2024-10-17 22:33:51.389999866+00:00,2024-10-18 00:33:51.389999866+02:00
1729204445.79,4455,251400000.0,2024-10-17 22:34:05.789999962+00:00,2024-10-18 00:34:05.789999962+02:00
1729204460.1899998,4455,1927400000.0,2024-10-17 22:34:20.189999819+00:00,2024-10-18 00:34:20.189999819+02:00
1729204474.59,4455,0.0,2024-10-17 22:34:34.589999914+00:00,2024-10-18 00:34:34.589999914+02:00
1729204488.99,4455,754200000.0,2024-10-17 22:34:48.990000010+00:00,2024-10-18 00:34:48.990000010+02:00
1729204503.3899999,4455,670400000.0,2024-10-17 22:35:03.389999866+00:00,2024-10-18 00:35:03.389999866+02:00
1729204517.79,4455,2011200000.0,2024-10-17 22:35:17.789999962+00:00,2024-10-18 00:35:17.789999962+02:00
1729204532.1899998,4455,3184400000.0,2024-10-17 22:35:32.189999819+00:00,2024-10-18 00:35:32.189999819+02:00
1729204546.59,4455,3016800000.0,2024-10-17 22:35:46.589999914+00:00,2024-10-18 00:35:46.589999914+02:00
1729204560.99,4455,0.0,2024-10-17 22:36:00.990000010+00:00,2024-10-18 00:36:00.990000010+02:00
1729204575.3899999,4455,0.0,2024-10-17 22:36:15.389999866+00:00,2024-10-18 00:36:15.389999866+02:00
1729204589.79,4455,0.0,2024-10-17 22:36:29.789999962+00:00,2024-10-18 00:36:29.789999962+02:00
1729204604.1899998,4455,0.0,2024-10-17 22:36:44.189999819+00:00,2024-10-18 00:36:44.189999819+02:00
1729204618.59,4455,3687200000.0,2024-10-17 22:36:58.589999914+00:00,2024-10-18 00:36:58.589999914+02:00
1729204632.99,4455,586600000.0,2024-10-17 22:37:12.990000010+00:00,2024-10-18 00:37:12.990000010+02:00
1729204647.3899999,4455,1424600000.0,2024-10-17 22:37:27.389999866+00:00,2024-10-18 00:37:27.389999866+02:00
1729204661.79,4455,0.0,2024-10-17 22:37:41.789999962+00:00,2024-10-18 00:37:41.789999962+02:00
1729204676.1899998,4455,0.0,2024-10-17 22:37:56.189999819+00:00,2024-10-18 00:37:56.189999819+02:00
1729204690.59,4455,2178800000.0,2024-10-17 22:38:10.589999914+00:00,2024-10-18 00:38:10.589999914+02:00
1729204704.99,4455,83800000.0,2024-10-17 22:38:24.990000010+00:00,2024-10-18 00:38:24.990000010+02:00
1729204719.3899999,4455,1508400000.0,2024-10-17 22:38:39.389999866+00:00,2024-10-18 00:38:39.389999866+02:00
1729204733.79,4455,0.0,2024-10-17 22:38:53.789999962+00:00,2024-10-18 00:38:53.789999962+02:00
1729204748.1899998,4455,0.0,2024-10-17 22:39:08.189999819+00:00,2024-10-18 00:39:08.189999819+02:00
1729204762.59,4455,4609000000.0,2024-10-17 22:39:22.589999914+00:00,2024-10-18 00:39:22.589999914+02:00
1729204776.99,4455,1005600000.0,2024-10-17 22:39:36.990000010+00:00,2024-10-18 00:39:36.990000010+02:00
1729204791.3899999,4455,0.0,2024-10-17 22:39:51.389999866+00:00,2024-10-18 00:39:51.389999866+02:00
1729204805.79,4455,0.0,2024-10-17 22:40:05.789999962+00:00,2024-10-18 00:40:05.789999962+02:00
1729204820.1899998,4455,754200000.0,2024-10-17 22:40:20.189999819+00:00,2024-10-18 00:40:20.189999819+02:00
1729204834.59,4455,1508400000.0,2024-10-17 22:40:34.589999914+00:00,2024-10-18 00:40:34.589999914+02:00
1729204848.99,4455,3435800000.0,2024-10-17 22:40:48.990000010+00:00,2024-10-18 00:40:48.990000010+02:00
1729204863.3899999,4455,4692800000.0,2024-10-17 22:41:03.389999866+00:00,2024-10-18 00:41:03.389999866+02:00
1729204877.79,4455,0.0,2024-10-17 22:41:17.789999962+00:00,2024-10-18 00:41:17.789999962+02:00
1729204892.1899998,4455,0.0,2024-10-17 22:41:32.189999819+00:00,2024-10-18 00:41:32.189999819+02:00
1729204906.59,4455,0.0,2024-10-17 22:41:46.589999914+00:00,2024-10-18 00:41:46.589999914+02:00
1729204920.99,4455,3268200000.0,2024-10-17 22:42:00.990000010+00:00,2024-10-18 00:42:00.990000010+02:00
1729204935.3899999,4455,1676000000.0,2024-10-17 22:42:15.389999866+00:00,2024-10-18 00:42:15.389999866+02:00
1729204949.79,4455,0.0,2024-10-17 22:42:29.789999962+00:00,2024-10-18 00:42:29.789999962+02:00
1729204964.1899998,4455,0.0,2024-10-17 22:42:44.189999819+00:00,2024-10-18 00:42:44.189999819+02:00
1729204978.59,4455,838000000.0,2024-10-17 22:42:58.589999914+00:00,2024-10-18 00:42:58.589999914+02:00
1729204992.99,4455,1508400000.0,2024-10-17 22:43:12.990000010+00:00,2024-10-18 00:43:12.990000010+02:00
1729205007.3899999,4455,1592200000.0,2024-10-17 22:43:27.389999866+00:00,2024-10-18 00:43:27.389999866+02:00
1729205021.79,4455,0.0,2024-10-17 22:43:41.789999962+00:00,2024-10-18 00:43:41.789999962+02:00
1729205036.1899998,4455,3435800000.0,2024-10-17 22:43:56.189999819+00:00,2024-10-18 00:43:56.189999819+02:00
1729205050.59,4455,838000000.0,2024-10-17 22:44:10.589999914+00:00,2024-10-18 00:44:10.589999914+02:00
1729205064.99,4455,754200000.0,2024-10-17 22:44:24.990000010+00:00,2024-10-18 00:44:24.990000010+02:00
1729205079.3899999,4455,0.0,2024-10-17 22:44:39.389999866+00:00,2024-10-18 00:44:39.389999866+02:00
1729205093.79,4455,167600000.0,2024-10-17 22:44:53.789999962+00:00,2024-10-18 00:44:53.789999962+02:00
1729205108.1899998,4455,502800000.0,2024-10-17 22:45:08.189999819+00:00,2024-10-18 00:45:08.189999819+02:00
1729205122.59,4455,838000000.0,2024-10-17 22:45:22.589999914+00:00,2024-10-18 00:45:22.589999914+02:00
1729205136.99,4455,0.0,2024-10-17 22:45:36.990000010+00:00,2024-10-18 00:45:36.990000010+02:00
1729205151.3899999,4455,1089400000.0,2024-10-17 22:45:51.389999866+00:00,2024-10-18 00:45:51.389999866+02:00
1729205165.79,4455,1759800000.0,2024-10-17 22:46:05.789999962+00:00,2024-10-18 00:46:05.789999962+02:00
1729205180.1899998,4455,4357600000.0,2024-10-17 22:46:20.189999819+00:00,2024-10-18 00:46:20.189999819+02:00
1729205194.59,4455,2095000000.0,2024-10-17 22:46:34.589999914+00:00,2024-10-18 00:46:34.589999914+02:00
1729205208.99,4455,2346400000.0,2024-10-17 22:46:48.990000010+00:00,2024-10-18 00:46:48.990000010+02:00
1729205223.3899999,4455,5111800000.0,2024-10-17 22:47:03.389999866+00:00,2024-10-18 00:47:03.389999866+02:00
1729205237.79,4455,0.0,2024-10-17 22:47:17.789999962+00:00,2024-10-18 00:47:17.789999962+02:00
1729205252.1899998,4455,0.0,2024-10-17 22:47:32.189999819+00:00,2024-10-18 00:47:32.189999819+02:00
1729205266.59,4455,0.0,2024-10-17 22:47:46.589999914+00:00,2024-10-18 00:47:46.589999914+02:00
1729205280.99,4455,0.0,2024-10-17 22:48:00.990000010+00:00,2024-10-18 00:48:00.990000010+02:00
1729205295.3899999,4455,0.0,2024-10-17 22:48:15.389999866+00:00,2024-10-18 00:48:15.389999866+02:00
1729205309.79,4455,1843600000.0,2024-10-17 22:48:29.789999962+00:00,2024-10-18 00:48:29.789999962+02:00
1729205324.1899998,4455,335200000.0,2024-10-17 22:48:44.189999819+00:00,2024-10-18 00:48:44.189999819+02:00
1729205338.59,4455,0.0,2024-10-17 22:48:58.589999914+00:00,2024-10-18 00:48:58.589999914+02:00
1729205352.99,4455,4357600000.0,2024-10-17 22:49:12.990000010+00:00,2024-10-18 00:49:12.990000010+02:00
1729205367.3899999,4455,0.0,2024-10-17 22:49:27.389999866+00:00,2024-10-18 00:49:27.389999866+02:00
1729205381.79,4455,251400000.0,2024-10-17 22:49:41.789999962+00:00,2024-10-18 00:49:41.789999962+02:00
1729205396.1899998,4455,0.0,2024-10-17 22:49:56.189999819+00:00,2024-10-18 00:49:56.189999819+02:00
1729205410.59,4455,0.0,2024-10-17 22:50:10.589999914+00:00,2024-10-18 00:50:10.589999914+02:00
1729205424.99,4455,0.0,2024-10-17 22:50:24.990000010+00:00,2024-10-18 00:50:24.990000010+02:00
1729205439.3899999,4455,0.0,2024-10-17 22:50:39.389999866+00:00,2024-10-18 00:50:39.389999866+02:00
1729205453.79,4455,3435800000.0,2024-10-17 22:50:53.789999962+00:00,2024-10-18 00:50:53.789999962+02:00
1729205468.1899998,4455,0.0,2024-10-17 22:51:08.189999819+00:00,2024-10-18 00:51:08.189999819+02:00
1729205482.59,4455,0.0,2024-10-17 22:51:22.589999914+00:00,2024-10-18 00:51:22.589999914+02:00
1729205496.99,4455,0.0,2024-10-17 22:51:36.990000010+00:00,2024-10-18 00:51:36.990000010+02:00
1729205511.3899999,4455,754200000.0,2024-10-17 22:51:51.389999866+00:00,2024-10-18 00:51:51.389999866+02:00
1729205525.79,4455,2095000000.0,2024-10-17 22:52:05.789999962+00:00,2024-10-18 00:52:05.789999962+02:00
1729205540.1899998,4455,0.0,2024-10-17 22:52:20.189999819+00:00,2024-10-18 00:52:20.189999819+02:00
1729205554.59,4455,0.0,2024-10-17 22:52:34.589999914+00:00,2024-10-18 00:52:34.589999914+02:00
1729205568.99,4455,167600000.0,2024-10-17 22:52:48.990000010+00:00,2024-10-18 00:52:48.990000010+02:00
1729205583.3899999,4455,0.0,2024-10-17 22:53:03.389999866+00:00,2024-10-18 00:53:03.389999866+02:00
1729205597.79,4455,0.0,2024-10-17 22:53:17.789999962+00:00,2024-10-18 00:53:17.789999962+02:00
1729205612.1899998,4455,0.0,2024-10-17 22:53:32.189999819+00:00,2024-10-18 00:53:32.189999819+02:00
1729205626.59,4455,0.0,2024-10-17 22:53:46.589999914+00:00,2024-10-18 00:53:46.589999914+02:00
1729205640.99,4455,0.0,2024-10-17 22:54:00.990000010+00:00,2024-10-18 00:54:00.990000010+02:00
1729205655.3899999,4455,0.0,2024-10-17 22:54:15.389999866+00:00,2024-10-18 00:54:15.389999866+02:00
1729205669.79,4455,0.0,2024-10-17 22:54:29.789999962+00:00,2024-10-18 00:54:29.789999962+02:00
1729205684.1899998,4455,4022400000.0,2024-10-17 22:54:44.189999819+00:00,2024-10-18 00:54:44.189999819+02:00
1729205698.59,4455,1927400000.0,2024-10-17 22:54:58.589999914+00:00,2024-10-18 00:54:58.589999914+02:00
1729205712.99,4455,0.0,2024-10-17 22:55:12.990000010+00:00,2024-10-18 00:55:12.990000010+02:00
1729205727.3899999,4455,0.0,2024-10-17 22:55:27.389999866+00:00,2024-10-18 00:55:27.389999866+02:00
1729205741.79,4455,2011200000.0,2024-10-17 22:55:41.789999962+00:00,2024-10-18 00:55:41.789999962+02:00
1729205756.1899998,4455,0.0,2024-10-17 22:55:56.189999819+00:00,2024-10-18 00:55:56.189999819+02:00
1729205770.59,4455,0.0,2024-10-17 22:56:10.589999914+00:00,2024-10-18 00:56:10.589999914+02:00
1729205784.99,4455,0.0,2024-10-17 22:56:24.990000010+00:00,2024-10-18 00:56:24.990000010+02:00
1729205799.3899999,4455,0.0,2024-10-17 22:56:39.389999866+00:00,2024-10-18 00:56:39.389999866+02:00
1729205813.79,4455,0.0,2024-10-17 22:56:53.789999962+00:00,2024-10-18 00:56:53.789999962+02:00
1729205828.1899998,4455,0.0,2024-10-17 22:57:08.189999819+00:00,2024-10-18 00:57:08.189999819+02:00
1729205842.59,4455,0.0,2024-10-17 22:57:22.589999914+00:00,2024-10-18 00:57:22.589999914+02:00
1729205856.99,4455,0.0,2024-10-17 22:57:36.990000010+00:00,2024-10-18 00:57:36.990000010+02:00
1729205871.3899999,4455,0.0,2024-10-17 22:57:51.389999866+00:00,2024-10-18 00:57:51.389999866+02:00
1729205885.79,4455,0.0,2024-10-17 22:58:05.789999962+00:00,2024-10-18 00:58:05.789999962+02:00
1729205900.1899998,4455,0.0,2024-10-17 22:58:20.189999819+00:00,2024-10-18 00:58:20.189999819+02:00
1729205914.59,4455,335200000.0,2024-10-17 22:58:34.589999914+00:00,2024-10-18 00:58:34.589999914+02:00
1729205928.99,4455,2765400000.0,2024-10-17 22:58:48.990000010+00:00,2024-10-18 00:58:48.990000010+02:00
1729205943.3899999,4455,0.0,2024-10-17 22:59:03.389999866+00:00,2024-10-18 00:59:03.389999866+02:00
1729205957.79,4455,0.0,2024-10-17 22:59:17.789999962+00:00,2024-10-18 00:59:17.789999962+02:00
1729205972.1899998,4455,586600000.0,2024-10-17 22:59:32.189999819+00:00,2024-10-18 00:59:32.189999819+02:00
1729205986.59,4455,2849200000.0,2024-10-17 22:59:46.589999914+00:00,2024-10-18 00:59:46.589999914+02:00
1729206000.99,4455,3687200000.0,2024-10-17 23:00:00.990000010+00:00,2024-10-18 01:00:00.990000010+02:00
1729206015.3899999,4455,1592200000.0,2024-10-17 23:00:15.389999866+00:00,2024-10-18 01:00:15.389999866+02:00
1729206029.79,4455,0.0,2024-10-17 23:00:29.789999962+00:00,2024-10-18 01:00:29.789999962+02:00
1729206044.1899998,4455,1257000000.0,2024-10-17 23:00:44.189999819+00:00,2024-10-18 01:00:44.189999819+02:00
1729206058.59,4455,1676000000.0,2024-10-17 23:00:58.589999914+00:00,2024-10-18 01:00:58.589999914+02:00
1729206072.99,4455,670400000.0,2024-10-17 23:01:12.990000010+00:00,2024-10-18 01:01:12.990000010+02:00
1729206087.3899999,4455,0.0,2024-10-17 23:01:27.389999866+00:00,2024-10-18 01:01:27.389999866+02:00
1729206101.79,4455,586600000.0,2024-10-17 23:01:41.789999962+00:00,2024-10-18 01:01:41.789999962+02:00
1729206116.1899998,4455,0.0,2024-10-17 23:01:56.189999819+00:00,2024-10-18 01:01:56.189999819+02:00
1729206130.59,4455,0.0,2024-10-17 23:02:10.589999914+00:00,2024-10-18 01:02:10.589999914+02:00
1729206144.99,4455,2849200000.0,2024-10-17 23:02:24.990000010+00:00,2024-10-18 01:02:24.990000010+02:00
1729206159.3899999,4455,0.0,2024-10-17 23:02:39.389999866+00:00,2024-10-18 01:02:39.389999866+02:00
1729206173.79,4455,1592200000.0,2024-10-17 23:02:53.789999962+00:00,2024-10-18 01:02:53.789999962+02:00
1729206188.1899998,4455,0.0,2024-10-17 23:03:08.189999819+00:00,2024-10-18 01:03:08.189999819+02:00
1729206202.59,4455,4944200000.0,2024-10-17 23:03:22.589999914+00:00,2024-10-18 01:03:22.589999914+02:00
1729206216.99,4455,0.0,2024-10-17 23:03:36.990000010+00:00,2024-10-18 01:03:36.990000010+02:00
1729206231.3899999,4455,1843600000.0,2024-10-17 23:03:51.389999866+00:00,2024-10-18 01:03:51.389999866+02:00
1729206245.79,4455,0.0,2024-10-17 23:04:05.789999962+00:00,2024-10-18 01:04:05.789999962+02:00
1729206260.1899998,4455,1508400000.0,2024-10-17 23:04:20.189999819+00:00,2024-10-18 01:04:20.189999819+02:00
1729206274.59,4455,0.0,2024-10-17 23:04:34.589999914+00:00,2024-10-18 01:04:34.589999914+02:00
1729206288.99,4455,83800000.0,2024-10-17 23:04:48.990000010+00:00,2024-10-18 01:04:48.990000010+02:00
1729206303.3899999,4455,0.0,2024-10-17 23:05:03.389999866+00:00,2024-10-18 01:05:03.389999866+02:00
1729206317.79,4455,0.0,2024-10-17 23:05:17.789999962+00:00,2024-10-18 01:05:17.789999962+02:00
1729206332.1899998,4455,0.0,2024-10-17 23:05:32.189999819+00:00,2024-10-18 01:05:32.189999819+02:00
1729206346.59,4455,0.0,2024-10-17 23:05:46.589999914+00:00,2024-10-18 01:05:46.589999914+02:00
1729206360.99,4455,2514000000.0,2024-10-17 23:06:00.990000010+00:00,2024-10-18 01:06:00.990000010+02:00
1729206375.3899999,4455,0.0,2024-10-17 23:06:15.389999866+00:00,2024-10-18 01:06:15.389999866+02:00
1729206389.79,4455,0.0,2024-10-17 23:06:29.789999962+00:00,2024-10-18 01:06:29.789999962+02:00
1729206404.1899998,4455,2178800000.0,2024-10-17 23:06:44.189999819+00:00,2024-10-18 01:06:44.189999819+02:00
1729206418.59,4455,4441400000.0,2024-10-17 23:06:58.589999914+00:00,2024-10-18 01:06:58.589999914+02:00
1729206432.99,4455,0.0,2024-10-17 23:07:12.990000010+00:00,2024-10-18 01:07:12.990000010+02:00
1729206447.3899999,4455,0.0,2024-10-17 23:07:27.389999866+00:00,2024-10-18 01:07:27.389999866+02:00
1729206461.79,4455,502800000.0,2024-10-17 23:07:41.789999962+00:00,2024-10-18 01:07:41.789999962+02:00
1729206476.1899998,4455,2765400000.0,2024-10-17 23:07:56.189999819+00:00,2024-10-18 01:07:56.189999819+02:00
1729206490.59,4455,0.0,2024-10-17 23:08:10.589999914+00:00,2024-10-18 01:08:10.589999914+02:00
1729206504.99,4455,4190000000.0,2024-10-17 23:08:24.990000010+00:00,2024-10-18 01:08:24.990000010+02:00
1729206519.3899999,4455,0.0,2024-10-17 23:08:39.389999866+00:00,2024-10-18 01:08:39.389999866+02:00
1729206533.79,4455,0.0,2024-10-17 23:08:53.789999962+00:00,2024-10-18 01:08:53.789999962+02:00
1729206548.1899998,4455,3016800000.0,2024-10-17 23:09:08.189999819+00:00,2024-10-18 01:09:08.189999819+02:00
1729206562.59,4455,0.0,2024-10-17 23:09:22.589999914+00:00,2024-10-18 01:09:22.589999914+02:00
1729206576.99,4455,0.0,2024-10-17 23:09:36.990000010+00:00,2024-10-18 01:09:36.990000010+02:00
1729206591.3899999,4455,3687200000.0,2024-10-17 23:09:51.389999866+00:00,2024-10-18 01:09:51.389999866+02:00
1729206605.79,4455,251400000.0,2024-10-17 23:10:05.789999962+00:00,2024-10-18 01:10:05.789999962+02:00
1729206620.1899998,4455,0.0,2024-10-17 23:10:20.189999819+00:00,2024-10-18 01:10:20.189999819+02:00
1729206634.59,4455,3184400000.0,2024-10-17 23:10:34.589999914+00:00,2024-10-18 01:10:34.589999914+02:00
1729206648.99,4455,0.0,2024-10-17 23:10:48.990000010+00:00,2024-10-18 01:10:48.990000010+02:00
1729206663.3899999,4455,3771000000.0,2024-10-17 23:11:03.389999866+00:00,2024-10-18 01:11:03.389999866+02:00
1729206677.79,4455,0.0,2024-10-17 23:11:17.789999962+00:00,2024-10-18 01:11:17.789999962+02:00
1729206692.1899998,4455,0.0,2024-10-17 23:11:32.189999819+00:00,2024-10-18 01:11:32.189999819+02:00
1729206706.59,4455,0.0,2024-10-17 23:11:46.589999914+00:00,2024-10-18 01:11:46.589999914+02:00
1729206720.99,4455,0.0,2024-10-17 23:12:00.990000010+00:00,2024-10-18 01:12:00.990000010+02:00
1729206735.3899999,4455,0.0,2024-10-17 23:12:15.389999866+00:00,2024-10-18 01:12:15.389999866+02:00
1729206749.79,4455,0.0,2024-10-17 23:12:29.789999962+00:00,2024-10-18 01:12:29.789999962+02:00
1729206764.1899998,4455,0.0,2024-10-17 23:12:44.189999819+00:00,2024-10-18 01:12:44.189999819+02:00
1729206778.59,4455,5111800000.0,2024-10-17 23:12:58.589999914+00:00,2024-10-18 01:12:58.589999914+02:00
1729206792.99,4455,2430200000.0,2024-10-17 23:13:12.990000010+00:00,2024-10-18 01:13:12.990000010+02:00
1729206807.3899999,4455,0.0,2024-10-17 23:13:27.389999866+00:00,2024-10-18 01:13:27.389999866+02:00
1729206821.79,4455,2849200000.0,2024-10-17 23:13:41.789999962+00:00,2024-10-18 01:13:41.789999962+02:00
1729206836.1899998,4455,0.0,2024-10-17 23:13:56.189999819+00:00,2024-10-18 01:13:56.189999819+02:00
1729206850.59,4455,1508400000.0,2024-10-17 23:14:10.589999914+00:00,2024-10-18 01:14:10.589999914+02:00
1729206864.99,4455,0.0,2024-10-17 23:14:24.990000010+00:00,2024-10-18 01:14:24.990000010+02:00
1729206879.3899999,4455,0.0,2024-10-17 23:14:39.389999866+00:00,2024-10-18 01:14:39.389999866+02:00
1729206893.79,4455,1592200000.0,2024-10-17 23:14:53.789999962+00:00,2024-10-18 01:14:53.789999962+02:00
1729206908.1899998,4455,0.0,2024-10-17 23:15:08.189999819+00:00,2024-10-18 01:15:08.189999819+02:00
1729206922.59,4455,251400000.0,2024-10-17 23:15:22.589999914+00:00,2024-10-18 01:15:22.589999914+02:00
1729206936.99,4455,502800000.0,2024-10-17 23:15:36.990000010+00:00,2024-10-18 01:15:36.990000010+02:00
1729206951.3899999,4455,1424600000.0,2024-10-17 23:15:51.389999866+00:00,2024-10-18 01:15:51.389999866+02:00
1729206965.79,4455,754200000.0,2024-10-17 23:16:05.789999962+00:00,2024-10-18 01:16:05.789999962+02:00
1729206980.1899998,4455,0.0,2024-10-17 23:16:20.189999819+00:00,2024-10-18 01:16:20.189999819+02:00
1729206994.59,4455,0.0,2024-10-17 23:16:34.589999914+00:00,2024-10-18 01:16:34.589999914+02:00
1729207008.99,4455,0.0,2024-10-17 23:16:48.990000010+00:00,2024-10-18 01:16:48.990000010+02:00
1729207023.3899999,4455,83800000.0,2024-10-17 23:17:03.389999866+00:00,2024-10-18 01:17:03.389999866+02:00
1729207037.79,4455,3687200000.0,2024-10-17 23:17:17.789999962+00:00,2024-10-18 01:17:17.789999962+02:00
1729207052.1899998,4455,0.0,2024-10-17 23:17:32.189999819+00:00,2024-10-18 01:17:32.189999819+02:00
1729207066.59,4455,0.0,2024-10-17 23:17:46.589999914+00:00,2024-10-18 01:17:46.589999914+02:00
1729207080.99,4455,0.0,2024-10-17 23:18:00.990000010+00:00,2024-10-18 01:18:00.990000010+02:00
1729207095.3899999,4455,3687200000.0,2024-10-17 23:18:15.389999866+00:00,2024-10-18 01:18:15.389999866+02:00
1729207109.79,4455,0.0,2024-10-17 23:18:29.789999962+00:00,2024-10-18 01:18:29.789999962+02:00
1729207124.1899998,4455,838000000.0,2024-10-17 23:18:44.189999819+00:00,2024-10-18 01:18:44.189999819+02:00
1729207138.59,4455,5530800000.0,2024-10-17 23:18:58.589999914+00:00,2024-10-18 01:18:58.589999914+02:00
1729207152.99,4455,0.0,2024-10-17 23:19:12.990000010+00:00,2024-10-18 01:19:12.990000010+02:00
1729207167.3899999,4455,1508400000.0,2024-10-17 23:19:27.389999866+00:00,2024-10-18 01:19:27.389999866+02:00
1729207181.79,4455,4273800000.0,2024-10-17 23:19:41.789999962+00:00,2024-10-18 01:19:41.789999962+02:00
1729207196.1899998,4455,1927400000.0,2024-10-17 23:19:56.189999819+00:00,2024-10-18 01:19:56.189999819+02:00
1729207210.59,4455,0.0,2024-10-17 23:20:10.589999914+00:00,2024-10-18 01:20:10.589999914+02:00
1729207224.99,4455,0.0,2024-10-17 23:20:24.990000010+00:00,2024-10-18 01:20:24.990000010+02:00
1729207239.3899999,4455,0.0,2024-10-17 23:20:39.389999866+00:00,2024-10-18 01:20:39.389999866+02:00
1729207253.79,4455,0.0,2024-10-17 23:20:53.789999962+00:00,2024-10-18 01:20:53.789999962+02:00
1729207268.1899998,4455,3687200000.0,2024-10-17 23:21:08.189999819+00:00,2024-10-18 01:21:08.189999819+02:00
1729207282.59,4455,2178800000.0,2024-10-17 23:21:22.589999914+00:00,2024-10-18 01:21:22.589999914+02:00
1729207296.99,4455,167600000.0,2024-10-17 23:21:36.990000010+00:00,2024-10-18 01:21:36.990000010+02:00
1729207311.3899999,4455,0.0,2024-10-17 23:21:51.389999866+00:00,2024-10-18 01:21:51.389999866+02:00
1729207325.79,4455,0.0,2024-10-17 23:22:05.789999962+00:00,2024-10-18 01:22:05.789999962+02:00
1729207340.1899998,4455,921800000.0,2024-10-17 23:22:20.189999819+00:00,2024-10-18 01:22:20.189999819+02:00
1729207354.59,4455,167600000.0,2024-10-17 23:22:34.589999914+00:00,2024-10-18 01:22:34.589999914+02:00
1729207368.99,4455,83800000.0,2024-10-17 23:22:48.990000010+00:00,2024-10-18 01:22:48.990000010+02:00
1729207383.3899999,4455,0.0,2024-10-17 23:23:03.389999866+00:00,2024-10-18 01:23:03.389999866+02:00
1729207397.79,4455,0.0,2024-10-17 23:23:17.789999962+00:00,2024-10-18 01:23:17.789999962+02:00
1729207412.1899998,4455,0.0,2024-10-17 23:23:32.189999819+00:00,2024-10-18 01:23:32.189999819+02:00
1729207426.59,4455,1676000000.0,2024-10-17 23:23:46.589999914+00:00,2024-10-18 01:23:46.589999914+02:00
1729207440.99,4455,0.0,2024-10-17 23:24:00.990000010+00:00,2024-10-18 01:24:00.990000010+02:00
1729207455.3899999,4455,1089400000.0,2024-10-17 23:24:15.389999866+00:00,2024-10-18 01:24:15.389999866+02:00
1729207469.79,4455,838000000.0,2024-10-17 23:24:29.789999962+00:00,2024-10-18 01:24:29.789999962+02:00
1729207484.1899998,4455,0.0,2024-10-17 23:24:44.189999819+00:00,2024-10-18 01:24:44.189999819+02:00
1729207498.59,4455,0.0,2024-10-17 23:24:58.589999914+00:00,2024-10-18 01:24:58.589999914+02:00
1729207512.99,4455,0.0,2024-10-17 23:25:12.990000010+00:00,2024-10-18 01:25:12.990000010+02:00
1729207527.3899999,4455,0.0,2024-10-17 23:25:27.389999866+00:00,2024-10-18 01:25:27.389999866+02:00
1729207541.79,4455,0.0,2024-10-17 23:25:41.789999962+00:00,2024-10-18 01:25:41.789999962+02:00
1729207556.1899998,4455,2262600000.0,2024-10-17 23:25:56.189999819+00:00,2024-10-18 01:25:56.189999819+02:00
1729207570.59,4455,1257000000.0,2024-10-17 23:26:10.589999914+00:00,2024-10-18 01:26:10.589999914+02:00
1729207584.99,4455,1257000000.0,2024-10-17 23:26:24.990000010+00:00,2024-10-18 01:26:24.990000010+02:00
1729207599.3899999,4455,0.0,2024-10-17 23:26:39.389999866+00:00,2024-10-18 01:26:39.389999866+02:00
1729207613.79,4455,0.0,2024-10-17 23:26:53.789999962+00:00,2024-10-18 01:26:53.789999962+02:00
1729207628.1899998,4455,251400000.0,2024-10-17 23:27:08.189999819+00:00,2024-10-18 01:27:08.189999819+02:00
1729207642.59,4455,5111800000.0,2024-10-17 23:27:22.589999914+00:00,2024-10-18 01:27:22.589999914+02:00
1729207656.99,4455,2346400000.0,2024-10-17 23:27:36.990000010+00:00,2024-10-18 01:27:36.990000010+02:00
1729207671.3899999,4455,419000000.0,2024-10-17 23:27:51.389999866+00:00,2024-10-18 01:27:51.389999866+02:00
1729207685.79,4455,502800000.0,2024-10-17 23:28:05.789999962+00:00,2024-10-18 01:28:05.789999962+02:00
1729207700.1899998,4455,0.0,2024-10-17 23:28:20.189999819+00:00,2024-10-18 01:28:20.189999819+02:00
1729207714.59,4455,335200000.0,2024-10-17 23:28:34.589999914+00:00,2024-10-18 01:28:34.589999914+02:00
1729207728.99,4455,0.0,2024-10-17 23:28:48.990000010+00:00,2024-10-18 01:28:48.990000010+02:00
1729207743.3899999,4455,3184400000.0,2024-10-17 23:29:03.389999866+00:00,2024-10-18 01:29:03.389999866+02:00
1729207757.79,4455,754200000.0,2024-10-17 23:29:17.789999962+00:00,2024-10-18 01:29:17.789999962+02:00
1729207772.1899998,4455,0.0,2024-10-17 23:29:32.189999819+00:00,2024-10-18 01:29:32.189999819+02:00
1729207786.59,4455,1508400000.0,2024-10-17 23:29:46.589999914+00:00,2024-10-18 01:29:46.589999914+02:00
1729207800.99,4455,1005600000.0,2024-10-17 23:30:00.990000010+00:00,2024-10-18 01:30:00.990000010+02:00
1729207815.3899999,4455,167600000.0,2024-10-17 23:30:15.389999866+00:00,2024-10-18 01:30:15.389999866+02:00
1729207829.79,4455,0.0,2024-10-17 23:30:29.789999962+00:00,2024-10-18 01:30:29.789999962+02:00
1729207844.1899998,4455,0.0,2024-10-17 23:30:44.189999819+00:00,2024-10-18 01:30:44.189999819+02:00
1729207858.59,4455,502800000.0,2024-10-17 23:30:58.589999914+00:00,2024-10-18 01:30:58.589999914+02:00
1729207872.99,4455,1676000000.0,2024-10-17 23:31:12.990000010+00:00,2024-10-18 01:31:12.990000010+02:00
1729207887.3899999,4455,0.0,2024-10-17 23:31:27.389999866+00:00,2024-10-18 01:31:27.389999866+02:00
1729207901.79,4455,0.0,2024-10-17 23:31:41.789999962+00:00,2024-10-18 01:31:41.789999962+02:00
1729207916.1899998,4455,0.0,2024-10-17 23:31:56.189999819+00:00,2024-10-18 01:31:56.189999819+02:00
1729207930.59,4455,0.0,2024-10-17 23:32:10.589999914+00:00,2024-10-18 01:32:10.589999914+02:00
1729207944.99,4455,0.0,2024-10-17 23:32:24.990000010+00:00,2024-10-18 01:32:24.990000010+02:00
1729207959.3899999,4455,3100600000.0,2024-10-17 23:32:39.389999866+00:00,2024-10-18 01:32:39.389999866+02:00
1729207973.79,4455,4190000000.0,2024-10-17 23:32:53.789999962+00:00,2024-10-18 01:32:53.789999962+02:00
1729207988.1899998,4455,0.0,2024-10-17 23:33:08.189999819+00:00,2024-10-18 01:33:08.189999819+02:00
1729208002.59,4455,0.0,2024-10-17 23:33:22.589999914+00:00,2024-10-18 01:33:22.589999914+02:00
1729208016.99,4455,2178800000.0,2024-10-17 23:33:36.990000010+00:00,2024-10-18 01:33:36.990000010+02:00
1729208031.3899999,4455,0.0,2024-10-17 23:33:51.389999866+00:00,2024-10-18 01:33:51.389999866+02:00
1729208045.79,4455,0.0,2024-10-17 23:34:05.789999962+00:00,2024-10-18 01:34:05.789999962+02:00
1729208060.1899998,4455,0.0,2024-10-17 23:34:20.189999819+00:00,2024-10-18 01:34:20.189999819+02:00
1729208074.59,4455,0.0,2024-10-17 23:34:34.589999914+00:00,2024-10-18 01:34:34.589999914+02:00
1729208088.99,4455,0.0,2024-10-17 23:34:48.990000010+00:00,2024-10-18 01:34:48.990000010+02:00
1729208103.3899999,4455,3687200000.0,2024-10-17 23:35:03.389999866+00:00,2024-10-18 01:35:03.389999866+02:00
1729208117.79,4455,0.0,2024-10-17 23:35:17.789999962+00:00,2024-10-18 01:35:17.789999962+02:00
1729208132.1899998,4455,0.0,2024-10-17 23:35:32.189999819+00:00,2024-10-18 01:35:32.189999819+02:00
1729208146.59,4455,1257000000.0,2024-10-17 23:35:46.589999914+00:00,2024-10-18 01:35:46.589999914+02:00
1729208160.99,4455,1089400000.0,2024-10-17 23:36:00.990000010+00:00,2024-10-18 01:36:00.990000010+02:00
1729208175.3899999,4455,0.0,2024-10-17 23:36:15.389999866+00:00,2024-10-18 01:36:15.389999866+02:00
1729208189.79,4455,0.0,2024-10-17 23:36:29.789999962+00:00,2024-10-18 01:36:29.789999962+02:00
1729208204.1899998,4455,0.0,2024-10-17 23:36:44.189999819+00:00,2024-10-18 01:36:44.189999819+02:00
1729208218.59,4455,0.0,2024-10-17 23:36:58.589999914+00:00,2024-10-18 01:36:58.589999914+02:00
1729208232.99,4455,1340800000.0,2024-10-17 23:37:12.990000010+00:00,2024-10-18 01:37:12.990000010+02:00
1729208247.3899999,4455,0.0,2024-10-17 23:37:27.389999866+00:00,2024-10-18 01:37:27.389999866+02:00
1729208261.79,4455,335200000.0,2024-10-17 23:37:41.789999962+00:00,2024-10-18 01:37:41.789999962+02:00
1729208276.1899998,4455,0.0,2024-10-17 23:37:56.189999819+00:00,2024-10-18 01:37:56.189999819+02:00
1729208290.59,4455,1340800000.0,2024-10-17 23:38:10.589999914+00:00,2024-10-18 01:38:10.589999914+02:00
1729208304.99,4455,0.0,2024-10-17 23:38:24.990000010+00:00,2024-10-18 01:38:24.990000010+02:00
1729208319.3899999,4455,0.0,2024-10-17 23:38:39.389999866+00:00,2024-10-18 01:38:39.389999866+02:00
1729208333.79,4455,0.0,2024-10-17 23:38:53.789999962+00:00,2024-10-18 01:38:53.789999962+02:00
1729208348.1899998,4455,2095000000.0,2024-10-17 23:39:08.189999819+00:00,2024-10-18 01:39:08.189999819+02:00
1729208362.59,4455,3435800000.0,2024-10-17 23:39:22.589999914+00:00,2024-10-18 01:39:22.589999914+02:00
1729208376.99,4455,0.0,2024-10-17 23:39:36.990000010+00:00,2024-10-18 01:39:36.990000010+02:00
1729208391.3899999,4455,0.0,2024-10-17 23:39:51.389999866+00:00,2024-10-18 01:39:51.389999866+02:00
1729208405.79,4455,3938600000.0,2024-10-17 23:40:05.789999962+00:00,2024-10-18 01:40:05.789999962+02:00
1729208420.1899998,4455,5614600000.0,2024-10-17 23:40:20.189999819+00:00,2024-10-18 01:40:20.189999819+02:00
1729208434.59,4455,0.0,2024-10-17 23:40:34.589999914+00:00,2024-10-18 01:40:34.589999914+02:00
1729208448.99,4455,251400000.0,2024-10-17 23:40:48.990000010+00:00,2024-10-18 01:40:48.990000010+02:00
1729208463.3899999,4455,838000000.0,2024-10-17 23:41:03.389999866+00:00,2024-10-18 01:41:03.389999866+02:00
1729208477.79,4455,5866000000.0,2024-10-17 23:41:17.789999962+00:00,2024-10-18 01:41:17.789999962+02:00
1729208492.1899998,4455,2514000000.0,2024-10-17 23:41:32.189999819+00:00,2024-10-18 01:41:32.189999819+02:00
1729208506.59,4455,0.0,2024-10-17 23:41:46.589999914+00:00,2024-10-18 01:41:46.589999914+02:00
1729208520.99,4455,2933000000.0,2024-10-17 23:42:00.990000010+00:00,2024-10-18 01:42:00.990000010+02:00
1729208535.3899999,4455,0.0,2024-10-17 23:42:15.389999866+00:00,2024-10-18 01:42:15.389999866+02:00
1729208549.79,4455,0.0,2024-10-17 23:42:29.789999962+00:00,2024-10-18 01:42:29.789999962+02:00
1729208564.1899998,4455,2178800000.0,2024-10-17 23:42:44.189999819+00:00,2024-10-18 01:42:44.189999819+02:00
1729208578.59,4455,838000000.0,2024-10-17 23:42:58.589999914+00:00,2024-10-18 01:42:58.589999914+02:00
1729208592.99,4455,0.0,2024-10-17 23:43:12.990000010+00:00,2024-10-18 01:43:12.990000010+02:00
1729208607.3899999,4455,167600000.0,2024-10-17 23:43:27.389999866+00:00,2024-10-18 01:43:27.389999866+02:00
1729208621.79,4455,0.0,2024-10-17 23:43:41.789999962+00:00,2024-10-18 01:43:41.789999962+02:00
1729208636.1899998,4455,1089400000.0,2024-10-17 23:43:56.189999819+00:00,2024-10-18 01:43:56.189999819+02:00
1729208650.59,4455,0.0,2024-10-17 23:44:10.589999914+00:00,2024-10-18 01:44:10.589999914+02:00
1729208664.99,4455,2514000000.0,2024-10-17 23:44:24.990000010+00:00,2024-10-18 01:44:24.990000010+02:00
1729208679.3899999,4455,1592200000.0,2024-10-17 23:44:39.389999866+00:00,2024-10-18 01:44:39.389999866+02:00
1729208693.79,4455,838000000.0,2024-10-17 23:44:53.789999962+00:00,2024-10-18 01:44:53.789999962+02:00
1729208708.1899998,4455,1424600000.0,2024-10-17 23:45:08.189999819+00:00,2024-10-18 01:45:08.189999819+02:00
1729208722.59,4455,0.0,2024-10-17 23:45:22.589999914+00:00,2024-10-18 01:45:22.589999914+02:00
1729208736.99,4455,7709600000.0,2024-10-17 23:45:36.990000010+00:00,2024-10-18 01:45:36.990000010+02:00
1729208751.3899999,4455,0.0,2024-10-17 23:45:51.389999866+00:00,2024-10-18 01:45:51.389999866+02:00
1729208765.79,4455,1676000000.0,2024-10-17 23:46:05.789999962+00:00,2024-10-18 01:46:05.789999962+02:00
1729208780.1899998,4455,2178800000.0,2024-10-17 23:46:20.189999819+00:00,2024-10-18 01:46:20.189999819+02:00
1729208794.59,4455,921800000.0,2024-10-17 23:46:34.589999914+00:00,2024-10-18 01:46:34.589999914+02:00
1729208808.99,4455,0.0,2024-10-17 23:46:48.990000010+00:00,2024-10-18 01:46:48.990000010+02:00
1729208823.3899999,4455,2011200000.0,2024-10-17 23:47:03.389999866+00:00,2024-10-18 01:47:03.389999866+02:00
1729208837.79,4455,0.0,2024-10-17 23:47:17.789999962+00:00,2024-10-18 01:47:17.789999962+02:00
1729208852.1899998,4455,4525200000.0,2024-10-17 23:47:32.189999819+00:00,2024-10-18 01:47:32.189999819+02:00
1729208866.59,4455,0.0,2024-10-17 23:47:46.589999914+00:00,2024-10-18 01:47:46.589999914+02:00
1729208880.99,4455,0.0,2024-10-17 23:48:00.990000010+00:00,2024-10-18 01:48:00.990000010+02:00
1729208895.3899999,4455,2178800000.0,2024-10-17 23:48:15.389999866+00:00,2024-10-18 01:48:15.389999866+02:00
1729208909.79,4455,1173200000.0,2024-10-17 23:48:29.789999962+00:00,2024-10-18 01:48:29.789999962+02:00
1729208924.1899998,4455,1759800000.0,2024-10-17 23:48:44.189999819+00:00,2024-10-18 01:48:44.189999819+02:00
1729208938.59,4455,1592200000.0,2024-10-17 23:48:58.589999914+00:00,2024-10-18 01:48:58.589999914+02:00
1729208952.99,4455,2011200000.0,2024-10-17 23:49:12.990000010+00:00,2024-10-18 01:49:12.990000010+02:00
1729208967.3899999,4455,0.0,2024-10-17 23:49:27.389999866+00:00,2024-10-18 01:49:27.389999866+02:00
1729208981.79,4455,0.0,2024-10-17 23:49:41.789999962+00:00,2024-10-18 01:49:41.789999962+02:00
1729208996.1899998,4455,0.0,2024-10-17 23:49:56.189999819+00:00,2024-10-18 01:49:56.189999819+02:00
1729209010.59,4455,1173200000.0,2024-10-17 23:50:10.589999914+00:00,2024-10-18 01:50:10.589999914+02:00
1729209024.99,4455,0.0,2024-10-17 23:50:24.990000010+00:00,2024-10-18 01:50:24.990000010+02:00
1729209039.3899999,4455,0.0,2024-10-17 23:50:39.389999866+00:00,2024-10-18 01:50:39.389999866+02:00
1729209053.79,4455,0.0,2024-10-17 23:50:53.789999962+00:00,2024-10-18 01:50:53.789999962+02:00
1729209068.1899998,4455,1340800000.0,2024-10-17 23:51:08.189999819+00:00,2024-10-18 01:51:08.189999819+02:00
1729209082.59,4455,4609000000.0,2024-10-17 23:51:22.589999914+00:00,2024-10-18 01:51:22.589999914+02:00
1729209096.99,4455,921800000.0,2024-10-17 23:51:36.990000010+00:00,2024-10-18 01:51:36.990000010+02:00
1729209111.3899999,4455,0.0,2024-10-17 23:51:51.389999866+00:00,2024-10-18 01:51:51.389999866+02:00
1729209125.79,4455,3603400000.0,2024-10-17 23:52:05.789999962+00:00,2024-10-18 01:52:05.789999962+02:00
1729209140.1899998,4455,0.0,2024-10-17 23:52:20.189999819+00:00,2024-10-18 01:52:20.189999819+02:00
1729209154.59,4455,0.0,2024-10-17 23:52:34.589999914+00:00,2024-10-18 01:52:34.589999914+02:00
1729209168.99,4455,0.0,2024-10-17 23:52:48.990000010+00:00,2024-10-18 01:52:48.990000010+02:00
1729209183.3899999,4455,0.0,2024-10-17 23:53:03.389999866+00:00,2024-10-18 01:53:03.389999866+02:00
1729209197.79,4455,0.0,2024-10-17 23:53:17.789999962+00:00,2024-10-18 01:53:17.789999962+02:00
1729209212.1899998,4455,0.0,2024-10-17 23:53:32.189999819+00:00,2024-10-18 01:53:32.189999819+02:00
1729209226.59,4455,0.0,2024-10-17 23:53:46.589999914+00:00,2024-10-18 01:53:46.589999914+02:00
1729209240.99,4455,1257000000.0,2024-10-17 23:54:00.990000010+00:00,2024-10-18 01:54:00.990000010+02:00
1729209255.3899999,4455,0.0,2024-10-17 23:54:15.389999866+00:00,2024-10-18 01:54:15.389999866+02:00
1729209269.79,4455,670400000.0,2024-10-17 23:54:29.789999962+00:00,2024-10-18 01:54:29.789999962+02:00
1729209284.1899998,4455,1592200000.0,2024-10-17 23:54:44.189999819+00:00,2024-10-18 01:54:44.189999819+02:00
1729209298.59,4455,0.0,2024-10-17 23:54:58.589999914+00:00,2024-10-18 01:54:58.589999914+02:00
1729209312.99,4455,0.0,2024-10-17 23:55:12.990000010+00:00,2024-10-18 01:55:12.990000010+02:00
1729209327.3899999,4455,5782200000.0,2024-10-17 23:55:27.389999866+00:00,2024-10-18 01:55:27.389999866+02:00
1729209341.79,4455,3938600000.0,2024-10-17 23:55:41.789999962+00:00,2024-10-18 01:55:41.789999962+02:00
1729209356.1899998,4455,2346400000.0,2024-10-17 23:55:56.189999819+00:00,2024-10-18 01:55:56.189999819+02:00
1729209370.59,4455,1257000000.0,2024-10-17 23:56:10.589999914+00:00,2024-10-18 01:56:10.589999914+02:00
1729209384.99,4455,0.0,2024-10-17 23:56:24.990000010+00:00,2024-10-18 01:56:24.990000010+02:00
1729209399.3899999,4455,3519600000.0,2024-10-17 23:56:39.389999866+00:00,2024-10-18 01:56:39.389999866+02:00
1729209413.79,4455,0.0,2024-10-17 23:56:53.789999962+00:00,2024-10-18 01:56:53.789999962+02:00
1729209428.1899998,4455,0.0,2024-10-17 23:57:08.189999819+00:00,2024-10-18 01:57:08.189999819+02:00
1729209442.59,4455,0.0,2024-10-17 23:57:22.589999914+00:00,2024-10-18 01:57:22.589999914+02:00
1729209456.99,4455,0.0,2024-10-17 23:57:36.990000010+00:00,2024-10-18 01:57:36.990000010+02:00
1729209471.3899999,4455,0.0,2024-10-17 23:57:51.389999866+00:00,2024-10-18 01:57:51.389999866+02:00
1729209485.79,4455,4106200000.0,2024-10-17 23:58:05.789999962+00:00,2024-10-18 01:58:05.789999962+02:00
1729209500.1899998,4455,0.0,2024-10-17 23:58:20.189999819+00:00,2024-10-18 01:58:20.189999819+02:00
1729209514.59,4455,0.0,2024-10-17 23:58:34.589999914+00:00,2024-10-18 01:58:34.589999914+02:00
1729209528.99,4455,3435800000.0,2024-10-17 23:58:48.990000010+00:00,2024-10-18 01:58:48.990000010+02:00
1729209543.3899999,4455,0.0,2024-10-17 23:59:03.389999866+00:00,2024-10-18 01:59:03.389999866+02:00
1729209557.79,4455,0.0,2024-10-17 23:59:17.789999962+00:00,2024-10-18 01:59:17.789999962+02:00
1729209572.1899998,4455,0.0,2024-10-17 23:59:32.189999819+00:00,2024-10-18 01:59:32.189999819+02:00
1729209586.59,4455,4692800000.0,2024-10-17 23:59:46.589999914+00:00,2024-10-18 01:59:46.589999914+02:00
1729209600.99,4455,0.0,2024-10-18 00:00:00.990000010+00:00,2024-10-18 02:00:00.990000010+02:00
1729209615.3899999,4455,586600000.0,2024-10-18 00:00:15.389999866+00:00,2024-10-18 02:00:15.389999866+02:00
1729209629.79,4455,0.0,2024-10-18 00:00:29.789999962+00:00,2024-10-18 02:00:29.789999962+02:00
1729209644.1899998,4455,0.0,2024-10-18 00:00:44.189999819+00:00,2024-10-18 02:00:44.189999819+02:00
1729209658.59,4455,0.0,2024-10-18 00:00:58.589999914+00:00,2024-10-18 02:00:58.589999914+02:00
1729209672.99,4455,0.0,2024-10-18 00:01:12.990000010+00:00,2024-10-18 02:01:12.990000010+02:00
1729209687.3899999,4455,2933000000.0,2024-10-18 00:01:27.389999866+00:00,2024-10-18 02:01:27.389999866+02:00
1729209701.79,4455,0.0,2024-10-18 00:01:41.789999962+00:00,2024-10-18 02:01:41.789999962+02:00
1729209716.1899998,4455,0.0,2024-10-18 00:01:56.189999819+00:00,2024-10-18 02:01:56.189999819+02:00
1729209730.59,4455,0.0,2024-10-18 00:02:10.589999914+00:00,2024-10-18 02:02:10.589999914+02:00
1729209744.99,4455,0.0,2024-10-18 00:02:24.990000010+00:00,2024-10-18 02:02:24.990000010+02:00
1729209759.3899999,4455,0.0,2024-10-18 00:02:39.389999866+00:00,2024-10-18 02:02:39.389999866+02:00
1729209773.79,4455,0.0,2024-10-18 00:02:53.789999962+00:00,2024-10-18 02:02:53.789999962+02:00
1729209788.1899998,4455,4525200000.0,2024-10-18 00:03:08.189999819+00:00,2024-10-18 02:03:08.189999819+02:00
1729209802.59,4455,4273800000.0,2024-10-18 00:03:22.589999914+00:00,2024-10-18 02:03:22.589999914+02:00
1729209816.99,4455,0.0,2024-10-18 00:03:36.990000010+00:00,2024-10-18 02:03:36.990000010+02:00
1729209831.3899999,4455,83800000.0,2024-10-18 00:03:51.389999866+00:00,2024-10-18 02:03:51.389999866+02:00
1729209845.79,4455,2681600000.0,2024-10-18 00:04:05.789999962+00:00,2024-10-18 02:04:05.789999962+02:00
1729209860.1899998,4455,0.0,2024-10-18 00:04:20.189999819+00:00,2024-10-18 02:04:20.189999819+02:00
1729209874.59,4455,921800000.0,2024-10-18 00:04:34.589999914+00:00,2024-10-18 02:04:34.589999914+02:00
1729209888.99,4455,1424600000.0,2024-10-18 00:04:48.990000010+00:00,2024-10-18 02:04:48.990000010+02:00
1729209903.3899999,4455,0.0,2024-10-18 00:05:03.389999866+00:00,2024-10-18 02:05:03.389999866+02:00
1729209917.79,4455,0.0,2024-10-18 00:05:17.789999962+00:00,2024-10-18 02:05:17.789999962+02:00
1729209932.1899998,4455,2346400000.0,2024-10-18 00:05:32.189999819+00:00,2024-10-18 02:05:32.189999819+02:00
1729209946.59,4455,0.0,2024-10-18 00:05:46.589999914+00:00,2024-10-18 02:05:46.589999914+02:00
1729209960.99,4455,6033600000.0,2024-10-18 00:06:00.990000010+00:00,2024-10-18 02:06:00.990000010+02:00
1729209975.3899999,4455,0.0,2024-10-18 00:06:15.389999866+00:00,2024-10-18 02:06:15.389999866+02:00
1729209989.79,4455,2262600000.0,2024-10-18 00:06:29.789999962+00:00,2024-10-18 02:06:29.789999962+02:00
1729210004.1899998,4455,0.0,2024-10-18 00:06:44.189999819+00:00,2024-10-18 02:06:44.189999819+02:00
1729210018.59,4455,167600000.0,2024-10-18 00:06:58.589999914+00:00,2024-10-18 02:06:58.589999914+02:00
1729210032.99,4455,0.0,2024-10-18 00:07:12.990000010+00:00,2024-10-18 02:07:12.990000010+02:00
1729210047.3899999,4455,0.0,2024-10-18 00:07:27.389999866+00:00,2024-10-18 02:07:27.389999866+02:00
1729210061.79,4455,419000000.0,2024-10-18 00:07:41.789999962+00:00,2024-10-18 02:07:41.789999962+02:00
1729210076.1899998,4455,586600000.0,2024-10-18 00:07:56.189999819+00:00,2024-10-18 02:07:56.189999819+02:00
1729210090.59,4455,0.0,2024-10-18 00:08:10.589999914+00:00,2024-10-18 02:08:10.589999914+02:00
1729210104.99,4455,4860400000.0,2024-10-18 00:08:24.990000010+00:00,2024-10-18 02:08:24.990000010+02:00
1729210119.3899999,4455,0.0,2024-10-18 00:08:39.389999866+00:00,2024-10-18 02:08:39.389999866+02:00
1729210133.79,4455,0.0,2024-10-18 00:08:53.789999962+00:00,2024-10-18 02:08:53.789999962+02:00
1729210148.1899998,4455,1508400000.0,2024-10-18 00:09:08.189999819+00:00,2024-10-18 02:09:08.189999819+02:00
1729210162.59,4455,2933000000.0,2024-10-18 00:09:22.589999914+00:00,2024-10-18 02:09:22.589999914+02:00
1729210176.99,4455,335200000.0,2024-10-18 00:09:36.990000010+00:00,2024-10-18 02:09:36.990000010+02:00
1729210191.3899999,4455,0.0,2024-10-18 00:09:51.389999866+00:00,2024-10-18 02:09:51.389999866+02:00
1729210205.79,4455,0.0,2024-10-18 00:10:05.789999962+00:00,2024-10-18 02:10:05.789999962+02:00
1729210220.1899998,4455,0.0,2024-10-18 00:10:20.189999819+00:00,2024-10-18 02:10:20.189999819+02:00
1729210234.59,4455,0.0,2024-10-18 00:10:34.589999914+00:00,2024-10-18 02:10:34.589999914+02:00
1729210248.99,4455,5782200000.0,2024-10-18 00:10:48.990000010+00:00,2024-10-18 02:10:48.990000010+02:00
1729210263.3899999,4455,0.0,2024-10-18 00:11:03.389999866+00:00,2024-10-18 02:11:03.389999866+02:00
1729210277.79,4455,0.0,2024-10-18 00:11:17.789999962+00:00,2024-10-18 02:11:17.789999962+02:00
1729210292.1899998,4455,586600000.0,2024-10-18 00:11:32.189999819+00:00,2024-10-18 02:11:32.189999819+02:00
1729210306.59,4455,251400000.0,2024-10-18 00:11:46.589999914+00:00,2024-10-18 02:11:46.589999914+02:00
1729210320.99,4455,83800000.0,2024-10-18 00:12:00.990000010+00:00,2024-10-18 02:12:00.990000010+02:00
1729210335.3899999,4455,1676000000.0,2024-10-18 00:12:15.389999866+00:00,2024-10-18 02:12:15.389999866+02:00
1729210349.79,4455,0.0,2024-10-18 00:12:29.789999962+00:00,2024-10-18 02:12:29.789999962+02:00
1729210364.1899998,4455,1843600000.0,2024-10-18 00:12:44.189999819+00:00,2024-10-18 02:12:44.189999819+02:00
1729210378.59,4455,0.0,2024-10-18 00:12:58.589999914+00:00,2024-10-18 02:12:58.589999914+02:00
1729210392.99,4455,1592200000.0,2024-10-18 00:13:12.990000010+00:00,2024-10-18 02:13:12.990000010+02:00
1729210407.3899999,4455,2933000000.0,2024-10-18 00:13:27.389999866+00:00,2024-10-18 02:13:27.389999866+02:00
1729210421.79,4455,0.0,2024-10-18 00:13:41.789999962+00:00,2024-10-18 02:13:41.789999962+02:00
1729210436.1899998,4455,0.0,2024-10-18 00:13:56.189999819+00:00,2024-10-18 02:13:56.189999819+02:00
1729210450.59,4455,0.0,2024-10-18 00:14:10.589999914+00:00,2024-10-18 02:14:10.589999914+02:00
1729210464.99,4455,0.0,2024-10-18 00:14:24.990000010+00:00,2024-10-18 02:14:24.990000010+02:00
1729210479.3899999,4455,1257000000.0,2024-10-18 00:14:39.389999866+00:00,2024-10-18 02:14:39.389999866+02:00
1729210493.79,4455,0.0,2024-10-18 00:14:53.789999962+00:00,2024-10-18 02:14:53.789999962+02:00
1729210508.1899998,4455,0.0,2024-10-18 00:15:08.189999819+00:00,2024-10-18 02:15:08.189999819+02:00
1729210522.59,4455,0.0,2024-10-18 00:15:22.589999914+00:00,2024-10-18 02:15:22.589999914+02:00
1729210536.99,4455,0.0,2024-10-18 00:15:36.990000010+00:00,2024-10-18 02:15:36.990000010+02:00
1729210551.3899999,4455,0.0,2024-10-18 00:15:51.389999866+00:00,2024-10-18 02:15:51.389999866+02:00
1729210565.79,4455,2011200000.0,2024-10-18 00:16:05.789999962+00:00,2024-10-18 02:16:05.789999962+02:00
1729210580.1899998,4455,2597800000.0,2024-10-18 00:16:20.189999819+00:00,2024-10-18 02:16:20.189999819+02:00
1729210594.59,4455,2430200000.0,2024-10-18 00:16:34.589999914+00:00,2024-10-18 02:16:34.589999914+02:00
1729210608.99,4455,0.0,2024-10-18 00:16:48.990000010+00:00,2024-10-18 02:16:48.990000010+02:00
1729210623.3899999,4455,0.0,2024-10-18 00:17:03.389999866+00:00,2024-10-18 02:17:03.389999866+02:00
1729210637.79,4455,0.0,2024-10-18 00:17:17.789999962+00:00,2024-10-18 02:17:17.789999962+02:00
1729210652.1899998,4455,1005600000.0,2024-10-18 00:17:32.189999819+00:00,2024-10-18 02:17:32.189999819+02:00
1729210666.59,4455,4776600000.0,2024-10-18 00:17:46.589999914+00:00,2024-10-18 02:17:46.589999914+02:00
1729210680.99,4455,0.0,2024-10-18 00:18:00.990000010+00:00,2024-10-18 02:18:00.990000010+02:00
1729210695.3899999,4455,502800000.0,2024-10-18 00:18:15.389999866+00:00,2024-10-18 02:18:15.389999866+02:00
1729210709.79,4455,1089400000.0,2024-10-18 00:18:29.789999962+00:00,2024-10-18 02:18:29.789999962+02:00
1729210724.1899998,4455,3519600000.0,2024-10-18 00:18:44.189999819+00:00,2024-10-18 02:18:44.189999819+02:00
1729210738.59,4455,1089400000.0,2024-10-18 00:18:58.589999914+00:00,2024-10-18 02:18:58.589999914+02:00
1729210752.99,4455,2178800000.0,2024-10-18 00:19:12.990000010+00:00,2024-10-18 02:19:12.990000010+02:00
1729210767.3899999,4455,5028000000.0,2024-10-18 00:19:27.389999866+00:00,2024-10-18 02:19:27.389999866+02:00
1729210781.79,4455,0.0,2024-10-18 00:19:41.789999962+00:00,2024-10-18 02:19:41.789999962+02:00
1729210796.1899998,4455,2681600000.0,2024-10-18 00:19:56.189999819+00:00,2024-10-18 02:19:56.189999819+02:00
1729210810.59,4455,6033600000.0,2024-10-18 00:20:10.589999914+00:00,2024-10-18 02:20:10.589999914+02:00
1729210824.99,4455,1759800000.0,2024-10-18 00:20:24.990000010+00:00,2024-10-18 02:20:24.990000010+02:00
1729210839.3899999,4455,3519600000.0,2024-10-18 00:20:39.389999866+00:00,2024-10-18 02:20:39.389999866+02:00
1729210853.79,4455,0.0,2024-10-18 00:20:53.789999962+00:00,2024-10-18 02:20:53.789999962+02:00
1729210868.1899998,4455,586600000.0,2024-10-18 00:21:08.189999819+00:00,2024-10-18 02:21:08.189999819+02:00
1729210882.59,4455,0.0,2024-10-18 00:21:22.589999914+00:00,2024-10-18 02:21:22.589999914+02:00
1729210896.99,4455,0.0,2024-10-18 00:21:36.990000010+00:00,2024-10-18 02:21:36.990000010+02:00
1729210911.3899999,4455,1340800000.0,2024-10-18 00:21:51.389999866+00:00,2024-10-18 02:21:51.389999866+02:00
1729210925.79,4455,1340800000.0,2024-10-18 00:22:05.789999962+00:00,2024-10-18 02:22:05.789999962+02:00
1729210940.1899998,4455,4273800000.0,2024-10-18 00:22:20.189999819+00:00,2024-10-18 02:22:20.189999819+02:00
1729210954.59,4455,0.0,2024-10-18 00:22:34.589999914+00:00,2024-10-18 02:22:34.589999914+02:00
1729210968.99,4455,754200000.0,2024-10-18 00:22:48.990000010+00:00,2024-10-18 02:22:48.990000010+02:00
1729210983.3899999,4455,0.0,2024-10-18 00:23:03.389999866+00:00,2024-10-18 02:23:03.389999866+02:00
1729210997.79,4455,251400000.0,2024-10-18 00:23:17.789999962+00:00,2024-10-18 02:23:17.789999962+02:00
1729211012.1899998,4455,3603400000.0,2024-10-18 00:23:32.189999819+00:00,2024-10-18 02:23:32.189999819+02:00
1729211026.59,4455,0.0,2024-10-18 00:23:46.589999914+00:00,2024-10-18 02:23:46.589999914+02:00
1729211040.99,4455,0.0,2024-10-18 00:24:00.990000010+00:00,2024-10-18 02:24:00.990000010+02:00
1729211055.3899999,4455,0.0,2024-10-18 00:24:15.389999866+00:00,2024-10-18 02:24:15.389999866+02:00
1729211069.79,4455,0.0,2024-10-18 00:24:29.789999962+00:00,2024-10-18 02:24:29.789999962+02:00
1729211084.1899998,4455,335200000.0,2024-10-18 00:24:44.189999819+00:00,2024-10-18 02:24:44.189999819+02:00
1729211098.59,4455,0.0,2024-10-18 00:24:58.589999914+00:00,2024-10-18 02:24:58.589999914+02:00
1729211112.99,4455,0.0,2024-10-18 00:25:12.990000010+00:00,2024-10-18 02:25:12.990000010+02:00
1729211127.3899999,4455,3938600000.0,2024-10-18 00:25:27.389999866+00:00,2024-10-18 02:25:27.389999866+02:00
1729211141.79,4455,2346400000.0,2024-10-18 00:25:41.789999962+00:00,2024-10-18 02:25:41.789999962+02:00
1729211156.1899998,4455,0.0,2024-10-18 00:25:56.189999819+00:00,2024-10-18 02:25:56.189999819+02:00
1729211170.59,4455,0.0,2024-10-18 00:26:10.589999914+00:00,2024-10-18 02:26:10.589999914+02:00
1729211184.99,4455,2262600000.0,2024-10-18 00:26:24.990000010+00:00,2024-10-18 02:26:24.990000010+02:00
1729211199.3899999,4455,0.0,2024-10-18 00:26:39.389999866+00:00,2024-10-18 02:26:39.389999866+02:00
1729211213.79,4455,0.0,2024-10-18 00:26:53.789999962+00:00,2024-10-18 02:26:53.789999962+02:00
1729211228.1899998,4455,754200000.0,2024-10-18 00:27:08.189999819+00:00,2024-10-18 02:27:08.189999819+02:00
1729211242.59,4455,0.0,2024-10-18 00:27:22.589999914+00:00,2024-10-18 02:27:22.589999914+02:00
1729211256.99,4455,3435800000.0,2024-10-18 00:27:36.990000010+00:00,2024-10-18 02:27:36.990000010+02:00
1729211271.3899999,4455,4273800000.0,2024-10-18 00:27:51.389999866+00:00,2024-10-18 02:27:51.389999866+02:00
1729211285.79,4455,0.0,2024-10-18 00:28:05.789999962+00:00,2024-10-18 02:28:05.789999962+02:00
1729211300.1899998,4455,2178800000.0,2024-10-18 00:28:20.189999819+00:00,2024-10-18 02:28:20.189999819+02:00
1729211314.59,4455,1759800000.0,2024-10-18 00:28:34.589999914+00:00,2024-10-18 02:28:34.589999914+02:00
1729211328.99,4455,0.0,2024-10-18 00:28:48.990000010+00:00,2024-10-18 02:28:48.990000010+02:00
1729211343.3899999,4455,0.0,2024-10-18 00:29:03.389999866+00:00,2024-10-18 02:29:03.389999866+02:00
1729211357.79,4455,1676000000.0,2024-10-18 00:29:17.789999962+00:00,2024-10-18 02:29:17.789999962+02:00
1729211372.1899998,4455,0.0,2024-10-18 00:29:32.189999819+00:00,2024-10-18 02:29:32.189999819+02:00
1729211386.59,4455,0.0,2024-10-18 00:29:46.589999914+00:00,2024-10-18 02:29:46.589999914+02:00
1729211400.99,4455,2178800000.0,2024-10-18 00:30:00.990000010+00:00,2024-10-18 02:30:00.990000010+02:00
1729211415.3899999,4455,0.0,2024-10-18 00:30:15.389999866+00:00,2024-10-18 02:30:15.389999866+02:00
1729211429.79,4455,0.0,2024-10-18 00:30:29.789999962+00:00,2024-10-18 02:30:29.789999962+02:00
1729211444.1899998,4455,0.0,2024-10-18 00:30:44.189999819+00:00,2024-10-18 02:30:44.189999819+02:00
1729211458.59,4455,2346400000.0,2024-10-18 00:30:58.589999914+00:00,2024-10-18 02:30:58.589999914+02:00
1729211472.99,4455,3435800000.0,2024-10-18 00:31:12.990000010+00:00,2024-10-18 02:31:12.990000010+02:00
1729211487.3899999,4455,0.0,2024-10-18 00:31:27.389999866+00:00,2024-10-18 02:31:27.389999866+02:00
1729211501.79,4455,0.0,2024-10-18 00:31:41.789999962+00:00,2024-10-18 02:31:41.789999962+02:00
1729211516.1899998,4455,0.0,2024-10-18 00:31:56.189999819+00:00,2024-10-18 02:31:56.189999819+02:00
1729211530.59,4455,1592200000.0,2024-10-18 00:32:10.589999914+00:00,2024-10-18 02:32:10.589999914+02:00
1729211544.99,4455,1257000000.0,2024-10-18 00:32:24.990000010+00:00,2024-10-18 02:32:24.990000010+02:00
1729211559.3899999,4455,0.0,2024-10-18 00:32:39.389999866+00:00,2024-10-18 02:32:39.389999866+02:00
1729211573.79,4455,0.0,2024-10-18 00:32:53.789999962+00:00,2024-10-18 02:32:53.789999962+02:00
1729211588.1899998,4455,1927400000.0,2024-10-18 00:33:08.189999819+00:00,2024-10-18 02:33:08.189999819+02:00
1729211602.59,4455,4357600000.0,2024-10-18 00:33:22.589999914+00:00,2024-10-18 02:33:22.589999914+02:00
1729211616.99,4455,3016800000.0,2024-10-18 00:33:36.990000010+00:00,2024-10-18 02:33:36.990000010+02:00
1729211631.3899999,4455,586600000.0,2024-10-18 00:33:51.389999866+00:00,2024-10-18 02:33:51.389999866+02:00
1729211645.79,4455,1340800000.0,2024-10-18 00:34:05.789999962+00:00,2024-10-18 02:34:05.789999962+02:00
1729211660.1899998,4455,0.0,2024-10-18 00:34:20.189999819+00:00,2024-10-18 02:34:20.189999819+02:00
1729211674.59,4455,3771000000.0,2024-10-18 00:34:34.589999914+00:00,2024-10-18 02:34:34.589999914+02:00
1729211688.99,4455,1592200000.0,2024-10-18 00:34:48.990000010+00:00,2024-10-18 02:34:48.990000010+02:00
1729211703.3899999,4455,2095000000.0,2024-10-18 00:35:03.389999866+00:00,2024-10-18 02:35:03.389999866+02:00
1729211717.79,4455,1089400000.0,2024-10-18 00:35:17.789999962+00:00,2024-10-18 02:35:17.789999962+02:00
1729211732.1899998,4455,0.0,2024-10-18 00:35:32.189999819+00:00,2024-10-18 02:35:32.189999819+02:00
1729211746.59,4455,1676000000.0,2024-10-18 00:35:46.589999914+00:00,2024-10-18 02:35:46.589999914+02:00
1729211760.99,4455,0.0,2024-10-18 00:36:00.990000010+00:00,2024-10-18 02:36:00.990000010+02:00
1729211775.3899999,4455,1592200000.0,2024-10-18 00:36:15.389999866+00:00,2024-10-18 02:36:15.389999866+02:00
1729211789.79,4455,167600000.0,2024-10-18 00:36:29.789999962+00:00,2024-10-18 02:36:29.789999962+02:00
1729211804.1899998,4455,1759800000.0,2024-10-18 00:36:44.189999819+00:00,2024-10-18 02:36:44.189999819+02:00
1729211818.59,4455,1927400000.0,2024-10-18 00:36:58.589999914+00:00,2024-10-18 02:36:58.589999914+02:00
1729211832.99,4455,0.0,2024-10-18 00:37:12.990000010+00:00,2024-10-18 02:37:12.990000010+02:00
1729211847.3899999,4455,0.0,2024-10-18 00:37:27.389999866+00:00,2024-10-18 02:37:27.389999866+02:00
1729211861.79,4455,419000000.0,2024-10-18 00:37:41.789999962+00:00,2024-10-18 02:37:41.789999962+02:00
1729211876.1899998,4455,3268200000.0,2024-10-18 00:37:56.189999819+00:00,2024-10-18 02:37:56.189999819+02:00
1729211890.59,4455,0.0,2024-10-18 00:38:10.589999914+00:00,2024-10-18 02:38:10.589999914+02:00
1729211904.99,4455,1927400000.0,2024-10-18 00:38:24.990000010+00:00,2024-10-18 02:38:24.990000010+02:00
1729211919.3899999,4455,0.0,2024-10-18 00:38:39.389999866+00:00,2024-10-18 02:38:39.389999866+02:00
1729211933.79,4455,4106200000.0,2024-10-18 00:38:53.789999962+00:00,2024-10-18 02:38:53.789999962+02:00
1729211948.1899998,4455,0.0,2024-10-18 00:39:08.189999819+00:00,2024-10-18 02:39:08.189999819+02:00
1729211962.59,4455,754200000.0,2024-10-18 00:39:22.589999914+00:00,2024-10-18 02:39:22.589999914+02:00
1729211976.99,4455,0.0,2024-10-18 00:39:36.990000010+00:00,2024-10-18 02:39:36.990000010+02:00
1729211991.3899999,4455,2933000000.0,2024-10-18 00:39:51.389999866+00:00,2024-10-18 02:39:51.389999866+02:00
1729212005.79,4455,1257000000.0,2024-10-18 00:40:05.789999962+00:00,2024-10-18 02:40:05.789999962+02:00
1729212020.1899998,4455,2430200000.0,2024-10-18 00:40:20.189999819+00:00,2024-10-18 02:40:20.189999819+02:00
1729212034.59,4455,0.0,2024-10-18 00:40:34.589999914+00:00,2024-10-18 02:40:34.589999914+02:00
1729212048.99,4455,0.0,2024-10-18 00:40:48.990000010+00:00,2024-10-18 02:40:48.990000010+02:00
1729212063.3899999,4455,0.0,2024-10-18 00:41:03.389999866+00:00,2024-10-18 02:41:03.389999866+02:00
1729212077.79,4455,2933000000.0,2024-10-18 00:41:17.789999962+00:00,2024-10-18 02:41:17.789999962+02:00
1729212092.1899998,4455,5698400000.0,2024-10-18 00:41:32.189999819+00:00,2024-10-18 02:41:32.189999819+02:00
1729212106.59,4455,0.0,2024-10-18 00:41:46.589999914+00:00,2024-10-18 02:41:46.589999914+02:00
1729212120.99,4455,1089400000.0,2024-10-18 00:42:00.990000010+00:00,2024-10-18 02:42:00.990000010+02:00
1729212135.3899999,4455,1257000000.0,2024-10-18 00:42:15.389999866+00:00,2024-10-18 02:42:15.389999866+02:00
1729212149.79,4455,0.0,2024-10-18 00:42:29.789999962+00:00,2024-10-18 02:42:29.789999962+02:00
1729212164.1899998,4455,0.0,2024-10-18 00:42:44.189999819+00:00,2024-10-18 02:42:44.189999819+02:00
1729212178.59,4455,1676000000.0,2024-10-18 00:42:58.589999914+00:00,2024-10-18 02:42:58.589999914+02:00
1729212192.99,4455,0.0,2024-10-18 00:43:12.990000010+00:00,2024-10-18 02:43:12.990000010+02:00
1729212207.3899999,4455,1676000000.0,2024-10-18 00:43:27.389999866+00:00,2024-10-18 02:43:27.389999866+02:00
1729212221.79,4455,586600000.0,2024-10-18 00:43:41.789999962+00:00,2024-10-18 02:43:41.789999962+02:00
1729212236.1899998,4455,0.0,2024-10-18 00:43:56.189999819+00:00,2024-10-18 02:43:56.189999819+02:00
1729212250.59,4455,0.0,2024-10-18 00:44:10.589999914+00:00,2024-10-18 02:44:10.589999914+02:00
1729212264.99,4455,0.0,2024-10-18 00:44:24.990000010+00:00,2024-10-18 02:44:24.990000010+02:00
1729212279.3899999,4455,0.0,2024-10-18 00:44:39.389999866+00:00,2024-10-18 02:44:39.389999866+02:00
1729212293.79,4455,4190000000.0,2024-10-18 00:44:53.789999962+00:00,2024-10-18 02:44:53.789999962+02:00
1729212308.1899998,4455,0.0,2024-10-18 00:45:08.189999819+00:00,2024-10-18 02:45:08.189999819+02:00
1729212322.59,4455,0.0,2024-10-18 00:45:22.589999914+00:00,2024-10-18 02:45:22.589999914+02:00
1729212336.99,4455,3519600000.0,2024-10-18 00:45:36.990000010+00:00,2024-10-18 02:45:36.990000010+02:00
1729212351.3899999,4455,0.0,2024-10-18 00:45:51.389999866+00:00,2024-10-18 02:45:51.389999866+02:00
1729212365.79,4455,1592200000.0,2024-10-18 00:46:05.789999962+00:00,2024-10-18 02:46:05.789999962+02:00
1729212380.1899998,4455,0.0,2024-10-18 00:46:20.189999819+00:00,2024-10-18 02:46:20.189999819+02:00
1729212394.59,4455,0.0,2024-10-18 00:46:34.589999914+00:00,2024-10-18 02:46:34.589999914+02:00
1729212408.99,4455,0.0,2024-10-18 00:46:48.990000010+00:00,2024-10-18 02:46:48.990000010+02:00
1729212423.3899999,4455,0.0,2024-10-18 00:47:03.389999866+00:00,2024-10-18 02:47:03.389999866+02:00
1729212437.79,4455,1508400000.0,2024-10-18 00:47:17.789999962+00:00,2024-10-18 02:47:17.789999962+02:00
1729212452.1899998,4455,1592200000.0,2024-10-18 00:47:32.189999819+00:00,2024-10-18 02:47:32.189999819+02:00
1729212466.59,4455,921800000.0,2024-10-18 00:47:46.589999914+00:00,2024-10-18 02:47:46.589999914+02:00
1729212480.99,4455,0.0,2024-10-18 00:48:00.990000010+00:00,2024-10-18 02:48:00.990000010+02:00
1729212495.3899999,4455,0.0,2024-10-18 00:48:15.389999866+00:00,2024-10-18 02:48:15.389999866+02:00
1729212509.79,4455,2681600000.0,2024-10-18 00:48:29.789999962+00:00,2024-10-18 02:48:29.789999962+02:00
1729212524.1899998,4455,0.0,2024-10-18 00:48:44.189999819+00:00,2024-10-18 02:48:44.189999819+02:00
1729212538.59,4455,1257000000.0,2024-10-18 00:48:58.589999914+00:00,2024-10-18 02:48:58.589999914+02:00
1729212552.99,4455,0.0,2024-10-18 00:49:12.990000010+00:00,2024-10-18 02:49:12.990000010+02:00
1729212567.3899999,4455,0.0,2024-10-18 00:49:27.389999866+00:00,2024-10-18 02:49:27.389999866+02:00
1729212581.79,4455,1089400000.0,2024-10-18 00:49:41.789999962+00:00,2024-10-18 02:49:41.789999962+02:00
1729212596.1899998,4455,3352000000.0,2024-10-18 00:49:56.189999819+00:00,2024-10-18 02:49:56.189999819+02:00
1729212610.59,4455,0.0,2024-10-18 00:50:10.589999914+00:00,2024-10-18 02:50:10.589999914+02:00
1729212624.99,4455,0.0,2024-10-18 00:50:24.990000010+00:00,2024-10-18 02:50:24.990000010+02:00
1729212639.3899999,4455,0.0,2024-10-18 00:50:39.389999866+00:00,2024-10-18 02:50:39.389999866+02:00
1729212653.79,4455,0.0,2024-10-18 00:50:53.789999962+00:00,2024-10-18 02:50:53.789999962+02:00
1729212668.1899998,4455,1508400000.0,2024-10-18 00:51:08.189999819+00:00,2024-10-18 02:51:08.189999819+02:00
1729212682.59,4455,0.0,2024-10-18 00:51:22.589999914+00:00,2024-10-18 02:51:22.589999914+02:00
1729212696.99,4455,0.0,2024-10-18 00:51:36.990000010+00:00,2024-10-18 02:51:36.990000010+02:00
1729212711.3899999,4455,0.0,2024-10-18 00:51:51.389999866+00:00,2024-10-18 02:51:51.389999866+02:00
1729212725.79,4455,2597800000.0,2024-10-18 00:52:05.789999962+00:00,2024-10-18 02:52:05.789999962+02:00
1729212740.1899998,4455,0.0,2024-10-18 00:52:20.189999819+00:00,2024-10-18 02:52:20.189999819+02:00
1729212754.59,4455,754200000.0,2024-10-18 00:52:34.589999914+00:00,2024-10-18 02:52:34.589999914+02:00
1729212768.99,4455,167600000.0,2024-10-18 00:52:48.990000010+00:00,2024-10-18 02:52:48.990000010+02:00
1729212783.3899999,4455,83800000.0,2024-10-18 00:53:03.389999866+00:00,2024-10-18 02:53:03.389999866+02:00
1729212797.79,4455,0.0,2024-10-18 00:53:17.789999962+00:00,2024-10-18 02:53:17.789999962+02:00
1729212812.1899998,4455,1340800000.0,2024-10-18 00:53:32.189999819+00:00,2024-10-18 02:53:32.189999819+02:00
1729212826.59,4455,3184400000.0,2024-10-18 00:53:46.589999914+00:00,2024-10-18 02:53:46.589999914+02:00
1729212840.99,4455,0.0,2024-10-18 00:54:00.990000010+00:00,2024-10-18 02:54:00.990000010+02:00
1729212855.3899999,4455,0.0,2024-10-18 00:54:15.389999866+00:00,2024-10-18 02:54:15.389999866+02:00
1729212869.79,4455,0.0,2024-10-18 00:54:29.789999962+00:00,2024-10-18 02:54:29.789999962+02:00
1729212884.1899998,4455,0.0,2024-10-18 00:54:44.189999819+00:00,2024-10-18 02:54:44.189999819+02:00
1729212898.59,4455,0.0,2024-10-18 00:54:58.589999914+00:00,2024-10-18 02:54:58.589999914+02:00
1729212912.99,4455,0.0,2024-10-18 00:55:12.990000010+00:00,2024-10-18 02:55:12.990000010+02:00
1729212927.3899999,4455,4692800000.0,2024-10-18 00:55:27.389999866+00:00,2024-10-18 02:55:27.389999866+02:00
1729212941.79,4455,0.0,2024-10-18 00:55:41.789999962+00:00,2024-10-18 02:55:41.789999962+02:00
1729212956.1899998,4455,83800000.0,2024-10-18 00:55:56.189999819+00:00,2024-10-18 02:55:56.189999819+02:00
1729212970.59,4455,3519600000.0,2024-10-18 00:56:10.589999914+00:00,2024-10-18 02:56:10.589999914+02:00
1729212984.99,4455,1508400000.0,2024-10-18 00:56:24.990000010+00:00,2024-10-18 02:56:24.990000010+02:00
1729212999.3899999,4455,0.0,2024-10-18 00:56:39.389999866+00:00,2024-10-18 02:56:39.389999866+02:00
1729213013.79,4455,3016800000.0,2024-10-18 00:56:53.789999962+00:00,2024-10-18 02:56:53.789999962+02:00
1729213028.1899998,4455,335200000.0,2024-10-18 00:57:08.189999819+00:00,2024-10-18 02:57:08.189999819+02:00
1729213042.59,4455,0.0,2024-10-18 00:57:22.589999914+00:00,2024-10-18 02:57:22.589999914+02:00
1729213056.99,4455,1089400000.0,2024-10-18 00:57:36.990000010+00:00,2024-10-18 02:57:36.990000010+02:00
1729213071.3899999,4455,1592200000.0,2024-10-18 00:57:51.389999866+00:00,2024-10-18 02:57:51.389999866+02:00
1729213085.79,4455,0.0,2024-10-18 00:58:05.789999962+00:00,2024-10-18 02:58:05.789999962+02:00
1729213100.1899998,4455,1089400000.0,2024-10-18 00:58:20.189999819+00:00,2024-10-18 02:58:20.189999819+02:00
1729213114.59,4455,2346400000.0,2024-10-18 00:58:34.589999914+00:00,2024-10-18 02:58:34.589999914+02:00
1729213128.99,4455,0.0,2024-10-18 00:58:48.990000010+00:00,2024-10-18 02:58:48.990000010+02:00
1729213143.3899999,4455,2681600000.0,2024-10-18 00:59:03.389999866+00:00,2024-10-18 02:59:03.389999866+02:00
1729213157.79,4455,0.0,2024-10-18 00:59:17.789999962+00:00,2024-10-18 02:59:17.789999962+02:00
1729213172.1899998,4455,1173200000.0,2024-10-18 00:59:32.189999819+00:00,2024-10-18 02:59:32.189999819+02:00
1729213186.59,4455,3100600000.0,2024-10-18 00:59:46.589999914+00:00,2024-10-18 02:59:46.589999914+02:00
1729213200.99,4455,0.0,2024-10-18 01:00:00.990000010+00:00,2024-10-18 03:00:00.990000010+02:00
1729213215.3899999,4455,0.0,2024-10-18 01:00:15.389999866+00:00,2024-10-18 03:00:15.389999866+02:00
1729213229.79,4455,1257000000.0,2024-10-18 01:00:29.789999962+00:00,2024-10-18 03:00:29.789999962+02:00
1729213244.1899998,4455,0.0,2024-10-18 01:00:44.189999819+00:00,2024-10-18 03:00:44.189999819+02:00
1729213258.59,4455,1508400000.0,2024-10-18 01:00:58.589999914+00:00,2024-10-18 03:00:58.589999914+02:00
1729213272.99,4455,0.0,2024-10-18 01:01:12.990000010+00:00,2024-10-18 03:01:12.990000010+02:00
1729213287.3899999,4455,2178800000.0,2024-10-18 01:01:27.389999866+00:00,2024-10-18 03:01:27.389999866+02:00
1729213301.79,4455,0.0,2024-10-18 01:01:41.789999962+00:00,2024-10-18 03:01:41.789999962+02:00
1729213316.1899998,4455,1257000000.0,2024-10-18 01:01:56.189999819+00:00,2024-10-18 03:01:56.189999819+02:00
1729213330.59,4455,4357600000.0,2024-10-18 01:02:10.589999914+00:00,2024-10-18 03:02:10.589999914+02:00
1729213344.99,4455,838000000.0,2024-10-18 01:02:24.990000010+00:00,2024-10-18 03:02:24.990000010+02:00
1729213359.3899999,4455,4190000000.0,2024-10-18 01:02:39.389999866+00:00,2024-10-18 03:02:39.389999866+02:00
1729213373.79,4455,1173200000.0,2024-10-18 01:02:53.789999962+00:00,2024-10-18 03:02:53.789999962+02:00
1729213388.1899998,4455,0.0,2024-10-18 01:03:08.189999819+00:00,2024-10-18 03:03:08.189999819+02:00
1729213402.59,4455,1592200000.0,2024-10-18 01:03:22.589999914+00:00,2024-10-18 03:03:22.589999914+02:00
1729213416.99,4455,0.0,2024-10-18 01:03:36.990000010+00:00,2024-10-18 03:03:36.990000010+02:00
1729213431.3899999,4455,0.0,2024-10-18 01:03:51.389999866+00:00,2024-10-18 03:03:51.389999866+02:00
1729213445.79,4455,0.0,2024-10-18 01:04:05.789999962+00:00,2024-10-18 03:04:05.789999962+02:00
1729213460.1899998,4455,2849200000.0,2024-10-18 01:04:20.189999819+00:00,2024-10-18 03:04:20.189999819+02:00
1729213474.59,4455,1676000000.0,2024-10-18 01:04:34.589999914+00:00,2024-10-18 03:04:34.589999914+02:00
1729213488.99,4455,0.0,2024-10-18 01:04:48.990000010+00:00,2024-10-18 03:04:48.990000010+02:00
1729213503.3899999,4455,335200000.0,2024-10-18 01:05:03.389999866+00:00,2024-10-18 03:05:03.389999866+02:00
1729213517.79,4455,5363200000.0,2024-10-18 01:05:17.789999962+00:00,2024-10-18 03:05:17.789999962+02:00
1729213532.1899998,4455,0.0,2024-10-18 01:05:32.189999819+00:00,2024-10-18 03:05:32.189999819+02:00
1729213546.59,4455,3435800000.0,2024-10-18 01:05:46.589999914+00:00,2024-10-18 03:05:46.589999914+02:00
1729213560.99,4455,1424600000.0,2024-10-18 01:06:00.990000010+00:00,2024-10-18 03:06:00.990000010+02:00
1729213575.3899999,4455,0.0,2024-10-18 01:06:15.389999866+00:00,2024-10-18 03:06:15.389999866+02:00
1729213589.79,4455,0.0,2024-10-18 01:06:29.789999962+00:00,2024-10-18 03:06:29.789999962+02:00
1729213604.1899998,4455,0.0,2024-10-18 01:06:44.189999819+00:00,2024-10-18 03:06:44.189999819+02:00
1729213618.59,4455,3100600000.0,2024-10-18 01:06:58.589999914+00:00,2024-10-18 03:06:58.589999914+02:00
1729213632.99,4455,0.0,2024-10-18 01:07:12.990000010+00:00,2024-10-18 03:07:12.990000010+02:00
1729213647.3899999,4455,3268200000.0,2024-10-18 01:07:27.389999866+00:00,2024-10-18 03:07:27.389999866+02:00
1729213661.79,4455,4022400000.0,2024-10-18 01:07:41.789999962+00:00,2024-10-18 03:07:41.789999962+02:00
1729213676.1899998,4455,2011200000.0,2024-10-18 01:07:56.189999819+00:00,2024-10-18 03:07:56.189999819+02:00
1729213690.59,4455,4609000000.0,2024-10-18 01:08:10.589999914+00:00,2024-10-18 03:08:10.589999914+02:00
1729213704.99,4455,0.0,2024-10-18 01:08:24.990000010+00:00,2024-10-18 03:08:24.990000010+02:00
1729213719.3899999,4455,3603400000.0,2024-10-18 01:08:39.389999866+00:00,2024-10-18 03:08:39.389999866+02:00
1729213733.79,4455,0.0,2024-10-18 01:08:53.789999962+00:00,2024-10-18 03:08:53.789999962+02:00
1729213748.1899998,4455,5614600000.0,2024-10-18 01:09:08.189999819+00:00,2024-10-18 03:09:08.189999819+02:00
1729213762.59,4455,0.0,2024-10-18 01:09:22.589999914+00:00,2024-10-18 03:09:22.589999914+02:00
1729213776.99,4455,0.0,2024-10-18 01:09:36.990000010+00:00,2024-10-18 03:09:36.990000010+02:00
1729213791.3899999,4455,0.0,2024-10-18 01:09:51.389999866+00:00,2024-10-18 03:09:51.389999866+02:00
1729213805.79,4455,5949800000.0,2024-10-18 01:10:05.789999962+00:00,2024-10-18 03:10:05.789999962+02:00
1729213820.1899998,4455,3100600000.0,2024-10-18 01:10:20.189999819+00:00,2024-10-18 03:10:20.189999819+02:00
1729213834.59,4455,3854800000.0,2024-10-18 01:10:34.589999914+00:00,2024-10-18 03:10:34.589999914+02:00
1729213848.99,4455,0.0,2024-10-18 01:10:48.990000010+00:00,2024-10-18 03:10:48.990000010+02:00
1729213863.3899999,4455,0.0,2024-10-18 01:11:03.389999866+00:00,2024-10-18 03:11:03.389999866+02:00
1729213877.79,4455,1257000000.0,2024-10-18 01:11:17.789999962+00:00,2024-10-18 03:11:17.789999962+02:00
1729213892.1899998,4455,1424600000.0,2024-10-18 01:11:32.189999819+00:00,2024-10-18 03:11:32.189999819+02:00
1729213906.59,4455,1592200000.0,2024-10-18 01:11:46.589999914+00:00,2024-10-18 03:11:46.589999914+02:00
1729213920.99,4455,0.0,2024-10-18 01:12:00.990000010+00:00,2024-10-18 03:12:00.990000010+02:00
1729213935.3899999,4455,1005600000.0,2024-10-18 01:12:15.389999866+00:00,2024-10-18 03:12:15.389999866+02:00
1729213949.79,4455,0.0,2024-10-18 01:12:29.789999962+00:00,2024-10-18 03:12:29.789999962+02:00
1729213964.1899998,4455,1257000000.0,2024-10-18 01:12:44.189999819+00:00,2024-10-18 03:12:44.189999819+02:00
1729213978.59,4455,0.0,2024-10-18 01:12:58.589999914+00:00,2024-10-18 03:12:58.589999914+02:00
1729213992.99,4455,0.0,2024-10-18 01:13:12.990000010+00:00,2024-10-18 03:13:12.990000010+02:00
1729214007.3899999,4455,3100600000.0,2024-10-18 01:13:27.389999866+00:00,2024-10-18 03:13:27.389999866+02:00
1729214021.79,4455,0.0,2024-10-18 01:13:41.789999962+00:00,2024-10-18 03:13:41.789999962+02:00
1729214036.1899998,4455,0.0,2024-10-18 01:13:56.189999819+00:00,2024-10-18 03:13:56.189999819+02:00
1729214050.59,4455,0.0,2024-10-18 01:14:10.589999914+00:00,2024-10-18 03:14:10.589999914+02:00
1729214064.99,4455,251400000.0,2024-10-18 01:14:24.990000010+00:00,2024-10-18 03:14:24.990000010+02:00
1729214079.3899999,4455,0.0,2024-10-18 01:14:39.389999866+00:00,2024-10-18 03:14:39.389999866+02:00
1729214093.79,4455,0.0,2024-10-18 01:14:53.789999962+00:00,2024-10-18 03:14:53.789999962+02:00
1729214108.1899998,4455,1759800000.0,2024-10-18 01:15:08.189999819+00:00,2024-10-18 03:15:08.189999819+02:00
1729214122.59,4455,0.0,2024-10-18 01:15:22.589999914+00:00,2024-10-18 03:15:22.589999914+02:00
1729214136.99,4455,0.0,2024-10-18 01:15:36.990000010+00:00,2024-10-18 03:15:36.990000010+02:00
1729214151.3899999,4455,0.0,2024-10-18 01:15:51.389999866+00:00,2024-10-18 03:15:51.389999866+02:00
1729214165.79,4455,0.0,2024-10-18 01:16:05.789999962+00:00,2024-10-18 03:16:05.789999962+02:00
1729214180.1899998,4455,3016800000.0,2024-10-18 01:16:20.189999819+00:00,2024-10-18 03:16:20.189999819+02:00
1729214194.59,4455,0.0,2024-10-18 01:16:34.589999914+00:00,2024-10-18 03:16:34.589999914+02:00
1729214208.99,4455,0.0,2024-10-18 01:16:48.990000010+00:00,2024-10-18 03:16:48.990000010+02:00
1729214223.3899999,4455,0.0,2024-10-18 01:17:03.389999866+00:00,2024-10-18 03:17:03.389999866+02:00
1729214237.79,4455,0.0,2024-10-18 01:17:17.789999962+00:00,2024-10-18 03:17:17.789999962+02:00
1729214252.1899998,4455,0.0,2024-10-18 01:17:32.189999819+00:00,2024-10-18 03:17:32.189999819+02:00
1729214266.59,4455,0.0,2024-10-18 01:17:46.589999914+00:00,2024-10-18 03:17:46.589999914+02:00
1729214280.99,4455,754200000.0,2024-10-18 01:18:00.990000010+00:00,2024-10-18 03:18:00.990000010+02:00
1729214295.3899999,4455,0.0,2024-10-18 01:18:15.389999866+00:00,2024-10-18 03:18:15.389999866+02:00
1729214309.79,4455,0.0,2024-10-18 01:18:29.789999962+00:00,2024-10-18 03:18:29.789999962+02:00
1729214324.1899998,4455,1508400000.0,2024-10-18 01:18:44.189999819+00:00,2024-10-18 03:18:44.189999819+02:00
1729214338.59,4455,2262600000.0,2024-10-18 01:18:58.589999914+00:00,2024-10-18 03:18:58.589999914+02:00
1729214352.99,4455,921800000.0,2024-10-18 01:19:12.990000010+00:00,2024-10-18 03:19:12.990000010+02:00
1729214367.3899999,4455,0.0,2024-10-18 01:19:27.389999866+00:00,2024-10-18 03:19:27.389999866+02:00
1729214381.79,4455,0.0,2024-10-18 01:19:41.789999962+00:00,2024-10-18 03:19:41.789999962+02:00
1729214396.1899998,4455,0.0,2024-10-18 01:19:56.189999819+00:00,2024-10-18 03:19:56.189999819+02:00
1729214410.59,4455,0.0,2024-10-18 01:20:10.589999914+00:00,2024-10-18 03:20:10.589999914+02:00
1729214424.99,4455,0.0,2024-10-18 01:20:24.990000010+00:00,2024-10-18 03:20:24.990000010+02:00
1729214439.3899999,4455,167600000.0,2024-10-18 01:20:39.389999866+00:00,2024-10-18 03:20:39.389999866+02:00
1729214453.79,4455,0.0,2024-10-18 01:20:53.789999962+00:00,2024-10-18 03:20:53.789999962+02:00
1729214468.1899998,4455,3435800000.0,2024-10-18 01:21:08.189999819+00:00,2024-10-18 03:21:08.189999819+02:00
1729214482.59,4455,0.0,2024-10-18 01:21:22.589999914+00:00,2024-10-18 03:21:22.589999914+02:00
1729214496.99,4455,0.0,2024-10-18 01:21:36.990000010+00:00,2024-10-18 03:21:36.990000010+02:00
1729214511.3899999,4455,4525200000.0,2024-10-18 01:21:51.389999866+00:00,2024-10-18 03:21:51.389999866+02:00
1729214525.79,4455,1508400000.0,2024-10-18 01:22:05.789999962+00:00,2024-10-18 03:22:05.789999962+02:00
1729214540.1899998,4455,0.0,2024-10-18 01:22:20.189999819+00:00,2024-10-18 03:22:20.189999819+02:00
1729214554.59,4455,2933000000.0,2024-10-18 01:22:34.589999914+00:00,2024-10-18 03:22:34.589999914+02:00
1729214568.99,4455,838000000.0,2024-10-18 01:22:48.990000010+00:00,2024-10-18 03:22:48.990000010+02:00
1729214583.3899999,4455,3100600000.0,2024-10-18 01:23:03.389999866+00:00,2024-10-18 03:23:03.389999866+02:00
1729214597.79,4455,1089400000.0,2024-10-18 01:23:17.789999962+00:00,2024-10-18 03:23:17.789999962+02:00
1729214612.1899998,4455,0.0,2024-10-18 01:23:32.189999819+00:00,2024-10-18 03:23:32.189999819+02:00
1729214626.59,4455,0.0,2024-10-18 01:23:46.589999914+00:00,2024-10-18 03:23:46.589999914+02:00
1729214640.99,4455,0.0,2024-10-18 01:24:00.990000010+00:00,2024-10-18 03:24:00.990000010+02:00
1729214655.3899999,4455,0.0,2024-10-18 01:24:15.389999866+00:00,2024-10-18 03:24:15.389999866+02:00
1729214669.79,4455,0.0,2024-10-18 01:24:29.789999962+00:00,2024-10-18 03:24:29.789999962+02:00
1729214684.1899998,4455,0.0,2024-10-18 01:24:44.189999819+00:00,2024-10-18 03:24:44.189999819+02:00
1729214698.59,4455,0.0,2024-10-18 01:24:58.589999914+00:00,2024-10-18 03:24:58.589999914+02:00
1729214712.99,4455,0.0,2024-10-18 01:25:12.990000010+00:00,2024-10-18 03:25:12.990000010+02:00
1729214727.3899999,4455,0.0,2024-10-18 01:25:27.389999866+00:00,2024-10-18 03:25:27.389999866+02:00
1729214741.79,4455,1257000000.0,2024-10-18 01:25:41.789999962+00:00,2024-10-18 03:25:41.789999962+02:00
1729214756.1899998,4455,0.0,2024-10-18 01:25:56.189999819+00:00,2024-10-18 03:25:56.189999819+02:00
1729214770.59,4455,0.0,2024-10-18 01:26:10.589999914+00:00,2024-10-18 03:26:10.589999914+02:00
1729214784.99,4455,0.0,2024-10-18 01:26:24.990000010+00:00,2024-10-18 03:26:24.990000010+02:00
1729214799.3899999,4455,0.0,2024-10-18 01:26:39.389999866+00:00,2024-10-18 03:26:39.389999866+02:00
1729214813.79,4455,0.0,2024-10-18 01:26:53.789999962+00:00,2024-10-18 03:26:53.789999962+02:00
1729214828.1899998,4455,3603400000.0,2024-10-18 01:27:08.189999819+00:00,2024-10-18 03:27:08.189999819+02:00
1729214842.59,4455,0.0,2024-10-18 01:27:22.589999914+00:00,2024-10-18 03:27:22.589999914+02:00
1729214856.99,4455,0.0,2024-10-18 01:27:36.990000010+00:00,2024-10-18 03:27:36.990000010+02:00
1729214871.3899999,4455,0.0,2024-10-18 01:27:51.389999866+00:00,2024-10-18 03:27:51.389999866+02:00
1729214885.79,4455,3603400000.0,2024-10-18 01:28:05.789999962+00:00,2024-10-18 03:28:05.789999962+02:00
1729214900.1899998,4455,1257000000.0,2024-10-18 01:28:20.189999819+00:00,2024-10-18 03:28:20.189999819+02:00
1729214914.59,4455,1927400000.0,2024-10-18 01:28:34.589999914+00:00,2024-10-18 03:28:34.589999914+02:00
1729214928.99,4455,0.0,2024-10-18 01:28:48.990000010+00:00,2024-10-18 03:28:48.990000010+02:00
1729214943.3899999,4455,0.0,2024-10-18 01:29:03.389999866+00:00,2024-10-18 03:29:03.389999866+02:00
1729214957.79,4455,3687200000.0,2024-10-18 01:29:17.789999962+00:00,2024-10-18 03:29:17.789999962+02:00
1729214972.1899998,4455,0.0,2024-10-18 01:29:32.189999819+00:00,2024-10-18 03:29:32.189999819+02:00
1729214986.59,4455,2681600000.0,2024-10-18 01:29:46.589999914+00:00,2024-10-18 03:29:46.589999914+02:00
1729215000.99,4455,0.0,2024-10-18 01:30:00.990000010+00:00,2024-10-18 03:30:00.990000010+02:00
1729215015.3899999,4455,586600000.0,2024-10-18 01:30:15.389999866+00:00,2024-10-18 03:30:15.389999866+02:00
1729215029.79,4455,1424600000.0,2024-10-18 01:30:29.789999962+00:00,2024-10-18 03:30:29.789999962+02:00
1729215044.1899998,4455,0.0,2024-10-18 01:30:44.189999819+00:00,2024-10-18 03:30:44.189999819+02:00
1729215058.59,4455,670400000.0,2024-10-18 01:30:58.589999914+00:00,2024-10-18 03:30:58.589999914+02:00
1729215072.99,4455,1424600000.0,2024-10-18 01:31:12.990000010+00:00,2024-10-18 03:31:12.990000010+02:00
1729215087.3899999,4455,251400000.0,2024-10-18 01:31:27.389999866+00:00,2024-10-18 03:31:27.389999866+02:00
1729215101.79,4455,0.0,2024-10-18 01:31:41.789999962+00:00,2024-10-18 03:31:41.789999962+02:00
1729215116.1899998,4455,167600000.0,2024-10-18 01:31:56.189999819+00:00,2024-10-18 03:31:56.189999819+02:00
1729215130.59,4455,754200000.0,2024-10-18 01:32:10.589999914+00:00,2024-10-18 03:32:10.589999914+02:00
1729215144.99,4455,1508400000.0,2024-10-18 01:32:24.990000010+00:00,2024-10-18 03:32:24.990000010+02:00
1729215159.3899999,4455,251400000.0,2024-10-18 01:32:39.389999866+00:00,2024-10-18 03:32:39.389999866+02:00
1729215173.79,4455,0.0,2024-10-18 01:32:53.789999962+00:00,2024-10-18 03:32:53.789999962+02:00
1729215188.1899998,4455,1005600000.0,2024-10-18 01:33:08.189999819+00:00,2024-10-18 03:33:08.189999819+02:00
1729215202.59,4455,2346400000.0,2024-10-18 01:33:22.589999914+00:00,2024-10-18 03:33:22.589999914+02:00
1729215216.99,4455,0.0,2024-10-18 01:33:36.990000010+00:00,2024-10-18 03:33:36.990000010+02:00
1729215231.3899999,4455,0.0,2024-10-18 01:33:51.389999866+00:00,2024-10-18 03:33:51.389999866+02:00
1729215245.79,4455,2011200000.0,2024-10-18 01:34:05.789999962+00:00,2024-10-18 03:34:05.789999962+02:00
1729215260.1899998,4455,0.0,2024-10-18 01:34:20.189999819+00:00,2024-10-18 03:34:20.189999819+02:00
1729215274.59,4455,0.0,2024-10-18 01:34:34.589999914+00:00,2024-10-18 03:34:34.589999914+02:00
1729215288.99,4455,0.0,2024-10-18 01:34:48.990000010+00:00,2024-10-18 03:34:48.990000010+02:00
1729215303.3899999,4455,1089400000.0,2024-10-18 01:35:03.389999866+00:00,2024-10-18 03:35:03.389999866+02:00
1729215317.79,4455,2346400000.0,2024-10-18 01:35:17.789999962+00:00,2024-10-18 03:35:17.789999962+02:00
1729215332.1899998,4455,0.0,2024-10-18 01:35:32.189999819+00:00,2024-10-18 03:35:32.189999819+02:00
1729215346.59,4455,0.0,2024-10-18 01:35:46.589999914+00:00,2024-10-18 03:35:46.589999914+02:00
1729215360.99,4455,1173200000.0,2024-10-18 01:36:00.990000010+00:00,2024-10-18 03:36:00.990000010+02:00
1729215375.3899999,4455,0.0,2024-10-18 01:36:15.389999866+00:00,2024-10-18 03:36:15.389999866+02:00
1729215389.79,4455,0.0,2024-10-18 01:36:29.789999962+00:00,2024-10-18 03:36:29.789999962+02:00
1729215404.1899998,4455,0.0,2024-10-18 01:36:44.189999819+00:00,2024-10-18 03:36:44.189999819+02:00
1729215418.59,4455,2095000000.0,2024-10-18 01:36:58.589999914+00:00,2024-10-18 03:36:58.589999914+02:00
1729215432.99,4455,1508400000.0,2024-10-18 01:37:12.990000010+00:00,2024-10-18 03:37:12.990000010+02:00
1729215447.3899999,4455,0.0,2024-10-18 01:37:27.389999866+00:00,2024-10-18 03:37:27.389999866+02:00
1729215461.79,4455,1592200000.0,2024-10-18 01:37:41.789999962+00:00,2024-10-18 03:37:41.789999962+02:00
1729215476.1899998,4455,3854800000.0,2024-10-18 01:37:56.189999819+00:00,2024-10-18 03:37:56.189999819+02:00
1729215490.59,4455,2178800000.0,2024-10-18 01:38:10.589999914+00:00,2024-10-18 03:38:10.589999914+02:00
1729215504.99,4455,0.0,2024-10-18 01:38:24.990000010+00:00,2024-10-18 03:38:24.990000010+02:00
1729215519.3899999,4455,1592200000.0,2024-10-18 01:38:39.389999866+00:00,2024-10-18 03:38:39.389999866+02:00
1729215533.79,4455,1843600000.0,2024-10-18 01:38:53.789999962+00:00,2024-10-18 03:38:53.789999962+02:00
1729215548.1899998,4455,5698400000.0,2024-10-18 01:39:08.189999819+00:00,2024-10-18 03:39:08.189999819+02:00
1729215562.59,4455,0.0,2024-10-18 01:39:22.589999914+00:00,2024-10-18 03:39:22.589999914+02:00
1729215576.99,4455,3771000000.0,2024-10-18 01:39:36.990000010+00:00,2024-10-18 03:39:36.990000010+02:00
1729215591.3899999,4455,3352000000.0,2024-10-18 01:39:51.389999866+00:00,2024-10-18 03:39:51.389999866+02:00
1729215605.79,4455,0.0,2024-10-18 01:40:05.789999962+00:00,2024-10-18 03:40:05.789999962+02:00
1729215620.1899998,4455,0.0,2024-10-18 01:40:20.189999819+00:00,2024-10-18 03:40:20.189999819+02:00
1729215634.59,4455,0.0,2024-10-18 01:40:34.589999914+00:00,2024-10-18 03:40:34.589999914+02:00
1729215648.99,4455,0.0,2024-10-18 01:40:48.990000010+00:00,2024-10-18 03:40:48.990000010+02:00
1729215663.3899999,4455,0.0,2024-10-18 01:41:03.389999866+00:00,2024-10-18 03:41:03.389999866+02:00
1729215677.79,4455,2262600000.0,2024-10-18 01:41:17.789999962+00:00,2024-10-18 03:41:17.789999962+02:00
1729215692.1899998,4455,3771000000.0,2024-10-18 01:41:32.189999819+00:00,2024-10-18 03:41:32.189999819+02:00
1729215706.59,4455,0.0,2024-10-18 01:41:46.589999914+00:00,2024-10-18 03:41:46.589999914+02:00
1729215720.99,4455,0.0,2024-10-18 01:42:00.990000010+00:00,2024-10-18 03:42:00.990000010+02:00
1729215735.3899999,4455,0.0,2024-10-18 01:42:15.389999866+00:00,2024-10-18 03:42:15.389999866+02:00
1729215749.79,4455,2681600000.0,2024-10-18 01:42:29.789999962+00:00,2024-10-18 03:42:29.789999962+02:00
1729215764.1899998,4455,3771000000.0,2024-10-18 01:42:44.189999819+00:00,2024-10-18 03:42:44.189999819+02:00
1729215778.59,4455,0.0,2024-10-18 01:42:58.589999914+00:00,2024-10-18 03:42:58.589999914+02:00
1729215792.99,4455,0.0,2024-10-18 01:43:12.990000010+00:00,2024-10-18 03:43:12.990000010+02:00
1729215807.3899999,4455,1592200000.0,2024-10-18 01:43:27.389999866+00:00,2024-10-18 03:43:27.389999866+02:00
1729215821.79,4455,670400000.0,2024-10-18 01:43:41.789999962+00:00,2024-10-18 03:43:41.789999962+02:00
1729215836.1899998,4455,1005600000.0,2024-10-18 01:43:56.189999819+00:00,2024-10-18 03:43:56.189999819+02:00
1729215850.59,4455,0.0,2024-10-18 01:44:10.589999914+00:00,2024-10-18 03:44:10.589999914+02:00
1729215864.99,4455,1759800000.0,2024-10-18 01:44:24.990000010+00:00,2024-10-18 03:44:24.990000010+02:00
1729215879.3899999,4455,83800000.0,2024-10-18 01:44:39.389999866+00:00,2024-10-18 03:44:39.389999866+02:00
1729215893.79,4455,0.0,2024-10-18 01:44:53.789999962+00:00,2024-10-18 03:44:53.789999962+02:00
1729215908.1899998,4455,335200000.0,2024-10-18 01:45:08.189999819+00:00,2024-10-18 03:45:08.189999819+02:00
1729215922.59,4455,0.0,2024-10-18 01:45:22.589999914+00:00,2024-10-18 03:45:22.589999914+02:00
1729215936.99,4455,1676000000.0,2024-10-18 01:45:36.990000010+00:00,2024-10-18 03:45:36.990000010+02:00
1729215951.3899999,4455,0.0,2024-10-18 01:45:51.389999866+00:00,2024-10-18 03:45:51.389999866+02:00
1729215965.79,4455,4022400000.0,2024-10-18 01:46:05.789999962+00:00,2024-10-18 03:46:05.789999962+02:00
1729215980.1899998,4455,1424600000.0,2024-10-18 01:46:20.189999819+00:00,2024-10-18 03:46:20.189999819+02:00
1729215994.59,4455,0.0,2024-10-18 01:46:34.589999914+00:00,2024-10-18 03:46:34.589999914+02:00
1729216008.99,4455,83800000.0,2024-10-18 01:46:48.990000010+00:00,2024-10-18 03:46:48.990000010+02:00
1729216023.3899999,4455,0.0,2024-10-18 01:47:03.389999866+00:00,2024-10-18 03:47:03.389999866+02:00
1729216037.79,4455,0.0,2024-10-18 01:47:17.789999962+00:00,2024-10-18 03:47:17.789999962+02:00
1729216052.1899998,4455,0.0,2024-10-18 01:47:32.189999819+00:00,2024-10-18 03:47:32.189999819+02:00
1729216066.59,4455,838000000.0,2024-10-18 01:47:46.589999914+00:00,2024-10-18 03:47:46.589999914+02:00
1729216080.99,4455,1424600000.0,2024-10-18 01:48:00.990000010+00:00,2024-10-18 03:48:00.990000010+02:00
1729216095.3899999,4455,1927400000.0,2024-10-18 01:48:15.389999866+00:00,2024-10-18 03:48:15.389999866+02:00
1729216109.79,4455,0.0,2024-10-18 01:48:29.789999962+00:00,2024-10-18 03:48:29.789999962+02:00
1729216124.1899998,4455,251400000.0,2024-10-18 01:48:44.189999819+00:00,2024-10-18 03:48:44.189999819+02:00
1729216138.59,4455,0.0,2024-10-18 01:48:58.589999914+00:00,2024-10-18 03:48:58.589999914+02:00
1729216152.99,4455,0.0,2024-10-18 01:49:12.990000010+00:00,2024-10-18 03:49:12.990000010+02:00
1729216167.3899999,4455,0.0,2024-10-18 01:49:27.389999866+00:00,2024-10-18 03:49:27.389999866+02:00
1729216181.79,4455,0.0,2024-10-18 01:49:41.789999962+00:00,2024-10-18 03:49:41.789999962+02:00
1729216196.1899998,4455,0.0,2024-10-18 01:49:56.189999819+00:00,2024-10-18 03:49:56.189999819+02:00
1729216210.59,4455,921800000.0,2024-10-18 01:50:10.589999914+00:00,2024-10-18 03:50:10.589999914+02:00
1729216224.99,4455,4776600000.0,2024-10-18 01:50:24.990000010+00:00,2024-10-18 03:50:24.990000010+02:00
1729216239.3899999,4455,1592200000.0,2024-10-18 01:50:39.389999866+00:00,2024-10-18 03:50:39.389999866+02:00
1729216253.79,4455,3603400000.0,2024-10-18 01:50:53.789999962+00:00,2024-10-18 03:50:53.789999962+02:00
1729216268.1899998,4455,0.0,2024-10-18 01:51:08.189999819+00:00,2024-10-18 03:51:08.189999819+02:00
1729216282.59,4455,419000000.0,2024-10-18 01:51:22.589999914+00:00,2024-10-18 03:51:22.589999914+02:00
1729216296.99,4455,0.0,2024-10-18 01:51:36.990000010+00:00,2024-10-18 03:51:36.990000010+02:00
1729216311.3899999,4455,0.0,2024-10-18 01:51:51.389999866+00:00,2024-10-18 03:51:51.389999866+02:00
1729216325.79,4455,2430200000.0,2024-10-18 01:52:05.789999962+00:00,2024-10-18 03:52:05.789999962+02:00
1729216340.1899998,4455,0.0,2024-10-18 01:52:20.189999819+00:00,2024-10-18 03:52:20.189999819+02:00
1729216354.59,4455,0.0,2024-10-18 01:52:34.589999914+00:00,2024-10-18 03:52:34.589999914+02:00
1729216368.99,4455,670400000.0,2024-10-18 01:52:48.990000010+00:00,2024-10-18 03:52:48.990000010+02:00
1729216383.3899999,4455,4525200000.0,2024-10-18 01:53:03.389999866+00:00,2024-10-18 03:53:03.389999866+02:00
1729216397.79,4455,2011200000.0,2024-10-18 01:53:17.789999962+00:00,2024-10-18 03:53:17.789999962+02:00
1729216412.1899998,4455,2095000000.0,2024-10-18 01:53:32.189999819+00:00,2024-10-18 03:53:32.189999819+02:00
1729216426.59,4455,1173200000.0,2024-10-18 01:53:46.589999914+00:00,2024-10-18 03:53:46.589999914+02:00
1729216440.99,4455,0.0,2024-10-18 01:54:00.990000010+00:00,2024-10-18 03:54:00.990000010+02:00
1729216455.3899999,4455,0.0,2024-10-18 01:54:15.389999866+00:00,2024-10-18 03:54:15.389999866+02:00
1729216469.79,4455,0.0,2024-10-18 01:54:29.789999962+00:00,2024-10-18 03:54:29.789999962+02:00
1729216484.1899998,4455,335200000.0,2024-10-18 01:54:44.189999819+00:00,2024-10-18 03:54:44.189999819+02:00
1729216498.59,4455,0.0,2024-10-18 01:54:58.589999914+00:00,2024-10-18 03:54:58.589999914+02:00
1729216512.99,4455,4273800000.0,2024-10-18 01:55:12.990000010+00:00,2024-10-18 03:55:12.990000010+02:00
1729216527.3899999,4455,1927400000.0,2024-10-18 01:55:27.389999866+00:00,2024-10-18 03:55:27.389999866+02:00
1729216541.79,4455,0.0,2024-10-18 01:55:41.789999962+00:00,2024-10-18 03:55:41.789999962+02:00
1729216556.1899998,4455,0.0,2024-10-18 01:55:56.189999819+00:00,2024-10-18 03:55:56.189999819+02:00
1729216570.59,4455,0.0,2024-10-18 01:56:10.589999914+00:00,2024-10-18 03:56:10.589999914+02:00
1729216584.99,4455,0.0,2024-10-18 01:56:24.990000010+00:00,2024-10-18 03:56:24.990000010+02:00
1729216599.3899999,4455,921800000.0,2024-10-18 01:56:39.389999866+00:00,2024-10-18 03:56:39.389999866+02:00
1729216613.79,4455,0.0,2024-10-18 01:56:53.789999962+00:00,2024-10-18 03:56:53.789999962+02:00
1729216628.1899998,4455,3687200000.0,2024-10-18 01:57:08.189999819+00:00,2024-10-18 03:57:08.189999819+02:00
1729216642.59,4455,0.0,2024-10-18 01:57:22.589999914+00:00,2024-10-18 03:57:22.589999914+02:00
1729216656.99,4455,502800000.0,2024-10-18 01:57:36.990000010+00:00,2024-10-18 03:57:36.990000010+02:00
1729216671.3899999,4455,754200000.0,2024-10-18 01:57:51.389999866+00:00,2024-10-18 03:57:51.389999866+02:00
1729216685.79,4455,3687200000.0,2024-10-18 01:58:05.789999962+00:00,2024-10-18 03:58:05.789999962+02:00
1729216700.1899998,4455,0.0,2024-10-18 01:58:20.189999819+00:00,2024-10-18 03:58:20.189999819+02:00
1729216714.59,4455,2178800000.0,2024-10-18 01:58:34.589999914+00:00,2024-10-18 03:58:34.589999914+02:00
1729216728.99,4455,502800000.0,2024-10-18 01:58:48.990000010+00:00,2024-10-18 03:58:48.990000010+02:00
1729216743.3899999,4455,1843600000.0,2024-10-18 01:59:03.389999866+00:00,2024-10-18 03:59:03.389999866+02:00
1729216757.79,4455,167600000.0,2024-10-18 01:59:17.789999962+00:00,2024-10-18 03:59:17.789999962+02:00
1729216772.1899998,4455,0.0,2024-10-18 01:59:32.189999819+00:00,2024-10-18 03:59:32.189999819+02:00
1729216786.59,4455,83800000.0,2024-10-18 01:59:46.589999914+00:00,2024-10-18 03:59:46.589999914+02:00
1729216800.99,4455,0.0,2024-10-18 02:00:00.990000010+00:00,2024-10-18 04:00:00.990000010+02:00
1729216815.3899999,4455,1508400000.0,2024-10-18 02:00:15.389999866+00:00,2024-10-18 04:00:15.389999866+02:00
1729216829.79,4455,838000000.0,2024-10-18 02:00:29.789999962+00:00,2024-10-18 04:00:29.789999962+02:00
1729216844.1899998,4455,0.0,2024-10-18 02:00:44.189999819+00:00,2024-10-18 04:00:44.189999819+02:00
1729216858.59,4455,419000000.0,2024-10-18 02:00:58.589999914+00:00,2024-10-18 04:00:58.589999914+02:00
1729216872.99,4455,0.0,2024-10-18 02:01:12.990000010+00:00,2024-10-18 04:01:12.990000010+02:00
1729216887.3899999,4455,2765400000.0,2024-10-18 02:01:27.389999866+00:00,2024-10-18 04:01:27.389999866+02:00
1729216901.79,4455,0.0,2024-10-18 02:01:41.789999962+00:00,2024-10-18 04:01:41.789999962+02:00
1729216916.1899998,4455,0.0,2024-10-18 02:01:56.189999819+00:00,2024-10-18 04:01:56.189999819+02:00
1729216930.59,4455,0.0,2024-10-18 02:02:10.589999914+00:00,2024-10-18 04:02:10.589999914+02:00
1729216944.99,4455,2262600000.0,2024-10-18 02:02:24.990000010+00:00,2024-10-18 04:02:24.990000010+02:00
1729216959.3899999,4455,1592200000.0,2024-10-18 02:02:39.389999866+00:00,2024-10-18 04:02:39.389999866+02:00
1729216973.79,4455,0.0,2024-10-18 02:02:53.789999962+00:00,2024-10-18 04:02:53.789999962+02:00
1729216988.1899998,4455,0.0,2024-10-18 02:03:08.189999819+00:00,2024-10-18 04:03:08.189999819+02:00
1729217002.59,4455,1592200000.0,2024-10-18 02:03:22.589999914+00:00,2024-10-18 04:03:22.589999914+02:00
1729217016.99,4455,0.0,2024-10-18 02:03:36.990000010+00:00,2024-10-18 04:03:36.990000010+02:00
1729217031.3899999,4455,0.0,2024-10-18 02:03:51.389999866+00:00,2024-10-18 04:03:51.389999866+02:00
1729217045.79,4455,0.0,2024-10-18 02:04:05.789999962+00:00,2024-10-18 04:04:05.789999962+02:00
1729217060.1899998,4455,0.0,2024-10-18 02:04:20.189999819+00:00,2024-10-18 04:04:20.189999819+02:00
1729217074.59,4455,0.0,2024-10-18 02:04:34.589999914+00:00,2024-10-18 04:04:34.589999914+02:00
1729217088.99,4455,2095000000.0,2024-10-18 02:04:48.990000010+00:00,2024-10-18 04:04:48.990000010+02:00
1729217103.3899999,4455,0.0,2024-10-18 02:05:03.389999866+00:00,2024-10-18 04:05:03.389999866+02:00
1729217117.79,4455,335200000.0,2024-10-18 02:05:17.789999962+00:00,2024-10-18 04:05:17.789999962+02:00
1729217132.1899998,4455,1089400000.0,2024-10-18 02:05:32.189999819+00:00,2024-10-18 04:05:32.189999819+02:00
1729217146.59,4455,3268200000.0,2024-10-18 02:05:46.589999914+00:00,2024-10-18 04:05:46.589999914+02:00
1729217160.99,4455,0.0,2024-10-18 02:06:00.990000010+00:00,2024-10-18 04:06:00.990000010+02:00
1729217175.3899999,4455,0.0,2024-10-18 02:06:15.389999866+00:00,2024-10-18 04:06:15.389999866+02:00
1729217189.79,4455,2178800000.0,2024-10-18 02:06:29.789999962+00:00,2024-10-18 04:06:29.789999962+02:00
1729217204.1899998,4455,6033600000.0,2024-10-18 02:06:44.189999819+00:00,2024-10-18 04:06:44.189999819+02:00
1729217218.59,4455,1173200000.0,2024-10-18 02:06:58.589999914+00:00,2024-10-18 04:06:58.589999914+02:00
1729217232.99,4455,2514000000.0,2024-10-18 02:07:12.990000010+00:00,2024-10-18 04:07:12.990000010+02:00
1729217247.3899999,4455,1424600000.0,2024-10-18 02:07:27.389999866+00:00,2024-10-18 04:07:27.389999866+02:00
1729217261.79,4455,3854800000.0,2024-10-18 02:07:41.789999962+00:00,2024-10-18 04:07:41.789999962+02:00
1729217276.1899998,4455,0.0,2024-10-18 02:07:56.189999819+00:00,2024-10-18 04:07:56.189999819+02:00
1729217290.59,4455,1424600000.0,2024-10-18 02:08:10.589999914+00:00,2024-10-18 04:08:10.589999914+02:00
1729217304.99,4455,0.0,2024-10-18 02:08:24.990000010+00:00,2024-10-18 04:08:24.990000010+02:00
1729217319.3899999,4455,1508400000.0,2024-10-18 02:08:39.389999866+00:00,2024-10-18 04:08:39.389999866+02:00
1729217333.79,4455,0.0,2024-10-18 02:08:53.789999962+00:00,2024-10-18 04:08:53.789999962+02:00
1729217348.1899998,4455,0.0,2024-10-18 02:09:08.189999819+00:00,2024-10-18 04:09:08.189999819+02:00
1729217362.59,4455,1173200000.0,2024-10-18 02:09:22.589999914+00:00,2024-10-18 04:09:22.589999914+02:00
1729217376.99,4455,502800000.0,2024-10-18 02:09:36.990000010+00:00,2024-10-18 04:09:36.990000010+02:00
1729217391.3899999,4455,0.0,2024-10-18 02:09:51.389999866+00:00,2024-10-18 04:09:51.389999866+02:00
1729217405.79,4455,0.0,2024-10-18 02:10:05.789999962+00:00,2024-10-18 04:10:05.789999962+02:00
1729217420.1899998,4455,3100600000.0,2024-10-18 02:10:20.189999819+00:00,2024-10-18 04:10:20.189999819+02:00
1729217434.59,4455,0.0,2024-10-18 02:10:34.589999914+00:00,2024-10-18 04:10:34.589999914+02:00
1729217448.99,4455,0.0,2024-10-18 02:10:48.990000010+00:00,2024-10-18 04:10:48.990000010+02:00
1729217463.3899999,4455,0.0,2024-10-18 02:11:03.389999866+00:00,2024-10-18 04:11:03.389999866+02:00
1729217477.79,4455,3938600000.0,2024-10-18 02:11:17.789999962+00:00,2024-10-18 04:11:17.789999962+02:00
1729217492.1899998,4455,0.0,2024-10-18 02:11:32.189999819+00:00,2024-10-18 04:11:32.189999819+02:00
1729217506.59,4455,1676000000.0,2024-10-18 02:11:46.589999914+00:00,2024-10-18 04:11:46.589999914+02:00
1729217520.99,4455,0.0,2024-10-18 02:12:00.990000010+00:00,2024-10-18 04:12:00.990000010+02:00
1729217535.3899999,4455,1340800000.0,2024-10-18 02:12:15.389999866+00:00,2024-10-18 04:12:15.389999866+02:00
1729217549.79,4455,2597800000.0,2024-10-18 02:12:29.789999962+00:00,2024-10-18 04:12:29.789999962+02:00
1729217564.1899998,4455,1927400000.0,2024-10-18 02:12:44.189999819+00:00,2024-10-18 04:12:44.189999819+02:00
1729217578.59,4455,83800000.0,2024-10-18 02:12:58.589999914+00:00,2024-10-18 04:12:58.589999914+02:00
1729217592.99,4455,0.0,2024-10-18 02:13:12.990000010+00:00,2024-10-18 04:13:12.990000010+02:00
1729217607.3899999,4455,1759800000.0,2024-10-18 02:13:27.389999866+00:00,2024-10-18 04:13:27.389999866+02:00
1729217621.79,4455,2095000000.0,2024-10-18 02:13:41.789999962+00:00,2024-10-18 04:13:41.789999962+02:00
1729217636.1899998,4455,2178800000.0,2024-10-18 02:13:56.189999819+00:00,2024-10-18 04:13:56.189999819+02:00
1729217650.59,4455,0.0,2024-10-18 02:14:10.589999914+00:00,2024-10-18 04:14:10.589999914+02:00
1729217664.99,4455,167600000.0,2024-10-18 02:14:24.990000010+00:00,2024-10-18 04:14:24.990000010+02:00
1729217679.3899999,4455,3771000000.0,2024-10-18 02:14:39.389999866+00:00,2024-10-18 04:14:39.389999866+02:00
1729217693.79,4455,2011200000.0,2024-10-18 02:14:53.789999962+00:00,2024-10-18 04:14:53.789999962+02:00
1729217708.1899998,4455,0.0,2024-10-18 02:15:08.189999819+00:00,2024-10-18 04:15:08.189999819+02:00
1729217722.59,4455,1340800000.0,2024-10-18 02:15:22.589999914+00:00,2024-10-18 04:15:22.589999914+02:00
1729217736.99,4455,1089400000.0,2024-10-18 02:15:36.990000010+00:00,2024-10-18 04:15:36.990000010+02:00
1729217751.3899999,4455,1089400000.0,2024-10-18 02:15:51.389999866+00:00,2024-10-18 04:15:51.389999866+02:00
1729217765.79,4455,0.0,2024-10-18 02:16:05.789999962+00:00,2024-10-18 04:16:05.789999962+02:00
1729217780.1899998,4455,1508400000.0,2024-10-18 02:16:20.189999819+00:00,2024-10-18 04:16:20.189999819+02:00
1729217794.59,4455,0.0,2024-10-18 02:16:34.589999914+00:00,2024-10-18 04:16:34.589999914+02:00
1729217808.99,4455,5782200000.0,2024-10-18 02:16:48.990000010+00:00,2024-10-18 04:16:48.990000010+02:00
1729217823.3899999,4455,0.0,2024-10-18 02:17:03.389999866+00:00,2024-10-18 04:17:03.389999866+02:00
1729217837.79,4455,2095000000.0,2024-10-18 02:17:17.789999962+00:00,2024-10-18 04:17:17.789999962+02:00
1729217852.1899998,4455,0.0,2024-10-18 02:17:32.189999819+00:00,2024-10-18 04:17:32.189999819+02:00
1729217866.59,4455,0.0,2024-10-18 02:17:46.589999914+00:00,2024-10-18 04:17:46.589999914+02:00
1729217880.99,4455,0.0,2024-10-18 02:18:00.990000010+00:00,2024-10-18 04:18:00.990000010+02:00
1729217895.3899999,4455,4273800000.0,2024-10-18 02:18:15.389999866+00:00,2024-10-18 04:18:15.389999866+02:00
1729217909.79,4455,1843600000.0,2024-10-18 02:18:29.789999962+00:00,2024-10-18 04:18:29.789999962+02:00
1729217924.1899998,4455,4190000000.0,2024-10-18 02:18:44.189999819+00:00,2024-10-18 04:18:44.189999819+02:00
1729217938.59,4455,0.0,2024-10-18 02:18:58.589999914+00:00,2024-10-18 04:18:58.589999914+02:00
1729217952.99,4455,6452600000.0,2024-10-18 02:19:12.990000010+00:00,2024-10-18 04:19:12.990000010+02:00
1729217967.3899999,4455,0.0,2024-10-18 02:19:27.389999866+00:00,2024-10-18 04:19:27.389999866+02:00
1729217981.79,4455,0.0,2024-10-18 02:19:41.789999962+00:00,2024-10-18 04:19:41.789999962+02:00
1729217996.1899998,4455,5195600000.0,2024-10-18 02:19:56.189999819+00:00,2024-10-18 04:19:56.189999819+02:00
1729218010.59,4455,1508400000.0,2024-10-18 02:20:10.589999914+00:00,2024-10-18 04:20:10.589999914+02:00
1729218024.99,4455,0.0,2024-10-18 02:20:24.990000010+00:00,2024-10-18 04:20:24.990000010+02:00
1729218039.3899999,4455,3268200000.0,2024-10-18 02:20:39.389999866+00:00,2024-10-18 04:20:39.389999866+02:00
1729218053.79,4455,0.0,2024-10-18 02:20:53.789999962+00:00,2024-10-18 04:20:53.789999962+02:00
1729218068.1899998,4455,1508400000.0,2024-10-18 02:21:08.189999819+00:00,2024-10-18 04:21:08.189999819+02:00
1729218082.59,4455,4022400000.0,2024-10-18 02:21:22.589999914+00:00,2024-10-18 04:21:22.589999914+02:00
1729218096.99,4455,0.0,2024-10-18 02:21:36.990000010+00:00,2024-10-18 04:21:36.990000010+02:00
1729218111.3899999,4455,0.0,2024-10-18 02:21:51.389999866+00:00,2024-10-18 04:21:51.389999866+02:00
1729218125.79,4455,0.0,2024-10-18 02:22:05.789999962+00:00,2024-10-18 04:22:05.789999962+02:00
1729218140.1899998,4455,0.0,2024-10-18 02:22:20.189999819+00:00,2024-10-18 04:22:20.189999819+02:00
1729218154.59,4455,2597800000.0,2024-10-18 02:22:34.589999914+00:00,2024-10-18 04:22:34.589999914+02:00
1729218168.99,4455,0.0,2024-10-18 02:22:48.990000010+00:00,2024-10-18 04:22:48.990000010+02:00
1729218183.3899999,4455,4441400000.0,2024-10-18 02:23:03.389999866+00:00,2024-10-18 04:23:03.389999866+02:00
1729218197.79,4455,167600000.0,2024-10-18 02:23:17.789999962+00:00,2024-10-18 04:23:17.789999962+02:00
1729218212.1899998,4455,3184400000.0,2024-10-18 02:23:32.189999819+00:00,2024-10-18 04:23:32.189999819+02:00
1729218226.59,4455,5949800000.0,2024-10-18 02:23:46.589999914+00:00,2024-10-18 04:23:46.589999914+02:00
1729218240.99,4455,0.0,2024-10-18 02:24:00.990000010+00:00,2024-10-18 04:24:00.990000010+02:00
1729218255.3899999,4455,1843600000.0,2024-10-18 02:24:15.389999866+00:00,2024-10-18 04:24:15.389999866+02:00
1729218269.79,4455,0.0,2024-10-18 02:24:29.789999962+00:00,2024-10-18 04:24:29.789999962+02:00
1729218284.1899998,4455,0.0,2024-10-18 02:24:44.189999819+00:00,2024-10-18 04:24:44.189999819+02:00
1729218298.59,4455,1005600000.0,2024-10-18 02:24:58.589999914+00:00,2024-10-18 04:24:58.589999914+02:00
1729218312.99,4455,0.0,2024-10-18 02:25:12.990000010+00:00,2024-10-18 04:25:12.990000010+02:00
1729218327.3899999,4455,4776600000.0,2024-10-18 02:25:27.389999866+00:00,2024-10-18 04:25:27.389999866+02:00
1729218341.79,4455,0.0,2024-10-18 02:25:41.789999962+00:00,2024-10-18 04:25:41.789999962+02:00
1729218356.1899998,4455,1759800000.0,2024-10-18 02:25:56.189999819+00:00,2024-10-18 04:25:56.189999819+02:00
1729218370.59,4455,1424600000.0,2024-10-18 02:26:10.589999914+00:00,2024-10-18 04:26:10.589999914+02:00
1729218384.99,4455,0.0,2024-10-18 02:26:24.990000010+00:00,2024-10-18 04:26:24.990000010+02:00
1729218399.3899999,4455,0.0,2024-10-18 02:26:39.389999866+00:00,2024-10-18 04:26:39.389999866+02:00
1729218413.79,4455,2765400000.0,2024-10-18 02:26:53.789999962+00:00,2024-10-18 04:26:53.789999962+02:00
1729218428.1899998,4455,0.0,2024-10-18 02:27:08.189999819+00:00,2024-10-18 04:27:08.189999819+02:00
1729218442.59,4455,502800000.0,2024-10-18 02:27:22.589999914+00:00,2024-10-18 04:27:22.589999914+02:00
1729218456.99,4455,0.0,2024-10-18 02:27:36.990000010+00:00,2024-10-18 04:27:36.990000010+02:00
1729218471.3899999,4455,670400000.0,2024-10-18 02:27:51.389999866+00:00,2024-10-18 04:27:51.389999866+02:00
1729218485.79,4455,1843600000.0,2024-10-18 02:28:05.789999962+00:00,2024-10-18 04:28:05.789999962+02:00
1729218500.1899998,4455,0.0,2024-10-18 02:28:20.189999819+00:00,2024-10-18 04:28:20.189999819+02:00
1729218514.59,4455,0.0,2024-10-18 02:28:34.589999914+00:00,2024-10-18 04:28:34.589999914+02:00
1729218528.99,4455,0.0,2024-10-18 02:28:48.990000010+00:00,2024-10-18 04:28:48.990000010+02:00
1729218543.3899999,4455,6452600000.0,2024-10-18 02:29:03.389999866+00:00,2024-10-18 04:29:03.389999866+02:00
1729218557.79,4455,0.0,2024-10-18 02:29:17.789999962+00:00,2024-10-18 04:29:17.789999962+02:00
1729218572.1899998,4455,921800000.0,2024-10-18 02:29:32.189999819+00:00,2024-10-18 04:29:32.189999819+02:00
1729218586.59,4455,83800000.0,2024-10-18 02:29:46.589999914+00:00,2024-10-18 04:29:46.589999914+02:00
1729218600.99,4455,335200000.0,2024-10-18 02:30:00.990000010+00:00,2024-10-18 04:30:00.990000010+02:00
1729218615.3899999,4455,2346400000.0,2024-10-18 02:30:15.389999866+00:00,2024-10-18 04:30:15.389999866+02:00
1729218629.79,4455,0.0,2024-10-18 02:30:29.789999962+00:00,2024-10-18 04:30:29.789999962+02:00
1729218644.1899998,4455,3519600000.0,2024-10-18 02:30:44.189999819+00:00,2024-10-18 04:30:44.189999819+02:00
1729218658.59,4455,0.0,2024-10-18 02:30:58.589999914+00:00,2024-10-18 04:30:58.589999914+02:00
1729218672.99,4455,0.0,2024-10-18 02:31:12.990000010+00:00,2024-10-18 04:31:12.990000010+02:00
1729218687.3899999,4455,6368800000.0,2024-10-18 02:31:27.389999866+00:00,2024-10-18 04:31:27.389999866+02:00
1729218701.79,4455,4776600000.0,2024-10-18 02:31:41.789999962+00:00,2024-10-18 04:31:41.789999962+02:00
1729218716.1899998,4455,0.0,2024-10-18 02:31:56.189999819+00:00,2024-10-18 04:31:56.189999819+02:00
1729218730.59,4455,0.0,2024-10-18 02:32:10.589999914+00:00,2024-10-18 04:32:10.589999914+02:00
1729218744.99,4455,1005600000.0,2024-10-18 02:32:24.990000010+00:00,2024-10-18 04:32:24.990000010+02:00
1729218759.3899999,4455,0.0,2024-10-18 02:32:39.389999866+00:00,2024-10-18 04:32:39.389999866+02:00
1729218773.79,4455,3519600000.0,2024-10-18 02:32:53.789999962+00:00,2024-10-18 04:32:53.789999962+02:00
1729218788.1899998,4455,1927400000.0,2024-10-18 02:33:08.189999819+00:00,2024-10-18 04:33:08.189999819+02:00
1729218802.59,4455,0.0,2024-10-18 02:33:22.589999914+00:00,2024-10-18 04:33:22.589999914+02:00
1729218816.99,4455,0.0,2024-10-18 02:33:36.990000010+00:00,2024-10-18 04:33:36.990000010+02:00
1729218831.3899999,4455,0.0,2024-10-18 02:33:51.389999866+00:00,2024-10-18 04:33:51.389999866+02:00
1729218845.79,4455,586600000.0,2024-10-18 02:34:05.789999962+00:00,2024-10-18 04:34:05.789999962+02:00
1729218860.1899998,4455,0.0,2024-10-18 02:34:20.189999819+00:00,2024-10-18 04:34:20.189999819+02:00
1729218874.59,4455,1759800000.0,2024-10-18 02:34:34.589999914+00:00,2024-10-18 04:34:34.589999914+02:00
1729218888.99,4455,0.0,2024-10-18 02:34:48.990000010+00:00,2024-10-18 04:34:48.990000010+02:00
1729218903.3899999,4455,0.0,2024-10-18 02:35:03.389999866+00:00,2024-10-18 04:35:03.389999866+02:00
1729218917.79,4455,2514000000.0,2024-10-18 02:35:17.789999962+00:00,2024-10-18 04:35:17.789999962+02:00
1729218932.1899998,4455,0.0,2024-10-18 02:35:32.189999819+00:00,2024-10-18 04:35:32.189999819+02:00
1729218946.59,4455,2765400000.0,2024-10-18 02:35:46.589999914+00:00,2024-10-18 04:35:46.589999914+02:00
1729218960.99,4455,0.0,2024-10-18 02:36:00.990000010+00:00,2024-10-18 04:36:00.990000010+02:00
1729218975.3899999,4455,0.0,2024-10-18 02:36:15.389999866+00:00,2024-10-18 04:36:15.389999866+02:00
1729218989.79,4455,0.0,2024-10-18 02:36:29.789999962+00:00,2024-10-18 04:36:29.789999962+02:00
1729219004.1899998,4455,0.0,2024-10-18 02:36:44.189999819+00:00,2024-10-18 04:36:44.189999819+02:00
1729219018.59,4455,251400000.0,2024-10-18 02:36:58.589999914+00:00,2024-10-18 04:36:58.589999914+02:00
1729219032.99,4455,0.0,2024-10-18 02:37:12.990000010+00:00,2024-10-18 04:37:12.990000010+02:00
1729219047.3899999,4455,0.0,2024-10-18 02:37:27.389999866+00:00,2024-10-18 04:37:27.389999866+02:00
1729219061.79,4455,502800000.0,2024-10-18 02:37:41.789999962+00:00,2024-10-18 04:37:41.789999962+02:00
1729219076.1899998,4455,0.0,2024-10-18 02:37:56.189999819+00:00,2024-10-18 04:37:56.189999819+02:00
1729219090.59,4455,4357600000.0,2024-10-18 02:38:10.589999914+00:00,2024-10-18 04:38:10.589999914+02:00
1729219104.99,4455,1759800000.0,2024-10-18 02:38:24.990000010+00:00,2024-10-18 04:38:24.990000010+02:00
1729219119.3899999,4455,0.0,2024-10-18 02:38:39.389999866+00:00,2024-10-18 04:38:39.389999866+02:00
1729219133.79,4455,0.0,2024-10-18 02:38:53.789999962+00:00,2024-10-18 04:38:53.789999962+02:00
1729219148.1899998,4455,838000000.0,2024-10-18 02:39:08.189999819+00:00,2024-10-18 04:39:08.189999819+02:00
1729219162.59,4455,0.0,2024-10-18 02:39:22.589999914+00:00,2024-10-18 04:39:22.589999914+02:00
1729219176.99,4455,0.0,2024-10-18 02:39:36.990000010+00:00,2024-10-18 04:39:36.990000010+02:00
1729219191.3899999,4455,0.0,2024-10-18 02:39:51.389999866+00:00,2024-10-18 04:39:51.389999866+02:00
1729219205.79,4455,83800000.0,2024-10-18 02:40:05.789999962+00:00,2024-10-18 04:40:05.789999962+02:00
1729219220.1899998,4455,1676000000.0,2024-10-18 02:40:20.189999819+00:00,2024-10-18 04:40:20.189999819+02:00
1729219234.59,4455,0.0,2024-10-18 02:40:34.589999914+00:00,2024-10-18 04:40:34.589999914+02:00
1729219248.99,4455,1676000000.0,2024-10-18 02:40:48.990000010+00:00,2024-10-18 04:40:48.990000010+02:00
1729219263.3899999,4455,1005600000.0,2024-10-18 02:41:03.389999866+00:00,2024-10-18 04:41:03.389999866+02:00
1729219277.79,4455,2430200000.0,2024-10-18 02:41:17.789999962+00:00,2024-10-18 04:41:17.789999962+02:00
1729219292.1899998,4455,0.0,2024-10-18 02:41:32.189999819+00:00,2024-10-18 04:41:32.189999819+02:00
1729219306.59,4455,1005600000.0,2024-10-18 02:41:46.589999914+00:00,2024-10-18 04:41:46.589999914+02:00
1729219320.99,4455,0.0,2024-10-18 02:42:00.990000010+00:00,2024-10-18 04:42:00.990000010+02:00
1729219335.3899999,4455,0.0,2024-10-18 02:42:15.389999866+00:00,2024-10-18 04:42:15.389999866+02:00
1729219349.79,4455,0.0,2024-10-18 02:42:29.789999962+00:00,2024-10-18 04:42:29.789999962+02:00
1729219364.1899998,4455,1340800000.0,2024-10-18 02:42:44.189999819+00:00,2024-10-18 04:42:44.189999819+02:00
1729219378.59,4455,0.0,2024-10-18 02:42:58.589999914+00:00,2024-10-18 04:42:58.589999914+02:00
1729219392.99,4455,2430200000.0,2024-10-18 02:43:12.990000010+00:00,2024-10-18 04:43:12.990000010+02:00
1729219407.3899999,4455,0.0,2024-10-18 02:43:27.389999866+00:00,2024-10-18 04:43:27.389999866+02:00
1729219421.79,4455,1005600000.0,2024-10-18 02:43:41.789999962+00:00,2024-10-18 04:43:41.789999962+02:00
1729219436.1899998,4455,2346400000.0,2024-10-18 02:43:56.189999819+00:00,2024-10-18 04:43:56.189999819+02:00
1729219450.59,4455,0.0,2024-10-18 02:44:10.589999914+00:00,2024-10-18 04:44:10.589999914+02:00
1729219464.99,4455,2933000000.0,2024-10-18 02:44:24.990000010+00:00,2024-10-18 04:44:24.990000010+02:00
1729219479.3899999,4455,0.0,2024-10-18 02:44:39.389999866+00:00,2024-10-18 04:44:39.389999866+02:00
1729219493.79,4455,2346400000.0,2024-10-18 02:44:53.789999962+00:00,2024-10-18 04:44:53.789999962+02:00
1729219508.1899998,4455,0.0,2024-10-18 02:45:08.189999819+00:00,2024-10-18 04:45:08.189999819+02:00
1729219522.59,4455,0.0,2024-10-18 02:45:22.589999914+00:00,2024-10-18 04:45:22.589999914+02:00
1729219536.99,4455,1173200000.0,2024-10-18 02:45:36.990000010+00:00,2024-10-18 04:45:36.990000010+02:00
1729219551.3899999,4455,5614600000.0,2024-10-18 02:45:51.389999866+00:00,2024-10-18 04:45:51.389999866+02:00
1729219565.79,4455,0.0,2024-10-18 02:46:05.789999962+00:00,2024-10-18 04:46:05.789999962+02:00
1729219580.1899998,4455,0.0,2024-10-18 02:46:20.189999819+00:00,2024-10-18 04:46:20.189999819+02:00
1729219594.59,4455,3016800000.0,2024-10-18 02:46:34.589999914+00:00,2024-10-18 04:46:34.589999914+02:00
1729219608.99,4455,0.0,2024-10-18 02:46:48.990000010+00:00,2024-10-18 04:46:48.990000010+02:00
1729219623.3899999,4455,0.0,2024-10-18 02:47:03.389999866+00:00,2024-10-18 04:47:03.389999866+02:00
1729219637.79,4455,0.0,2024-10-18 02:47:17.789999962+00:00,2024-10-18 04:47:17.789999962+02:00
1729219652.1899998,4455,0.0,2024-10-18 02:47:32.189999819+00:00,2024-10-18 04:47:32.189999819+02:00
1729219666.59,4455,0.0,2024-10-18 02:47:46.589999914+00:00,2024-10-18 04:47:46.589999914+02:00
1729219680.99,4455,1173200000.0,2024-10-18 02:48:00.990000010+00:00,2024-10-18 04:48:00.990000010+02:00
1729219695.3899999,4455,2262600000.0,2024-10-18 02:48:15.389999866+00:00,2024-10-18 04:48:15.389999866+02:00
1729219709.79,4455,0.0,2024-10-18 02:48:29.789999962+00:00,2024-10-18 04:48:29.789999962+02:00
1729219724.1899998,4455,1759800000.0,2024-10-18 02:48:44.189999819+00:00,2024-10-18 04:48:44.189999819+02:00
1729219738.59,4455,0.0,2024-10-18 02:48:58.589999914+00:00,2024-10-18 04:48:58.589999914+02:00
1729219752.99,4455,4692800000.0,2024-10-18 02:49:12.990000010+00:00,2024-10-18 04:49:12.990000010+02:00
1729219767.3899999,4455,1592200000.0,2024-10-18 02:49:27.389999866+00:00,2024-10-18 04:49:27.389999866+02:00
1729219781.79,4455,2933000000.0,2024-10-18 02:49:41.789999962+00:00,2024-10-18 04:49:41.789999962+02:00
1729219796.1899998,4455,419000000.0,2024-10-18 02:49:56.189999819+00:00,2024-10-18 04:49:56.189999819+02:00
1729219810.59,4455,0.0,2024-10-18 02:50:10.589999914+00:00,2024-10-18 04:50:10.589999914+02:00
1729219824.99,4455,6620200000.0,2024-10-18 02:50:24.990000010+00:00,2024-10-18 04:50:24.990000010+02:00
1729219839.3899999,4455,670400000.0,2024-10-18 02:50:39.389999866+00:00,2024-10-18 04:50:39.389999866+02:00
1729219853.79,4455,0.0,2024-10-18 02:50:53.789999962+00:00,2024-10-18 04:50:53.789999962+02:00
1729219868.1899998,4455,1424600000.0,2024-10-18 02:51:08.189999819+00:00,2024-10-18 04:51:08.189999819+02:00
1729219882.59,4455,0.0,2024-10-18 02:51:22.589999914+00:00,2024-10-18 04:51:22.589999914+02:00
1729219896.99,4455,0.0,2024-10-18 02:51:36.990000010+00:00,2024-10-18 04:51:36.990000010+02:00
1729219911.3899999,4455,502800000.0,2024-10-18 02:51:51.389999866+00:00,2024-10-18 04:51:51.389999866+02:00
1729219925.79,4455,0.0,2024-10-18 02:52:05.789999962+00:00,2024-10-18 04:52:05.789999962+02:00
1729219940.1899998,4455,1927400000.0,2024-10-18 02:52:20.189999819+00:00,2024-10-18 04:52:20.189999819+02:00
1729219954.59,4455,1508400000.0,2024-10-18 02:52:34.589999914+00:00,2024-10-18 04:52:34.589999914+02:00
1729219968.99,4455,0.0,2024-10-18 02:52:48.990000010+00:00,2024-10-18 04:52:48.990000010+02:00
1729219983.3899999,4455,1257000000.0,2024-10-18 02:53:03.389999866+00:00,2024-10-18 04:53:03.389999866+02:00
1729219997.79,4455,0.0,2024-10-18 02:53:17.789999962+00:00,2024-10-18 04:53:17.789999962+02:00
1729220012.1899998,4455,1843600000.0,2024-10-18 02:53:32.189999819+00:00,2024-10-18 04:53:32.189999819+02:00
1729220026.59,4455,0.0,2024-10-18 02:53:46.589999914+00:00,2024-10-18 04:53:46.589999914+02:00
1729220040.99,4455,0.0,2024-10-18 02:54:00.990000010+00:00,2024-10-18 04:54:00.990000010+02:00
1729220055.3899999,4455,0.0,2024-10-18 02:54:15.389999866+00:00,2024-10-18 04:54:15.389999866+02:00
1729220069.79,4455,4776600000.0,2024-10-18 02:54:29.789999962+00:00,2024-10-18 04:54:29.789999962+02:00
1729220084.1899998,4455,1759800000.0,2024-10-18 02:54:44.189999819+00:00,2024-10-18 04:54:44.189999819+02:00
1729220098.59,4455,0.0,2024-10-18 02:54:58.589999914+00:00,2024-10-18 04:54:58.589999914+02:00
1729220112.99,4455,0.0,2024-10-18 02:55:12.990000010+00:00,2024-10-18 04:55:12.990000010+02:00
1729220127.3899999,4455,0.0,2024-10-18 02:55:27.389999866+00:00,2024-10-18 04:55:27.389999866+02:00
1729220141.79,4455,0.0,2024-10-18 02:55:41.789999962+00:00,2024-10-18 04:55:41.789999962+02:00
1729220156.1899998,4455,1257000000.0,2024-10-18 02:55:56.189999819+00:00,2024-10-18 04:55:56.189999819+02:00
1729220170.59,4455,1424600000.0,2024-10-18 02:56:10.589999914+00:00,2024-10-18 04:56:10.589999914+02:00
1729220184.99,4455,502800000.0,2024-10-18 02:56:24.990000010+00:00,2024-10-18 04:56:24.990000010+02:00
1729220199.3899999,4455,1340800000.0,2024-10-18 02:56:39.389999866+00:00,2024-10-18 04:56:39.389999866+02:00
1729220213.79,4455,0.0,2024-10-18 02:56:53.789999962+00:00,2024-10-18 04:56:53.789999962+02:00
1729220228.1899998,4455,1005600000.0,2024-10-18 02:57:08.189999819+00:00,2024-10-18 04:57:08.189999819+02:00
1729220242.59,4455,0.0,2024-10-18 02:57:22.589999914+00:00,2024-10-18 04:57:22.589999914+02:00
1729220256.99,4455,0.0,2024-10-18 02:57:36.990000010+00:00,2024-10-18 04:57:36.990000010+02:00
1729220271.3899999,4455,0.0,2024-10-18 02:57:51.389999866+00:00,2024-10-18 04:57:51.389999866+02:00
1729220285.79,4455,0.0,2024-10-18 02:58:05.789999962+00:00,2024-10-18 04:58:05.789999962+02:00
1729220300.1899998,4455,2346400000.0,2024-10-18 02:58:20.189999819+00:00,2024-10-18 04:58:20.189999819+02:00
1729220314.59,4455,2178800000.0,2024-10-18 02:58:34.589999914+00:00,2024-10-18 04:58:34.589999914+02:00
1729220328.99,4455,0.0,2024-10-18 02:58:48.990000010+00:00,2024-10-18 04:58:48.990000010+02:00
1729220343.3899999,4455,419000000.0,2024-10-18 02:59:03.389999866+00:00,2024-10-18 04:59:03.389999866+02:00
1729220357.79,4455,1340800000.0,2024-10-18 02:59:17.789999962+00:00,2024-10-18 04:59:17.789999962+02:00
1729220372.1899998,4455,2933000000.0,2024-10-18 02:59:32.189999819+00:00,2024-10-18 04:59:32.189999819+02:00
1729220386.59,4455,4106200000.0,2024-10-18 02:59:46.589999914+00:00,2024-10-18 04:59:46.589999914+02:00
1729220400.99,4455,2514000000.0,2024-10-18 03:00:00.990000010+00:00,2024-10-18 05:00:00.990000010+02:00
1729220415.3899999,4455,1592200000.0,2024-10-18 03:00:15.389999866+00:00,2024-10-18 05:00:15.389999866+02:00
1729220429.79,4455,0.0,2024-10-18 03:00:29.789999962+00:00,2024-10-18 05:00:29.789999962+02:00
1729220444.1899998,4455,3519600000.0,2024-10-18 03:00:44.189999819+00:00,2024-10-18 05:00:44.189999819+02:00
1729220458.59,4455,0.0,2024-10-18 03:00:58.589999914+00:00,2024-10-18 05:00:58.589999914+02:00
1729220472.99,4455,1340800000.0,2024-10-18 03:01:12.990000010+00:00,2024-10-18 05:01:12.990000010+02:00
1729220487.3899999,4455,2514000000.0,2024-10-18 03:01:27.389999866+00:00,2024-10-18 05:01:27.389999866+02:00
1729220501.79,4455,0.0,2024-10-18 03:01:41.789999962+00:00,2024-10-18 05:01:41.789999962+02:00
1729220516.1899998,4455,0.0,2024-10-18 03:01:56.189999819+00:00,2024-10-18 05:01:56.189999819+02:00
1729220530.59,4455,0.0,2024-10-18 03:02:10.589999914+00:00,2024-10-18 05:02:10.589999914+02:00
1729220544.99,4455,1508400000.0,2024-10-18 03:02:24.990000010+00:00,2024-10-18 05:02:24.990000010+02:00
1729220559.3899999,4455,1592200000.0,2024-10-18 03:02:39.389999866+00:00,2024-10-18 05:02:39.389999866+02:00
1729220573.79,4455,3938600000.0,2024-10-18 03:02:53.789999962+00:00,2024-10-18 05:02:53.789999962+02:00
1729220588.1899998,4455,0.0,2024-10-18 03:03:08.189999819+00:00,2024-10-18 05:03:08.189999819+02:00
1729220602.59,4455,1340800000.0,2024-10-18 03:03:22.589999914+00:00,2024-10-18 05:03:22.589999914+02:00
1729220616.99,4455,0.0,2024-10-18 03:03:36.990000010+00:00,2024-10-18 05:03:36.990000010+02:00
1729220631.3899999,4455,251400000.0,2024-10-18 03:03:51.389999866+00:00,2024-10-18 05:03:51.389999866+02:00
1729220645.79,4455,1592200000.0,2024-10-18 03:04:05.789999962+00:00,2024-10-18 05:04:05.789999962+02:00
1729220660.1899998,4455,2346400000.0,2024-10-18 03:04:20.189999819+00:00,2024-10-18 05:04:20.189999819+02:00
1729220674.59,4455,1759800000.0,2024-10-18 03:04:34.589999914+00:00,2024-10-18 05:04:34.589999914+02:00
1729220688.99,4455,3352000000.0,2024-10-18 03:04:48.990000010+00:00,2024-10-18 05:04:48.990000010+02:00
1729220703.3899999,4455,5866000000.0,2024-10-18 03:05:03.389999866+00:00,2024-10-18 05:05:03.389999866+02:00
1729220717.79,4455,0.0,2024-10-18 03:05:17.789999962+00:00,2024-10-18 05:05:17.789999962+02:00
1729220732.1899998,4455,1173200000.0,2024-10-18 03:05:32.189999819+00:00,2024-10-18 05:05:32.189999819+02:00
1729220746.59,4455,0.0,2024-10-18 03:05:46.589999914+00:00,2024-10-18 05:05:46.589999914+02:00
1729220760.99,4455,0.0,2024-10-18 03:06:00.990000010+00:00,2024-10-18 05:06:00.990000010+02:00
1729220775.3899999,4455,0.0,2024-10-18 03:06:15.389999866+00:00,2024-10-18 05:06:15.389999866+02:00
1729220789.79,4455,7123000000.0,2024-10-18 03:06:29.789999962+00:00,2024-10-18 05:06:29.789999962+02:00
1729220804.1899998,4455,0.0,2024-10-18 03:06:44.189999819+00:00,2024-10-18 05:06:44.189999819+02:00
1729220818.59,4455,0.0,2024-10-18 03:06:58.589999914+00:00,2024-10-18 05:06:58.589999914+02:00
1729220832.99,4455,0.0,2024-10-18 03:07:12.990000010+00:00,2024-10-18 05:07:12.990000010+02:00
1729220847.3899999,4455,2765400000.0,2024-10-18 03:07:27.389999866+00:00,2024-10-18 05:07:27.389999866+02:00
1729220861.79,4455,0.0,2024-10-18 03:07:41.789999962+00:00,2024-10-18 05:07:41.789999962+02:00
1729220876.1899998,4455,0.0,2024-10-18 03:07:56.189999819+00:00,2024-10-18 05:07:56.189999819+02:00
1729220890.59,4455,0.0,2024-10-18 03:08:10.589999914+00:00,2024-10-18 05:08:10.589999914+02:00
1729220904.99,4455,0.0,2024-10-18 03:08:24.990000010+00:00,2024-10-18 05:08:24.990000010+02:00
1729220919.3899999,4455,0.0,2024-10-18 03:08:39.389999866+00:00,2024-10-18 05:08:39.389999866+02:00
1729220933.79,4455,0.0,2024-10-18 03:08:53.789999962+00:00,2024-10-18 05:08:53.789999962+02:00
1729220948.1899998,4455,0.0,2024-10-18 03:09:08.189999819+00:00,2024-10-18 05:09:08.189999819+02:00
1729220962.59,4455,2346400000.0,2024-10-18 03:09:22.589999914+00:00,2024-10-18 05:09:22.589999914+02:00
1729220976.99,4455,0.0,2024-10-18 03:09:36.990000010+00:00,2024-10-18 05:09:36.990000010+02:00
1729220991.3899999,4455,1592200000.0,2024-10-18 03:09:51.389999866+00:00,2024-10-18 05:09:51.389999866+02:00
1729221005.79,4455,0.0,2024-10-18 03:10:05.789999962+00:00,2024-10-18 05:10:05.789999962+02:00
1729221020.1899998,4455,0.0,2024-10-18 03:10:20.189999819+00:00,2024-10-18 05:10:20.189999819+02:00
1729221034.59,4455,3687200000.0,2024-10-18 03:10:34.589999914+00:00,2024-10-18 05:10:34.589999914+02:00
1729221048.99,4455,0.0,2024-10-18 03:10:48.990000010+00:00,2024-10-18 05:10:48.990000010+02:00
1729221063.3899999,4455,3687200000.0,2024-10-18 03:11:03.389999866+00:00,2024-10-18 05:11:03.389999866+02:00
1729221077.79,4455,1173200000.0,2024-10-18 03:11:17.789999962+00:00,2024-10-18 05:11:17.789999962+02:00
1729221092.1899998,4455,4944200000.0,2024-10-18 03:11:32.189999819+00:00,2024-10-18 05:11:32.189999819+02:00
1729221106.59,4455,0.0,2024-10-18 03:11:46.589999914+00:00,2024-10-18 05:11:46.589999914+02:00
1729221120.99,4455,0.0,2024-10-18 03:12:00.990000010+00:00,2024-10-18 05:12:00.990000010+02:00
1729221135.3899999,4455,0.0,2024-10-18 03:12:15.389999866+00:00,2024-10-18 05:12:15.389999866+02:00
1729221149.79,4455,0.0,2024-10-18 03:12:29.789999962+00:00,2024-10-18 05:12:29.789999962+02:00
1729221164.1899998,4455,0.0,2024-10-18 03:12:44.189999819+00:00,2024-10-18 05:12:44.189999819+02:00
1729221178.59,4455,0.0,2024-10-18 03:12:58.589999914+00:00,2024-10-18 05:12:58.589999914+02:00
1729221192.99,4455,1592200000.0,2024-10-18 03:13:12.990000010+00:00,2024-10-18 05:13:12.990000010+02:00
1729221207.3899999,4455,0.0,2024-10-18 03:13:27.389999866+00:00,2024-10-18 05:13:27.389999866+02:00
1729221221.79,4455,0.0,2024-10-18 03:13:41.789999962+00:00,2024-10-18 05:13:41.789999962+02:00
1729221236.1899998,4455,3854800000.0,2024-10-18 03:13:56.189999819+00:00,2024-10-18 05:13:56.189999819+02:00
1729221250.59,4455,0.0,2024-10-18 03:14:10.589999914+00:00,2024-10-18 05:14:10.589999914+02:00
1729221264.99,4455,0.0,2024-10-18 03:14:24.990000010+00:00,2024-10-18 05:14:24.990000010+02:00
1729221279.3899999,4455,2262600000.0,2024-10-18 03:14:39.389999866+00:00,2024-10-18 05:14:39.389999866+02:00
1729221293.79,4455,0.0,2024-10-18 03:14:53.789999962+00:00,2024-10-18 05:14:53.789999962+02:00
1729221308.1899998,4455,0.0,2024-10-18 03:15:08.189999819+00:00,2024-10-18 05:15:08.189999819+02:00
1729221322.59,4455,1508400000.0,2024-10-18 03:15:22.589999914+00:00,2024-10-18 05:15:22.589999914+02:00
1729221336.99,4455,4357600000.0,2024-10-18 03:15:36.990000010+00:00,2024-10-18 05:15:36.990000010+02:00
1729221351.3899999,4455,0.0,2024-10-18 03:15:51.389999866+00:00,2024-10-18 05:15:51.389999866+02:00
1729221365.79,4455,1089400000.0,2024-10-18 03:16:05.789999962+00:00,2024-10-18 05:16:05.789999962+02:00
1729221380.1899998,4455,83800000.0,2024-10-18 03:16:20.189999819+00:00,2024-10-18 05:16:20.189999819+02:00
1729221394.59,4455,1005600000.0,2024-10-18 03:16:34.589999914+00:00,2024-10-18 05:16:34.589999914+02:00
1729221408.99,4455,0.0,2024-10-18 03:16:48.990000010+00:00,2024-10-18 05:16:48.990000010+02:00
1729221423.3899999,4455,0.0,2024-10-18 03:17:03.389999866+00:00,2024-10-18 05:17:03.389999866+02:00
1729221437.79,4455,0.0,2024-10-18 03:17:17.789999962+00:00,2024-10-18 05:17:17.789999962+02:00
1729221452.1899998,4455,838000000.0,2024-10-18 03:17:32.189999819+00:00,2024-10-18 05:17:32.189999819+02:00
1729221466.59,4455,83800000.0,2024-10-18 03:17:46.589999914+00:00,2024-10-18 05:17:46.589999914+02:00
1729221480.99,4455,3016800000.0,2024-10-18 03:18:00.990000010+00:00,2024-10-18 05:18:00.990000010+02:00
1729221495.3899999,4455,0.0,2024-10-18 03:18:15.389999866+00:00,2024-10-18 05:18:15.389999866+02:00
1729221509.79,4455,3435800000.0,2024-10-18 03:18:29.789999962+00:00,2024-10-18 05:18:29.789999962+02:00
1729221524.1899998,4455,1173200000.0,2024-10-18 03:18:44.189999819+00:00,2024-10-18 05:18:44.189999819+02:00
1729221538.59,4455,0.0,2024-10-18 03:18:58.589999914+00:00,2024-10-18 05:18:58.589999914+02:00
1729221552.99,4455,0.0,2024-10-18 03:19:12.990000010+00:00,2024-10-18 05:19:12.990000010+02:00
1729221567.3899999,4455,0.0,2024-10-18 03:19:27.389999866+00:00,2024-10-18 05:19:27.389999866+02:00
1729221581.79,4455,0.0,2024-10-18 03:19:41.789999962+00:00,2024-10-18 05:19:41.789999962+02:00
1729221596.1899998,4455,2849200000.0,2024-10-18 03:19:56.189999819+00:00,2024-10-18 05:19:56.189999819+02:00
1729221610.59,4455,3268200000.0,2024-10-18 03:20:10.589999914+00:00,2024-10-18 05:20:10.589999914+02:00
1729221624.99,4455,0.0,2024-10-18 03:20:24.990000010+00:00,2024-10-18 05:20:24.990000010+02:00
1729221639.3899999,4455,0.0,2024-10-18 03:20:39.389999866+00:00,2024-10-18 05:20:39.389999866+02:00
1729221653.79,4455,586600000.0,2024-10-18 03:20:53.789999962+00:00,2024-10-18 05:20:53.789999962+02:00
1729221668.1899998,4455,0.0,2024-10-18 03:21:08.189999819+00:00,2024-10-18 05:21:08.189999819+02:00
1729221682.59,4455,167600000.0,2024-10-18 03:21:22.589999914+00:00,2024-10-18 05:21:22.589999914+02:00
1729221696.99,4455,0.0,2024-10-18 03:21:36.990000010+00:00,2024-10-18 05:21:36.990000010+02:00
1729221711.3899999,4455,3016800000.0,2024-10-18 03:21:51.389999866+00:00,2024-10-18 05:21:51.389999866+02:00
1729221725.79,4455,1676000000.0,2024-10-18 03:22:05.789999962+00:00,2024-10-18 05:22:05.789999962+02:00
1729221740.1899998,4455,3352000000.0,2024-10-18 03:22:20.189999819+00:00,2024-10-18 05:22:20.189999819+02:00
1729221754.59,4455,3016800000.0,2024-10-18 03:22:34.589999914+00:00,2024-10-18 05:22:34.589999914+02:00
1729221768.99,4455,0.0,2024-10-18 03:22:48.990000010+00:00,2024-10-18 05:22:48.990000010+02:00
1729221783.3899999,4455,3352000000.0,2024-10-18 03:23:03.389999866+00:00,2024-10-18 05:23:03.389999866+02:00
1729221797.79,4455,0.0,2024-10-18 03:23:17.789999962+00:00,2024-10-18 05:23:17.789999962+02:00
1729221812.1899998,4455,167600000.0,2024-10-18 03:23:32.189999819+00:00,2024-10-18 05:23:32.189999819+02:00
1729221826.59,4455,1508400000.0,2024-10-18 03:23:46.589999914+00:00,2024-10-18 05:23:46.589999914+02:00
1729221840.99,4455,1005600000.0,2024-10-18 03:24:00.990000010+00:00,2024-10-18 05:24:00.990000010+02:00
1729221855.3899999,4455,1173200000.0,2024-10-18 03:24:15.389999866+00:00,2024-10-18 05:24:15.389999866+02:00
1729221869.79,4455,1759800000.0,2024-10-18 03:24:29.789999962+00:00,2024-10-18 05:24:29.789999962+02:00
1729221884.1899998,4455,0.0,2024-10-18 03:24:44.189999819+00:00,2024-10-18 05:24:44.189999819+02:00
1729221898.59,4455,3100600000.0,2024-10-18 03:24:58.589999914+00:00,2024-10-18 05:24:58.589999914+02:00
1729221912.99,4455,0.0,2024-10-18 03:25:12.990000010+00:00,2024-10-18 05:25:12.990000010+02:00
1729221927.3899999,4455,3352000000.0,2024-10-18 03:25:27.389999866+00:00,2024-10-18 05:25:27.389999866+02:00
1729221941.79,4455,0.0,2024-10-18 03:25:41.789999962+00:00,2024-10-18 05:25:41.789999962+02:00
1729221956.1899998,4455,3100600000.0,2024-10-18 03:25:56.189999819+00:00,2024-10-18 05:25:56.189999819+02:00
1729221970.59,4455,0.0,2024-10-18 03:26:10.589999914+00:00,2024-10-18 05:26:10.589999914+02:00
1729221984.99,4455,1089400000.0,2024-10-18 03:26:24.990000010+00:00,2024-10-18 05:26:24.990000010+02:00
1729221999.3899999,4455,921800000.0,2024-10-18 03:26:39.389999866+00:00,2024-10-18 05:26:39.389999866+02:00
1729222013.79,4455,670400000.0,2024-10-18 03:26:53.789999962+00:00,2024-10-18 05:26:53.789999962+02:00
1729222028.1899998,4455,0.0,2024-10-18 03:27:08.189999819+00:00,2024-10-18 05:27:08.189999819+02:00
1729222042.59,4455,1843600000.0,2024-10-18 03:27:22.589999914+00:00,2024-10-18 05:27:22.589999914+02:00
1729222056.99,4455,2933000000.0,2024-10-18 03:27:36.990000010+00:00,2024-10-18 05:27:36.990000010+02:00
1729222071.3899999,4455,0.0,2024-10-18 03:27:51.389999866+00:00,2024-10-18 05:27:51.389999866+02:00
1729222085.79,4455,0.0,2024-10-18 03:28:05.789999962+00:00,2024-10-18 05:28:05.789999962+02:00
1729222100.1899998,4455,0.0,2024-10-18 03:28:20.189999819+00:00,2024-10-18 05:28:20.189999819+02:00
1729222114.59,4455,921800000.0,2024-10-18 03:28:34.589999914+00:00,2024-10-18 05:28:34.589999914+02:00
1729222128.99,4455,0.0,2024-10-18 03:28:48.990000010+00:00,2024-10-18 05:28:48.990000010+02:00
1729222143.3899999,4455,0.0,2024-10-18 03:29:03.389999866+00:00,2024-10-18 05:29:03.389999866+02:00
1729222157.79,4455,0.0,2024-10-18 03:29:17.789999962+00:00,2024-10-18 05:29:17.789999962+02:00
1729222172.1899998,4455,0.0,2024-10-18 03:29:32.189999819+00:00,2024-10-18 05:29:32.189999819+02:00
1729222186.59,4455,0.0,2024-10-18 03:29:46.589999914+00:00,2024-10-18 05:29:46.589999914+02:00
1729222200.99,4455,1005600000.0,2024-10-18 03:30:00.990000010+00:00,2024-10-18 05:30:00.990000010+02:00
1729222215.3899999,4455,0.0,2024-10-18 03:30:15.389999866+00:00,2024-10-18 05:30:15.389999866+02:00
1729222229.79,4455,0.0,2024-10-18 03:30:29.789999962+00:00,2024-10-18 05:30:29.789999962+02:00
1729222244.1899998,4455,251400000.0,2024-10-18 03:30:44.189999819+00:00,2024-10-18 05:30:44.189999819+02:00
1729222258.59,4455,0.0,2024-10-18 03:30:58.589999914+00:00,2024-10-18 05:30:58.589999914+02:00
1729222272.99,4455,1592200000.0,2024-10-18 03:31:12.990000010+00:00,2024-10-18 05:31:12.990000010+02:00
1729222287.3899999,4455,0.0,2024-10-18 03:31:27.389999866+00:00,2024-10-18 05:31:27.389999866+02:00
1729222301.79,4455,2178800000.0,2024-10-18 03:31:41.789999962+00:00,2024-10-18 05:31:41.789999962+02:00
1729222316.1899998,4455,0.0,2024-10-18 03:31:56.189999819+00:00,2024-10-18 05:31:56.189999819+02:00
1729222330.59,4455,3268200000.0,2024-10-18 03:32:10.589999914+00:00,2024-10-18 05:32:10.589999914+02:00
1729222344.99,4455,1173200000.0,2024-10-18 03:32:24.990000010+00:00,2024-10-18 05:32:24.990000010+02:00
1729222359.3899999,4455,0.0,2024-10-18 03:32:39.389999866+00:00,2024-10-18 05:32:39.389999866+02:00
1729222373.79,4455,0.0,2024-10-18 03:32:53.789999962+00:00,2024-10-18 05:32:53.789999962+02:00
1729222388.1899998,4455,1676000000.0,2024-10-18 03:33:08.189999819+00:00,2024-10-18 05:33:08.189999819+02:00
1729222402.59,4455,0.0,2024-10-18 03:33:22.589999914+00:00,2024-10-18 05:33:22.589999914+02:00
1729222416.99,4455,1257000000.0,2024-10-18 03:33:36.990000010+00:00,2024-10-18 05:33:36.990000010+02:00
1729222431.3899999,4455,838000000.0,2024-10-18 03:33:51.389999866+00:00,2024-10-18 05:33:51.389999866+02:00
1729222445.79,4455,0.0,2024-10-18 03:34:05.789999962+00:00,2024-10-18 05:34:05.789999962+02:00
1729222460.1899998,4455,0.0,2024-10-18 03:34:20.189999819+00:00,2024-10-18 05:34:20.189999819+02:00
1729222474.59,4455,3854800000.0,2024-10-18 03:34:34.589999914+00:00,2024-10-18 05:34:34.589999914+02:00
1729222488.99,4455,1340800000.0,2024-10-18 03:34:48.990000010+00:00,2024-10-18 05:34:48.990000010+02:00
1729222503.3899999,4455,1424600000.0,2024-10-18 03:35:03.389999866+00:00,2024-10-18 05:35:03.389999866+02:00
1729222517.79,4455,3854800000.0,2024-10-18 03:35:17.789999962+00:00,2024-10-18 05:35:17.789999962+02:00
1729222532.1899998,4455,1424600000.0,2024-10-18 03:35:32.189999819+00:00,2024-10-18 05:35:32.189999819+02:00
1729222546.59,4455,0.0,2024-10-18 03:35:46.589999914+00:00,2024-10-18 05:35:46.589999914+02:00
1729222560.99,4455,0.0,2024-10-18 03:36:00.990000010+00:00,2024-10-18 05:36:00.990000010+02:00
1729222575.3899999,4455,754200000.0,2024-10-18 03:36:15.389999866+00:00,2024-10-18 05:36:15.389999866+02:00
1729222589.79,4455,0.0,2024-10-18 03:36:29.789999962+00:00,2024-10-18 05:36:29.789999962+02:00
1729222604.1899998,4455,0.0,2024-10-18 03:36:44.189999819+00:00,2024-10-18 05:36:44.189999819+02:00
1729222618.59,4455,0.0,2024-10-18 03:36:58.589999914+00:00,2024-10-18 05:36:58.589999914+02:00
1729222632.99,4455,0.0,2024-10-18 03:37:12.990000010+00:00,2024-10-18 05:37:12.990000010+02:00
1729222647.3899999,4455,0.0,2024-10-18 03:37:27.389999866+00:00,2024-10-18 05:37:27.389999866+02:00
1729222661.79,4455,0.0,2024-10-18 03:37:41.789999962+00:00,2024-10-18 05:37:41.789999962+02:00
1729222676.1899998,4455,0.0,2024-10-18 03:37:56.189999819+00:00,2024-10-18 05:37:56.189999819+02:00
1729222690.59,4455,0.0,2024-10-18 03:38:10.589999914+00:00,2024-10-18 05:38:10.589999914+02:00
1729222704.99,4455,0.0,2024-10-18 03:38:24.990000010+00:00,2024-10-18 05:38:24.990000010+02:00
1729222719.3899999,4455,0.0,2024-10-18 03:38:39.389999866+00:00,2024-10-18 05:38:39.389999866+02:00
1729222733.79,4455,0.0,2024-10-18 03:38:53.789999962+00:00,2024-10-18 05:38:53.789999962+02:00
1729222748.1899998,4455,3687200000.0,2024-10-18 03:39:08.189999819+00:00,2024-10-18 05:39:08.189999819+02:00
1729222762.59,4455,3435800000.0,2024-10-18 03:39:22.589999914+00:00,2024-10-18 05:39:22.589999914+02:00
1729222776.99,4455,0.0,2024-10-18 03:39:36.990000010+00:00,2024-10-18 05:39:36.990000010+02:00
1729222791.3899999,4455,0.0,2024-10-18 03:39:51.389999866+00:00,2024-10-18 05:39:51.389999866+02:00
1729222805.79,4455,838000000.0,2024-10-18 03:40:05.789999962+00:00,2024-10-18 05:40:05.789999962+02:00
1729222820.1899998,4455,0.0,2024-10-18 03:40:20.189999819+00:00,2024-10-18 05:40:20.189999819+02:00
1729222834.59,4455,167600000.0,2024-10-18 03:40:34.589999914+00:00,2024-10-18 05:40:34.589999914+02:00
1729222848.99,4455,0.0,2024-10-18 03:40:48.990000010+00:00,2024-10-18 05:40:48.990000010+02:00
1729222863.3899999,4455,0.0,2024-10-18 03:41:03.389999866+00:00,2024-10-18 05:41:03.389999866+02:00
1729222877.79,4455,0.0,2024-10-18 03:41:17.789999962+00:00,2024-10-18 05:41:17.789999962+02:00
1729222892.1899998,4455,1843600000.0,2024-10-18 03:41:32.189999819+00:00,2024-10-18 05:41:32.189999819+02:00
1729222906.59,4455,1592200000.0,2024-10-18 03:41:46.589999914+00:00,2024-10-18 05:41:46.589999914+02:00
1729222920.99,4455,0.0,2024-10-18 03:42:00.990000010+00:00,2024-10-18 05:42:00.990000010+02:00
1729222935.3899999,4455,1340800000.0,2024-10-18 03:42:15.389999866+00:00,2024-10-18 05:42:15.389999866+02:00
1729222949.79,4455,1005600000.0,2024-10-18 03:42:29.789999962+00:00,2024-10-18 05:42:29.789999962+02:00
1729222964.1899998,4455,0.0,2024-10-18 03:42:44.189999819+00:00,2024-10-18 05:42:44.189999819+02:00
1729222978.59,4455,167600000.0,2024-10-18 03:42:58.589999914+00:00,2024-10-18 05:42:58.589999914+02:00
1729222992.99,4455,0.0,2024-10-18 03:43:12.990000010+00:00,2024-10-18 05:43:12.990000010+02:00
1729223007.3899999,4455,2681600000.0,2024-10-18 03:43:27.389999866+00:00,2024-10-18 05:43:27.389999866+02:00
1729223021.79,4455,2095000000.0,2024-10-18 03:43:41.789999962+00:00,2024-10-18 05:43:41.789999962+02:00
1729223036.1899998,4455,0.0,2024-10-18 03:43:56.189999819+00:00,2024-10-18 05:43:56.189999819+02:00
1729223050.59,4455,670400000.0,2024-10-18 03:44:10.589999914+00:00,2024-10-18 05:44:10.589999914+02:00
1729223064.99,4455,0.0,2024-10-18 03:44:24.990000010+00:00,2024-10-18 05:44:24.990000010+02:00
1729223079.3899999,4455,1424600000.0,2024-10-18 03:44:39.389999866+00:00,2024-10-18 05:44:39.389999866+02:00
1729223093.79,4455,838000000.0,2024-10-18 03:44:53.789999962+00:00,2024-10-18 05:44:53.789999962+02:00
1729223108.1899998,4455,335200000.0,2024-10-18 03:45:08.189999819+00:00,2024-10-18 05:45:08.189999819+02:00
1729223122.59,4455,0.0,2024-10-18 03:45:22.589999914+00:00,2024-10-18 05:45:22.589999914+02:00
1729223136.99,4455,1676000000.0,2024-10-18 03:45:36.990000010+00:00,2024-10-18 05:45:36.990000010+02:00
1729223151.3899999,4455,2346400000.0,2024-10-18 03:45:51.389999866+00:00,2024-10-18 05:45:51.389999866+02:00
1729223165.79,4455,838000000.0,2024-10-18 03:46:05.789999962+00:00,2024-10-18 05:46:05.789999962+02:00
1729223180.1899998,4455,0.0,2024-10-18 03:46:20.189999819+00:00,2024-10-18 05:46:20.189999819+02:00
1729223194.59,4455,2262600000.0,2024-10-18 03:46:34.589999914+00:00,2024-10-18 05:46:34.589999914+02:00
1729223208.99,4455,1340800000.0,2024-10-18 03:46:48.990000010+00:00,2024-10-18 05:46:48.990000010+02:00
1729223223.3899999,4455,1257000000.0,2024-10-18 03:47:03.389999866+00:00,2024-10-18 05:47:03.389999866+02:00
1729223237.79,4455,0.0,2024-10-18 03:47:17.789999962+00:00,2024-10-18 05:47:17.789999962+02:00
1729223252.1899998,4455,1257000000.0,2024-10-18 03:47:32.189999819+00:00,2024-10-18 05:47:32.189999819+02:00
1729223266.59,4455,0.0,2024-10-18 03:47:46.589999914+00:00,2024-10-18 05:47:46.589999914+02:00
1729223280.99,4455,0.0,2024-10-18 03:48:00.990000010+00:00,2024-10-18 05:48:00.990000010+02:00
1729223295.3899999,4455,0.0,2024-10-18 03:48:15.389999866+00:00,2024-10-18 05:48:15.389999866+02:00
1729223309.79,4455,0.0,2024-10-18 03:48:29.789999962+00:00,2024-10-18 05:48:29.789999962+02:00
1729223324.1899998,4455,0.0,2024-10-18 03:48:44.189999819+00:00,2024-10-18 05:48:44.189999819+02:00
1729223338.59,4455,0.0,2024-10-18 03:48:58.589999914+00:00,2024-10-18 05:48:58.589999914+02:00
1729223352.99,4455,4692800000.0,2024-10-18 03:49:12.990000010+00:00,2024-10-18 05:49:12.990000010+02:00
1729223367.3899999,4455,0.0,2024-10-18 03:49:27.389999866+00:00,2024-10-18 05:49:27.389999866+02:00
1729223381.79,4455,0.0,2024-10-18 03:49:41.789999962+00:00,2024-10-18 05:49:41.789999962+02:00
1729223396.1899998,4455,0.0,2024-10-18 03:49:56.189999819+00:00,2024-10-18 05:49:56.189999819+02:00
1729223410.59,4455,0.0,2024-10-18 03:50:10.589999914+00:00,2024-10-18 05:50:10.589999914+02:00
1729223424.99,4455,0.0,2024-10-18 03:50:24.990000010+00:00,2024-10-18 05:50:24.990000010+02:00
1729223439.3899999,4455,1592200000.0,2024-10-18 03:50:39.389999866+00:00,2024-10-18 05:50:39.389999866+02:00
1729223453.79,4455,0.0,2024-10-18 03:50:53.789999962+00:00,2024-10-18 05:50:53.789999962+02:00
1729223468.1899998,4455,0.0,2024-10-18 03:51:08.189999819+00:00,2024-10-18 05:51:08.189999819+02:00
1729223482.59,4455,0.0,2024-10-18 03:51:22.589999914+00:00,2024-10-18 05:51:22.589999914+02:00
1729223496.99,4455,754200000.0,2024-10-18 03:51:36.990000010+00:00,2024-10-18 05:51:36.990000010+02:00
1729223511.3899999,4455,1257000000.0,2024-10-18 03:51:51.389999866+00:00,2024-10-18 05:51:51.389999866+02:00
1729223525.79,4455,1257000000.0,2024-10-18 03:52:05.789999962+00:00,2024-10-18 05:52:05.789999962+02:00
1729223540.1899998,4455,1843600000.0,2024-10-18 03:52:20.189999819+00:00,2024-10-18 05:52:20.189999819+02:00
1729223554.59,4455,838000000.0,2024-10-18 03:52:34.589999914+00:00,2024-10-18 05:52:34.589999914+02:00
1729223568.99,4455,4692800000.0,2024-10-18 03:52:48.990000010+00:00,2024-10-18 05:52:48.990000010+02:00
1729223583.3899999,4455,251400000.0,2024-10-18 03:53:03.389999866+00:00,2024-10-18 05:53:03.389999866+02:00
1729223597.79,4455,1005600000.0,2024-10-18 03:53:17.789999962+00:00,2024-10-18 05:53:17.789999962+02:00
1729223612.1899998,4455,0.0,2024-10-18 03:53:32.189999819+00:00,2024-10-18 05:53:32.189999819+02:00
1729223626.59,4455,0.0,2024-10-18 03:53:46.589999914+00:00,2024-10-18 05:53:46.589999914+02:00
1729223640.99,4455,0.0,2024-10-18 03:54:00.990000010+00:00,2024-10-18 05:54:00.990000010+02:00
1729223655.3899999,4455,0.0,2024-10-18 03:54:15.389999866+00:00,2024-10-18 05:54:15.389999866+02:00
1729223669.79,4455,0.0,2024-10-18 03:54:29.789999962+00:00,2024-10-18 05:54:29.789999962+02:00
1729223684.1899998,4455,3435800000.0,2024-10-18 03:54:44.189999819+00:00,2024-10-18 05:54:44.189999819+02:00
1729223698.59,4455,0.0,2024-10-18 03:54:58.589999914+00:00,2024-10-18 05:54:58.589999914+02:00
1729223712.99,4455,3016800000.0,2024-10-18 03:55:12.990000010+00:00,2024-10-18 05:55:12.990000010+02:00
1729223727.3899999,4455,0.0,2024-10-18 03:55:27.389999866+00:00,2024-10-18 05:55:27.389999866+02:00
1729223741.79,4455,0.0,2024-10-18 03:55:41.789999962+00:00,2024-10-18 05:55:41.789999962+02:00
1729223756.1899998,4455,0.0,2024-10-18 03:55:56.189999819+00:00,2024-10-18 05:55:56.189999819+02:00
1729223770.59,4455,1173200000.0,2024-10-18 03:56:10.589999914+00:00,2024-10-18 05:56:10.589999914+02:00
1729223784.99,4455,0.0,2024-10-18 03:56:24.990000010+00:00,2024-10-18 05:56:24.990000010+02:00
1729223799.3899999,4455,1173200000.0,2024-10-18 03:56:39.389999866+00:00,2024-10-18 05:56:39.389999866+02:00
1729223813.79,4455,4525200000.0,2024-10-18 03:56:53.789999962+00:00,2024-10-18 05:56:53.789999962+02:00
1729223828.1899998,4455,0.0,2024-10-18 03:57:08.189999819+00:00,2024-10-18 05:57:08.189999819+02:00
1729223842.59,4455,0.0,2024-10-18 03:57:22.589999914+00:00,2024-10-18 05:57:22.589999914+02:00
1729223856.99,4455,838000000.0,2024-10-18 03:57:36.990000010+00:00,2024-10-18 05:57:36.990000010+02:00
1729223871.3899999,4455,0.0,2024-10-18 03:57:51.389999866+00:00,2024-10-18 05:57:51.389999866+02:00
1729223885.79,4455,0.0,2024-10-18 03:58:05.789999962+00:00,2024-10-18 05:58:05.789999962+02:00
1729223900.1899998,4455,3352000000.0,2024-10-18 03:58:20.189999819+00:00,2024-10-18 05:58:20.189999819+02:00
1729223914.59,4455,1508400000.0,2024-10-18 03:58:34.589999914+00:00,2024-10-18 05:58:34.589999914+02:00
1729223928.99,4455,921800000.0,2024-10-18 03:58:48.990000010+00:00,2024-10-18 05:58:48.990000010+02:00
1729223943.3899999,4455,0.0,2024-10-18 03:59:03.389999866+00:00,2024-10-18 05:59:03.389999866+02:00
1729223957.79,4455,0.0,2024-10-18 03:59:17.789999962+00:00,2024-10-18 05:59:17.789999962+02:00
1729223972.1899998,4455,0.0,2024-10-18 03:59:32.189999819+00:00,2024-10-18 05:59:32.189999819+02:00
1729223986.59,4455,0.0,2024-10-18 03:59:46.589999914+00:00,2024-10-18 05:59:46.589999914+02:00
1729224000.99,4455,0.0,2024-10-18 04:00:00.990000010+00:00,2024-10-18 06:00:00.990000010+02:00
1729224015.3899999,4455,0.0,2024-10-18 04:00:15.389999866+00:00,2024-10-18 06:00:15.389999866+02:00
1729224029.79,4455,0.0,2024-10-18 04:00:29.789999962+00:00,2024-10-18 06:00:29.789999962+02:00
1729224044.1899998,4455,419000000.0,2024-10-18 04:00:44.189999819+00:00,2024-10-18 06:00:44.189999819+02:00
1729224058.59,4455,1257000000.0,2024-10-18 04:00:58.589999914+00:00,2024-10-18 06:00:58.589999914+02:00
1729224072.99,4455,1759800000.0,2024-10-18 04:01:12.990000010+00:00,2024-10-18 06:01:12.990000010+02:00
1729224087.3899999,4455,2262600000.0,2024-10-18 04:01:27.389999866+00:00,2024-10-18 06:01:27.389999866+02:00
1729224101.79,4455,0.0,2024-10-18 04:01:41.789999962+00:00,2024-10-18 06:01:41.789999962+02:00
1729224116.1899998,4455,3435800000.0,2024-10-18 04:01:56.189999819+00:00,2024-10-18 06:01:56.189999819+02:00
1729224130.59,4455,0.0,2024-10-18 04:02:10.589999914+00:00,2024-10-18 06:02:10.589999914+02:00
1729224144.99,4455,6033600000.0,2024-10-18 04:02:24.990000010+00:00,2024-10-18 06:02:24.990000010+02:00
1729224159.3899999,4455,0.0,2024-10-18 04:02:39.389999866+00:00,2024-10-18 06:02:39.389999866+02:00
1729224173.79,4455,167600000.0,2024-10-18 04:02:53.789999962+00:00,2024-10-18 06:02:53.789999962+02:00
1729224188.1899998,4455,2346400000.0,2024-10-18 04:03:08.189999819+00:00,2024-10-18 06:03:08.189999819+02:00
1729224202.59,4455,1173200000.0,2024-10-18 04:03:22.589999914+00:00,2024-10-18 06:03:22.589999914+02:00
1729224216.99,4455,1005600000.0,2024-10-18 04:03:36.990000010+00:00,2024-10-18 06:03:36.990000010+02:00
1729224231.3899999,4455,4022400000.0,2024-10-18 04:03:51.389999866+00:00,2024-10-18 06:03:51.389999866+02:00
1729224245.79,4455,0.0,2024-10-18 04:04:05.789999962+00:00,2024-10-18 06:04:05.789999962+02:00
1729224260.1899998,4455,586600000.0,2024-10-18 04:04:20.189999819+00:00,2024-10-18 06:04:20.189999819+02:00
1729224274.59,4455,0.0,2024-10-18 04:04:34.589999914+00:00,2024-10-18 06:04:34.589999914+02:00
1729224288.99,4455,0.0,2024-10-18 04:04:48.990000010+00:00,2024-10-18 06:04:48.990000010+02:00
1729224303.3899999,4455,0.0,2024-10-18 04:05:03.389999866+00:00,2024-10-18 06:05:03.389999866+02:00
1729224317.79,4455,0.0,2024-10-18 04:05:17.789999962+00:00,2024-10-18 06:05:17.789999962+02:00
1729224332.1899998,4455,1424600000.0,2024-10-18 04:05:32.189999819+00:00,2024-10-18 06:05:32.189999819+02:00
1729224346.59,4455,1759800000.0,2024-10-18 04:05:46.589999914+00:00,2024-10-18 06:05:46.589999914+02:00
1729224360.99,4455,0.0,2024-10-18 04:06:00.990000010+00:00,2024-10-18 06:06:00.990000010+02:00
1729224375.3899999,4455,0.0,2024-10-18 04:06:15.389999866+00:00,2024-10-18 06:06:15.389999866+02:00
1729224389.79,4455,0.0,2024-10-18 04:06:29.789999962+00:00,2024-10-18 06:06:29.789999962+02:00
1729224404.1899998,4455,2262600000.0,2024-10-18 04:06:44.189999819+00:00,2024-10-18 06:06:44.189999819+02:00
1729224418.59,4455,0.0,2024-10-18 04:06:58.589999914+00:00,2024-10-18 06:06:58.589999914+02:00
1729224432.99,4455,4441400000.0,2024-10-18 04:07:12.990000010+00:00,2024-10-18 06:07:12.990000010+02:00
1729224447.3899999,4455,1759800000.0,2024-10-18 04:07:27.389999866+00:00,2024-10-18 06:07:27.389999866+02:00
1729224461.79,4455,0.0,2024-10-18 04:07:41.789999962+00:00,2024-10-18 06:07:41.789999962+02:00
1729224476.1899998,4455,3519600000.0,2024-10-18 04:07:56.189999819+00:00,2024-10-18 06:07:56.189999819+02:00
1729224490.59,4455,1676000000.0,2024-10-18 04:08:10.589999914+00:00,2024-10-18 06:08:10.589999914+02:00
1729224504.99,4455,335200000.0,2024-10-18 04:08:24.990000010+00:00,2024-10-18 06:08:24.990000010+02:00
1729224519.3899999,4455,1843600000.0,2024-10-18 04:08:39.389999866+00:00,2024-10-18 06:08:39.389999866+02:00
1729224533.79,4455,1592200000.0,2024-10-18 04:08:53.789999962+00:00,2024-10-18 06:08:53.789999962+02:00
1729224548.1899998,4455,0.0,2024-10-18 04:09:08.189999819+00:00,2024-10-18 06:09:08.189999819+02:00
1729224562.59,4455,0.0,2024-10-18 04:09:22.589999914+00:00,2024-10-18 06:09:22.589999914+02:00
1729224576.99,4455,0.0,2024-10-18 04:09:36.990000010+00:00,2024-10-18 06:09:36.990000010+02:00
1729224591.3899999,4455,0.0,2024-10-18 04:09:51.389999866+00:00,2024-10-18 06:09:51.389999866+02:00
1729224605.79,4455,0.0,2024-10-18 04:10:05.789999962+00:00,2024-10-18 06:10:05.789999962+02:00
1729224620.1899998,4455,1508400000.0,2024-10-18 04:10:20.189999819+00:00,2024-10-18 06:10:20.189999819+02:00
1729224634.59,4455,1173200000.0,2024-10-18 04:10:34.589999914+00:00,2024-10-18 06:10:34.589999914+02:00
1729224648.99,4455,1089400000.0,2024-10-18 04:10:48.990000010+00:00,2024-10-18 06:10:48.990000010+02:00
1729224663.3899999,4455,0.0,2024-10-18 04:11:03.389999866+00:00,2024-10-18 06:11:03.389999866+02:00
1729224677.79,4455,0.0,2024-10-18 04:11:17.789999962+00:00,2024-10-18 06:11:17.789999962+02:00
1729224692.1899998,4455,0.0,2024-10-18 04:11:32.189999819+00:00,2024-10-18 06:11:32.189999819+02:00
1729224706.59,4455,419000000.0,2024-10-18 04:11:46.589999914+00:00,2024-10-18 06:11:46.589999914+02:00
1729224720.99,4455,0.0,2024-10-18 04:12:00.990000010+00:00,2024-10-18 06:12:00.990000010+02:00
1729224735.3899999,4455,0.0,2024-10-18 04:12:15.389999866+00:00,2024-10-18 06:12:15.389999866+02:00
1729224749.79,4455,0.0,2024-10-18 04:12:29.789999962+00:00,2024-10-18 06:12:29.789999962+02:00
1729224764.1899998,4455,1676000000.0,2024-10-18 04:12:44.189999819+00:00,2024-10-18 06:12:44.189999819+02:00
1729224778.59,4455,3100600000.0,2024-10-18 04:12:58.589999914+00:00,2024-10-18 06:12:58.589999914+02:00
1729224792.99,4455,3268200000.0,2024-10-18 04:13:12.990000010+00:00,2024-10-18 06:13:12.990000010+02:00
1729224807.3899999,4455,0.0,2024-10-18 04:13:27.389999866+00:00,2024-10-18 06:13:27.389999866+02:00
1729224821.79,4455,0.0,2024-10-18 04:13:41.789999962+00:00,2024-10-18 06:13:41.789999962+02:00
1729224836.1899998,4455,5447000000.0,2024-10-18 04:13:56.189999819+00:00,2024-10-18 06:13:56.189999819+02:00
1729224850.59,4455,0.0,2024-10-18 04:14:10.589999914+00:00,2024-10-18 06:14:10.589999914+02:00
1729224864.99,4455,0.0,2024-10-18 04:14:24.990000010+00:00,2024-10-18 06:14:24.990000010+02:00
1729224879.3899999,4455,0.0,2024-10-18 04:14:39.389999866+00:00,2024-10-18 06:14:39.389999866+02:00
1729224893.79,4455,3016800000.0,2024-10-18 04:14:53.789999962+00:00,2024-10-18 06:14:53.789999962+02:00
1729224908.1899998,4455,0.0,2024-10-18 04:15:08.189999819+00:00,2024-10-18 06:15:08.189999819+02:00
1729224922.59,4455,1089400000.0,2024-10-18 04:15:22.589999914+00:00,2024-10-18 06:15:22.589999914+02:00
1729224936.99,4455,2681600000.0,2024-10-18 04:15:36.990000010+00:00,2024-10-18 06:15:36.990000010+02:00
1729224951.3899999,4455,3352000000.0,2024-10-18 04:15:51.389999866+00:00,2024-10-18 06:15:51.389999866+02:00
1729224965.79,4455,0.0,2024-10-18 04:16:05.789999962+00:00,2024-10-18 06:16:05.789999962+02:00
1729224980.1899998,4455,0.0,2024-10-18 04:16:20.189999819+00:00,2024-10-18 06:16:20.189999819+02:00
1729224994.59,4455,1592200000.0,2024-10-18 04:16:34.589999914+00:00,2024-10-18 06:16:34.589999914+02:00
1729225008.99,4455,4273800000.0,2024-10-18 04:16:48.990000010+00:00,2024-10-18 06:16:48.990000010+02:00
1729225023.3899999,4455,0.0,2024-10-18 04:17:03.389999866+00:00,2024-10-18 06:17:03.389999866+02:00
1729225037.79,4455,838000000.0,2024-10-18 04:17:17.789999962+00:00,2024-10-18 06:17:17.789999962+02:00
1729225052.1899998,4455,5530800000.0,2024-10-18 04:17:32.189999819+00:00,2024-10-18 06:17:32.189999819+02:00
1729225066.59,4455,1508400000.0,2024-10-18 04:17:46.589999914+00:00,2024-10-18 06:17:46.589999914+02:00
1729225080.99,4455,0.0,2024-10-18 04:18:00.990000010+00:00,2024-10-18 06:18:00.990000010+02:00
1729225095.3899999,4455,3352000000.0,2024-10-18 04:18:15.389999866+00:00,2024-10-18 06:18:15.389999866+02:00
1729225109.79,4455,1759800000.0,2024-10-18 04:18:29.789999962+00:00,2024-10-18 06:18:29.789999962+02:00
1729225124.1899998,4455,0.0,2024-10-18 04:18:44.189999819+00:00,2024-10-18 06:18:44.189999819+02:00
1729225138.59,4455,1340800000.0,2024-10-18 04:18:58.589999914+00:00,2024-10-18 06:18:58.589999914+02:00
1729225152.99,4455,0.0,2024-10-18 04:19:12.990000010+00:00,2024-10-18 06:19:12.990000010+02:00
1729225167.3899999,4455,0.0,2024-10-18 04:19:27.389999866+00:00,2024-10-18 06:19:27.389999866+02:00
1729225181.79,4455,5111800000.0,2024-10-18 04:19:41.789999962+00:00,2024-10-18 06:19:41.789999962+02:00
1729225196.1899998,4455,2849200000.0,2024-10-18 04:19:56.189999819+00:00,2024-10-18 06:19:56.189999819+02:00
1729225210.59,4455,0.0,2024-10-18 04:20:10.589999914+00:00,2024-10-18 06:20:10.589999914+02:00
1729225224.99,4455,1759800000.0,2024-10-18 04:20:24.990000010+00:00,2024-10-18 06:20:24.990000010+02:00
1729225239.3899999,4455,2430200000.0,2024-10-18 04:20:39.389999866+00:00,2024-10-18 06:20:39.389999866+02:00
1729225253.79,4455,3519600000.0,2024-10-18 04:20:53.789999962+00:00,2024-10-18 06:20:53.789999962+02:00
1729225268.1899998,4455,0.0,2024-10-18 04:21:08.189999819+00:00,2024-10-18 06:21:08.189999819+02:00
1729225282.59,4455,0.0,2024-10-18 04:21:22.589999914+00:00,2024-10-18 06:21:22.589999914+02:00
1729225296.99,4455,0.0,2024-10-18 04:21:36.990000010+00:00,2024-10-18 06:21:36.990000010+02:00
1729225311.3899999,4455,3938600000.0,2024-10-18 04:21:51.389999866+00:00,2024-10-18 06:21:51.389999866+02:00
1729225325.79,4455,3435800000.0,2024-10-18 04:22:05.789999962+00:00,2024-10-18 06:22:05.789999962+02:00
1729225340.1899998,4455,1340800000.0,2024-10-18 04:22:20.189999819+00:00,2024-10-18 06:22:20.189999819+02:00
1729225354.59,4455,0.0,2024-10-18 04:22:34.589999914+00:00,2024-10-18 06:22:34.589999914+02:00
1729225368.99,4455,3352000000.0,2024-10-18 04:22:48.990000010+00:00,2024-10-18 06:22:48.990000010+02:00
1729225383.3899999,4455,0.0,2024-10-18 04:23:03.389999866+00:00,2024-10-18 06:23:03.389999866+02:00
1729225397.79,4455,4106200000.0,2024-10-18 04:23:17.789999962+00:00,2024-10-18 06:23:17.789999962+02:00
1729225412.1899998,4455,838000000.0,2024-10-18 04:23:32.189999819+00:00,2024-10-18 06:23:32.189999819+02:00
1729225426.59,4455,1340800000.0,2024-10-18 04:23:46.589999914+00:00,2024-10-18 06:23:46.589999914+02:00
1729225440.99,4455,83800000.0,2024-10-18 04:24:00.990000010+00:00,2024-10-18 06:24:00.990000010+02:00
1729225455.3899999,4455,0.0,2024-10-18 04:24:15.389999866+00:00,2024-10-18 06:24:15.389999866+02:00
1729225469.79,4455,1508400000.0,2024-10-18 04:24:29.789999962+00:00,2024-10-18 06:24:29.789999962+02:00
1729225484.1899998,4455,0.0,2024-10-18 04:24:44.189999819+00:00,2024-10-18 06:24:44.189999819+02:00
1729225498.59,4455,3435800000.0,2024-10-18 04:24:58.589999914+00:00,2024-10-18 06:24:58.589999914+02:00
1729225512.99,4455,0.0,2024-10-18 04:25:12.990000010+00:00,2024-10-18 06:25:12.990000010+02:00
1729225527.3899999,4455,1257000000.0,2024-10-18 04:25:27.389999866+00:00,2024-10-18 06:25:27.389999866+02:00
1729225541.79,4455,0.0,2024-10-18 04:25:41.789999962+00:00,2024-10-18 06:25:41.789999962+02:00
1729225556.1899998,4455,0.0,2024-10-18 04:25:56.189999819+00:00,2024-10-18 06:25:56.189999819+02:00
1729225570.59,4455,2095000000.0,2024-10-18 04:26:10.589999914+00:00,2024-10-18 06:26:10.589999914+02:00
1729225584.99,4455,0.0,2024-10-18 04:26:24.990000010+00:00,2024-10-18 06:26:24.990000010+02:00
1729225599.3899999,4455,83800000.0,2024-10-18 04:26:39.389999866+00:00,2024-10-18 06:26:39.389999866+02:00
1729225613.79,4455,1843600000.0,2024-10-18 04:26:53.789999962+00:00,2024-10-18 06:26:53.789999962+02:00
1729225628.1899998,4455,0.0,2024-10-18 04:27:08.189999819+00:00,2024-10-18 06:27:08.189999819+02:00
1729225642.59,4455,1173200000.0,2024-10-18 04:27:22.589999914+00:00,2024-10-18 06:27:22.589999914+02:00
1729225656.99,4455,0.0,2024-10-18 04:27:36.990000010+00:00,2024-10-18 06:27:36.990000010+02:00
1729225671.3899999,4455,1173200000.0,2024-10-18 04:27:51.389999866+00:00,2024-10-18 06:27:51.389999866+02:00
1729225685.79,4455,0.0,2024-10-18 04:28:05.789999962+00:00,2024-10-18 06:28:05.789999962+02:00
1729225700.1899998,4455,0.0,2024-10-18 04:28:20.189999819+00:00,2024-10-18 06:28:20.189999819+02:00
1729225714.59,4455,1592200000.0,2024-10-18 04:28:34.589999914+00:00,2024-10-18 06:28:34.589999914+02:00
1729225728.99,4455,0.0,2024-10-18 04:28:48.990000010+00:00,2024-10-18 06:28:48.990000010+02:00
1729225743.3899999,4455,1089400000.0,2024-10-18 04:29:03.389999866+00:00,2024-10-18 06:29:03.389999866+02:00
1729225757.79,4455,0.0,2024-10-18 04:29:17.789999962+00:00,2024-10-18 06:29:17.789999962+02:00
1729225772.1899998,4455,838000000.0,2024-10-18 04:29:32.189999819+00:00,2024-10-18 06:29:32.189999819+02:00
1729225786.59,4455,4106200000.0,2024-10-18 04:29:46.589999914+00:00,2024-10-18 06:29:46.589999914+02:00
1729225800.99,4455,586600000.0,2024-10-18 04:30:00.990000010+00:00,2024-10-18 06:30:00.990000010+02:00
1729225815.3899999,4455,0.0,2024-10-18 04:30:15.389999866+00:00,2024-10-18 06:30:15.389999866+02:00
1729225829.79,4455,0.0,2024-10-18 04:30:29.789999962+00:00,2024-10-18 06:30:29.789999962+02:00
1729225844.1899998,4455,0.0,2024-10-18 04:30:44.189999819+00:00,2024-10-18 06:30:44.189999819+02:00
1729225858.59,4455,5530800000.0,2024-10-18 04:30:58.589999914+00:00,2024-10-18 06:30:58.589999914+02:00
1729225872.99,4455,0.0,2024-10-18 04:31:12.990000010+00:00,2024-10-18 06:31:12.990000010+02:00
1729225887.3899999,4455,0.0,2024-10-18 04:31:27.389999866+00:00,2024-10-18 06:31:27.389999866+02:00
1729225901.79,4455,2178800000.0,2024-10-18 04:31:41.789999962+00:00,2024-10-18 06:31:41.789999962+02:00
1729225916.1899998,4455,0.0,2024-10-18 04:31:56.189999819+00:00,2024-10-18 06:31:56.189999819+02:00
1729225930.59,4455,2262600000.0,2024-10-18 04:32:10.589999914+00:00,2024-10-18 06:32:10.589999914+02:00
1729225944.99,4455,0.0,2024-10-18 04:32:24.990000010+00:00,2024-10-18 06:32:24.990000010+02:00
1729225959.3899999,4455,0.0,2024-10-18 04:32:39.389999866+00:00,2024-10-18 06:32:39.389999866+02:00
1729225973.79,4455,5279400000.0,2024-10-18 04:32:53.789999962+00:00,2024-10-18 06:32:53.789999962+02:00
1729225988.1899998,4455,1173200000.0,2024-10-18 04:33:08.189999819+00:00,2024-10-18 06:33:08.189999819+02:00
1729226002.59,4455,754200000.0,2024-10-18 04:33:22.589999914+00:00,2024-10-18 06:33:22.589999914+02:00
1729226016.99,4455,3100600000.0,2024-10-18 04:33:36.990000010+00:00,2024-10-18 06:33:36.990000010+02:00
1729226031.3899999,4455,0.0,2024-10-18 04:33:51.389999866+00:00,2024-10-18 06:33:51.389999866+02:00
1729226045.79,4455,167600000.0,2024-10-18 04:34:05.789999962+00:00,2024-10-18 06:34:05.789999962+02:00
1729226060.1899998,4455,0.0,2024-10-18 04:34:20.189999819+00:00,2024-10-18 06:34:20.189999819+02:00
1729226074.59,4455,3100600000.0,2024-10-18 04:34:34.589999914+00:00,2024-10-18 06:34:34.589999914+02:00
1729226088.99,4455,1089400000.0,2024-10-18 04:34:48.990000010+00:00,2024-10-18 06:34:48.990000010+02:00
1729226103.3899999,4455,2095000000.0,2024-10-18 04:35:03.389999866+00:00,2024-10-18 06:35:03.389999866+02:00
1729226117.79,4455,502800000.0,2024-10-18 04:35:17.789999962+00:00,2024-10-18 06:35:17.789999962+02:00
1729226132.1899998,4455,0.0,2024-10-18 04:35:32.189999819+00:00,2024-10-18 06:35:32.189999819+02:00
1729226146.59,4455,0.0,2024-10-18 04:35:46.589999914+00:00,2024-10-18 06:35:46.589999914+02:00
1729226160.99,4455,0.0,2024-10-18 04:36:00.990000010+00:00,2024-10-18 06:36:00.990000010+02:00
1729226175.3899999,4455,0.0,2024-10-18 04:36:15.389999866+00:00,2024-10-18 06:36:15.389999866+02:00
1729226189.79,4455,3016800000.0,2024-10-18 04:36:29.789999962+00:00,2024-10-18 06:36:29.789999962+02:00
1729226204.1899998,4455,1005600000.0,2024-10-18 04:36:44.189999819+00:00,2024-10-18 06:36:44.189999819+02:00
1729226218.59,4455,2262600000.0,2024-10-18 04:36:58.589999914+00:00,2024-10-18 06:36:58.589999914+02:00
1729226232.99,4455,0.0,2024-10-18 04:37:12.990000010+00:00,2024-10-18 06:37:12.990000010+02:00
1729226247.3899999,4455,0.0,2024-10-18 04:37:27.389999866+00:00,2024-10-18 06:37:27.389999866+02:00
1729226261.79,4455,754200000.0,2024-10-18 04:37:41.789999962+00:00,2024-10-18 06:37:41.789999962+02:00
1729226276.1899998,4455,1508400000.0,2024-10-18 04:37:56.189999819+00:00,2024-10-18 06:37:56.189999819+02:00
1729226290.59,4455,3352000000.0,2024-10-18 04:38:10.589999914+00:00,2024-10-18 06:38:10.589999914+02:00
1729226304.99,4455,2178800000.0,2024-10-18 04:38:24.990000010+00:00,2024-10-18 06:38:24.990000010+02:00
1729226319.3899999,4455,838000000.0,2024-10-18 04:38:39.389999866+00:00,2024-10-18 06:38:39.389999866+02:00
1729226333.79,4455,921800000.0,2024-10-18 04:38:53.789999962+00:00,2024-10-18 06:38:53.789999962+02:00
1729226348.1899998,4455,0.0,2024-10-18 04:39:08.189999819+00:00,2024-10-18 06:39:08.189999819+02:00
1729226362.59,4455,2178800000.0,2024-10-18 04:39:22.589999914+00:00,2024-10-18 06:39:22.589999914+02:00
1729226376.99,4455,2011200000.0,2024-10-18 04:39:36.990000010+00:00,2024-10-18 06:39:36.990000010+02:00
1729226391.3899999,4455,0.0,2024-10-18 04:39:51.389999866+00:00,2024-10-18 06:39:51.389999866+02:00
1729226405.79,4455,921800000.0,2024-10-18 04:40:05.789999962+00:00,2024-10-18 06:40:05.789999962+02:00
1729226420.1899998,4455,3184400000.0,2024-10-18 04:40:20.189999819+00:00,2024-10-18 06:40:20.189999819+02:00
1729226434.59,4455,0.0,2024-10-18 04:40:34.589999914+00:00,2024-10-18 06:40:34.589999914+02:00
1729226448.99,4455,921800000.0,2024-10-18 04:40:48.990000010+00:00,2024-10-18 06:40:48.990000010+02:00
1729226463.3899999,4455,4357600000.0,2024-10-18 04:41:03.389999866+00:00,2024-10-18 06:41:03.389999866+02:00
1729226477.79,4455,1257000000.0,2024-10-18 04:41:17.789999962+00:00,2024-10-18 06:41:17.789999962+02:00
1729226492.1899998,4455,0.0,2024-10-18 04:41:32.189999819+00:00,2024-10-18 06:41:32.189999819+02:00
1729226506.59,4455,1676000000.0,2024-10-18 04:41:46.589999914+00:00,2024-10-18 06:41:46.589999914+02:00
1729226520.99,4455,167600000.0,2024-10-18 04:42:00.990000010+00:00,2024-10-18 06:42:00.990000010+02:00
1729226535.3899999,4455,0.0,2024-10-18 04:42:15.389999866+00:00,2024-10-18 06:42:15.389999866+02:00
1729226549.79,4455,838000000.0,2024-10-18 04:42:29.789999962+00:00,2024-10-18 06:42:29.789999962+02:00
1729226564.1899998,4455,3771000000.0,2024-10-18 04:42:44.189999819+00:00,2024-10-18 06:42:44.189999819+02:00
1729226578.59,4455,1005600000.0,2024-10-18 04:42:58.589999914+00:00,2024-10-18 06:42:58.589999914+02:00
1729226592.99,4455,0.0,2024-10-18 04:43:12.990000010+00:00,2024-10-18 06:43:12.990000010+02:00
1729226607.3899999,4455,0.0,2024-10-18 04:43:27.389999866+00:00,2024-10-18 06:43:27.389999866+02:00
1729226621.79,4455,1508400000.0,2024-10-18 04:43:41.789999962+00:00,2024-10-18 06:43:41.789999962+02:00
1729226636.1899998,4455,2597800000.0,2024-10-18 04:43:56.189999819+00:00,2024-10-18 06:43:56.189999819+02:00
1729226650.59,4455,0.0,2024-10-18 04:44:10.589999914+00:00,2024-10-18 06:44:10.589999914+02:00
1729226664.99,4455,2346400000.0,2024-10-18 04:44:24.990000010+00:00,2024-10-18 06:44:24.990000010+02:00
1729226679.3899999,4455,3435800000.0,2024-10-18 04:44:39.389999866+00:00,2024-10-18 06:44:39.389999866+02:00
1729226693.79,4455,0.0,2024-10-18 04:44:53.789999962+00:00,2024-10-18 06:44:53.789999962+02:00
1729226708.1899998,4455,1759800000.0,2024-10-18 04:45:08.189999819+00:00,2024-10-18 06:45:08.189999819+02:00
1729226722.59,4455,1005600000.0,2024-10-18 04:45:22.589999914+00:00,2024-10-18 06:45:22.589999914+02:00
1729226736.99,4455,1173200000.0,2024-10-18 04:45:36.990000010+00:00,2024-10-18 06:45:36.990000010+02:00
1729226751.3899999,4455,3352000000.0,2024-10-18 04:45:51.389999866+00:00,2024-10-18 06:45:51.389999866+02:00
1729226765.79,4455,0.0,2024-10-18 04:46:05.789999962+00:00,2024-10-18 06:46:05.789999962+02:00
1729226780.1899998,4455,0.0,2024-10-18 04:46:20.189999819+00:00,2024-10-18 06:46:20.189999819+02:00
1729226794.59,4455,0.0,2024-10-18 04:46:34.589999914+00:00,2024-10-18 06:46:34.589999914+02:00
1729226808.99,4455,0.0,2024-10-18 04:46:48.990000010+00:00,2024-10-18 06:46:48.990000010+02:00
1729226823.3899999,4455,3938600000.0,2024-10-18 04:47:03.389999866+00:00,2024-10-18 06:47:03.389999866+02:00
1729226837.79,4455,4106200000.0,2024-10-18 04:47:17.789999962+00:00,2024-10-18 06:47:17.789999962+02:00
1729226852.1899998,4455,5279400000.0,2024-10-18 04:47:32.189999819+00:00,2024-10-18 06:47:32.189999819+02:00
1729226866.59,4455,0.0,2024-10-18 04:47:46.589999914+00:00,2024-10-18 06:47:46.589999914+02:00
1729226880.99,4455,0.0,2024-10-18 04:48:00.990000010+00:00,2024-10-18 06:48:00.990000010+02:00
1729226895.3899999,4455,1676000000.0,2024-10-18 04:48:15.389999866+00:00,2024-10-18 06:48:15.389999866+02:00
1729226909.79,4455,0.0,2024-10-18 04:48:29.789999962+00:00,2024-10-18 06:48:29.789999962+02:00
1729226924.1899998,4455,0.0,2024-10-18 04:48:44.189999819+00:00,2024-10-18 06:48:44.189999819+02:00
1729226938.59,4455,0.0,2024-10-18 04:48:58.589999914+00:00,2024-10-18 06:48:58.589999914+02:00
1729226952.99,4455,3938600000.0,2024-10-18 04:49:12.990000010+00:00,2024-10-18 06:49:12.990000010+02:00
1729226967.3899999,4455,0.0,2024-10-18 04:49:27.389999866+00:00,2024-10-18 06:49:27.389999866+02:00
1729226981.79,4455,1927400000.0,2024-10-18 04:49:41.789999962+00:00,2024-10-18 06:49:41.789999962+02:00
1729226996.1899998,4455,2430200000.0,2024-10-18 04:49:56.189999819+00:00,2024-10-18 06:49:56.189999819+02:00
1729227010.59,4455,1173200000.0,2024-10-18 04:50:10.589999914+00:00,2024-10-18 06:50:10.589999914+02:00
1729227024.99,4455,0.0,2024-10-18 04:50:24.990000010+00:00,2024-10-18 06:50:24.990000010+02:00
1729227039.3899999,4455,0.0,2024-10-18 04:50:39.389999866+00:00,2024-10-18 06:50:39.389999866+02:00
1729227053.79,4455,1424600000.0,2024-10-18 04:50:53.789999962+00:00,2024-10-18 06:50:53.789999962+02:00
1729227068.1899998,4455,1508400000.0,2024-10-18 04:51:08.189999819+00:00,2024-10-18 06:51:08.189999819+02:00
1729227082.59,4455,586600000.0,2024-10-18 04:51:22.589999914+00:00,2024-10-18 06:51:22.589999914+02:00
1729227096.99,4455,167600000.0,2024-10-18 04:51:36.990000010+00:00,2024-10-18 06:51:36.990000010+02:00
1729227111.3899999,4455,0.0,2024-10-18 04:51:51.389999866+00:00,2024-10-18 06:51:51.389999866+02:00
1729227125.79,4455,0.0,2024-10-18 04:52:05.789999962+00:00,2024-10-18 06:52:05.789999962+02:00
1729227140.1899998,4455,0.0,2024-10-18 04:52:20.189999819+00:00,2024-10-18 06:52:20.189999819+02:00
1729227154.59,4455,1424600000.0,2024-10-18 04:52:34.589999914+00:00,2024-10-18 06:52:34.589999914+02:00
1729227168.99,4455,0.0,2024-10-18 04:52:48.990000010+00:00,2024-10-18 06:52:48.990000010+02:00
1729227183.3899999,4455,2178800000.0,2024-10-18 04:53:03.389999866+00:00,2024-10-18 06:53:03.389999866+02:00
1729227197.79,4455,921800000.0,2024-10-18 04:53:17.789999962+00:00,2024-10-18 06:53:17.789999962+02:00
1729227212.1899998,4455,0.0,2024-10-18 04:53:32.189999819+00:00,2024-10-18 06:53:32.189999819+02:00
1729227226.59,4455,0.0,2024-10-18 04:53:46.589999914+00:00,2024-10-18 06:53:46.589999914+02:00
1729227240.99,4455,4106200000.0,2024-10-18 04:54:00.990000010+00:00,2024-10-18 06:54:00.990000010+02:00
1729227255.3899999,4455,0.0,2024-10-18 04:54:15.389999866+00:00,2024-10-18 06:54:15.389999866+02:00
1729227269.79,4455,0.0,2024-10-18 04:54:29.789999962+00:00,2024-10-18 06:54:29.789999962+02:00
1729227284.1899998,4455,0.0,2024-10-18 04:54:44.189999819+00:00,2024-10-18 06:54:44.189999819+02:00
1729227298.59,4455,1257000000.0,2024-10-18 04:54:58.589999914+00:00,2024-10-18 06:54:58.589999914+02:00
1729227312.99,4455,335200000.0,2024-10-18 04:55:12.990000010+00:00,2024-10-18 06:55:12.990000010+02:00
1729227327.3899999,4455,0.0,2024-10-18 04:55:27.389999866+00:00,2024-10-18 06:55:27.389999866+02:00
1729227341.79,4455,0.0,2024-10-18 04:55:41.789999962+00:00,2024-10-18 06:55:41.789999962+02:00
1729227356.1899998,4455,0.0,2024-10-18 04:55:56.189999819+00:00,2024-10-18 06:55:56.189999819+02:00
1729227370.59,4455,0.0,2024-10-18 04:56:10.589999914+00:00,2024-10-18 06:56:10.589999914+02:00
1729227384.99,4455,5111800000.0,2024-10-18 04:56:24.990000010+00:00,2024-10-18 06:56:24.990000010+02:00
1729227399.3899999,4455,3435800000.0,2024-10-18 04:56:39.389999866+00:00,2024-10-18 06:56:39.389999866+02:00
1729227413.79,4455,502800000.0,2024-10-18 04:56:53.789999962+00:00,2024-10-18 06:56:53.789999962+02:00
1729227428.1899998,4455,0.0,2024-10-18 04:57:08.189999819+00:00,2024-10-18 06:57:08.189999819+02:00
1729227442.59,4455,0.0,2024-10-18 04:57:22.589999914+00:00,2024-10-18 06:57:22.589999914+02:00
1729227456.99,4455,586600000.0,2024-10-18 04:57:36.990000010+00:00,2024-10-18 06:57:36.990000010+02:00
1729227471.3899999,4455,0.0,2024-10-18 04:57:51.389999866+00:00,2024-10-18 06:57:51.389999866+02:00
1729227485.79,4455,5530800000.0,2024-10-18 04:58:05.789999962+00:00,2024-10-18 06:58:05.789999962+02:00
1729227500.1899998,4455,167600000.0,2024-10-18 04:58:20.189999819+00:00,2024-10-18 06:58:20.189999819+02:00
1729227514.59,4455,1843600000.0,2024-10-18 04:58:34.589999914+00:00,2024-10-18 06:58:34.589999914+02:00
1729227528.99,4455,1005600000.0,2024-10-18 04:58:48.990000010+00:00,2024-10-18 06:58:48.990000010+02:00
1729227543.3899999,4455,83800000.0,2024-10-18 04:59:03.389999866+00:00,2024-10-18 06:59:03.389999866+02:00
1729227557.79,4455,0.0,2024-10-18 04:59:17.789999962+00:00,2024-10-18 06:59:17.789999962+02:00
1729227572.1899998,4455,1340800000.0,2024-10-18 04:59:32.189999819+00:00,2024-10-18 06:59:32.189999819+02:00
1729227586.59,4455,0.0,2024-10-18 04:59:46.589999914+00:00,2024-10-18 06:59:46.589999914+02:00
1729227600.99,4455,0.0,2024-10-18 05:00:00.990000010+00:00,2024-10-18 07:00:00.990000010+02:00
1729227615.3899999,4455,2597800000.0,2024-10-18 05:00:15.389999866+00:00,2024-10-18 07:00:15.389999866+02:00
1729227629.79,4455,0.0,2024-10-18 05:00:29.789999962+00:00,2024-10-18 07:00:29.789999962+02:00
1729227644.1899998,4455,0.0,2024-10-18 05:00:44.189999819+00:00,2024-10-18 07:00:44.189999819+02:00
1729227658.59,4455,0.0,2024-10-18 05:00:58.589999914+00:00,2024-10-18 07:00:58.589999914+02:00
1729227672.99,4455,1676000000.0,2024-10-18 05:01:12.990000010+00:00,2024-10-18 07:01:12.990000010+02:00
1729227687.3899999,4455,0.0,2024-10-18 05:01:27.389999866+00:00,2024-10-18 07:01:27.389999866+02:00
1729227701.79,4455,2597800000.0,2024-10-18 05:01:41.789999962+00:00,2024-10-18 07:01:41.789999962+02:00
1729227716.1899998,4455,0.0,2024-10-18 05:01:56.189999819+00:00,2024-10-18 07:01:56.189999819+02:00
1729227730.59,4455,3016800000.0,2024-10-18 05:02:10.589999914+00:00,2024-10-18 07:02:10.589999914+02:00
1729227744.99,4455,0.0,2024-10-18 05:02:24.990000010+00:00,2024-10-18 07:02:24.990000010+02:00
1729227759.3899999,4455,1005600000.0,2024-10-18 05:02:39.389999866+00:00,2024-10-18 07:02:39.389999866+02:00
1729227773.79,4455,0.0,2024-10-18 05:02:53.789999962+00:00,2024-10-18 07:02:53.789999962+02:00
1729227788.1899998,4455,0.0,2024-10-18 05:03:08.189999819+00:00,2024-10-18 07:03:08.189999819+02:00
1729227802.59,4455,1927400000.0,2024-10-18 05:03:22.589999914+00:00,2024-10-18 07:03:22.589999914+02:00
1729227816.99,4455,4106200000.0,2024-10-18 05:03:36.990000010+00:00,2024-10-18 07:03:36.990000010+02:00
1729227831.3899999,4455,0.0,2024-10-18 05:03:51.389999866+00:00,2024-10-18 07:03:51.389999866+02:00
1729227845.79,4455,0.0,2024-10-18 05:04:05.789999962+00:00,2024-10-18 07:04:05.789999962+02:00
1729227860.1899998,4455,0.0,2024-10-18 05:04:20.189999819+00:00,2024-10-18 07:04:20.189999819+02:00
1729227874.59,4455,0.0,2024-10-18 05:04:34.589999914+00:00,2024-10-18 07:04:34.589999914+02:00
1729227888.99,4455,0.0,2024-10-18 05:04:48.990000010+00:00,2024-10-18 07:04:48.990000010+02:00
1729227903.3899999,4455,0.0,2024-10-18 05:05:03.389999866+00:00,2024-10-18 07:05:03.389999866+02:00
1729227917.79,4455,251400000.0,2024-10-18 05:05:17.789999962+00:00,2024-10-18 07:05:17.789999962+02:00
1729227932.1899998,4455,0.0,2024-10-18 05:05:32.189999819+00:00,2024-10-18 07:05:32.189999819+02:00
1729227946.59,4455,3184400000.0,2024-10-18 05:05:46.589999914+00:00,2024-10-18 07:05:46.589999914+02:00
1729227960.99,4455,0.0,2024-10-18 05:06:00.990000010+00:00,2024-10-18 07:06:00.990000010+02:00
1729227975.3899999,4455,5028000000.0,2024-10-18 05:06:15.389999866+00:00,2024-10-18 07:06:15.389999866+02:00
1729227989.79,4455,0.0,2024-10-18 05:06:29.789999962+00:00,2024-10-18 07:06:29.789999962+02:00
1729228004.1899998,4455,2095000000.0,2024-10-18 05:06:44.189999819+00:00,2024-10-18 07:06:44.189999819+02:00
1729228018.59,4455,2597800000.0,2024-10-18 05:06:58.589999914+00:00,2024-10-18 07:06:58.589999914+02:00
1729228032.99,4455,0.0,2024-10-18 05:07:12.990000010+00:00,2024-10-18 07:07:12.990000010+02:00
1729228047.3899999,4455,0.0,2024-10-18 05:07:27.389999866+00:00,2024-10-18 07:07:27.389999866+02:00
1729228061.79,4455,1508400000.0,2024-10-18 05:07:41.789999962+00:00,2024-10-18 07:07:41.789999962+02:00
1729228076.1899998,4455,1089400000.0,2024-10-18 05:07:56.189999819+00:00,2024-10-18 07:07:56.189999819+02:00
1729228090.59,4455,1927400000.0,2024-10-18 05:08:10.589999914+00:00,2024-10-18 07:08:10.589999914+02:00
1729228104.99,4455,0.0,2024-10-18 05:08:24.990000010+00:00,2024-10-18 07:08:24.990000010+02:00
1729228119.3899999,4455,419000000.0,2024-10-18 05:08:39.389999866+00:00,2024-10-18 07:08:39.389999866+02:00
1729228133.79,4455,0.0,2024-10-18 05:08:53.789999962+00:00,2024-10-18 07:08:53.789999962+02:00
1729228148.1899998,4455,2095000000.0,2024-10-18 05:09:08.189999819+00:00,2024-10-18 07:09:08.189999819+02:00
1729228162.59,4455,0.0,2024-10-18 05:09:22.589999914+00:00,2024-10-18 07:09:22.589999914+02:00
1729228176.99,4455,0.0,2024-10-18 05:09:36.990000010+00:00,2024-10-18 07:09:36.990000010+02:00
1729228191.3899999,4455,0.0,2024-10-18 05:09:51.389999866+00:00,2024-10-18 07:09:51.389999866+02:00
1729228205.79,4455,2681600000.0,2024-10-18 05:10:05.789999962+00:00,2024-10-18 07:10:05.789999962+02:00
1729228220.1899998,4455,3771000000.0,2024-10-18 05:10:20.189999819+00:00,2024-10-18 07:10:20.189999819+02:00
1729228234.59,4455,1005600000.0,2024-10-18 05:10:34.589999914+00:00,2024-10-18 07:10:34.589999914+02:00
1729228248.99,4455,1927400000.0,2024-10-18 05:10:48.990000010+00:00,2024-10-18 07:10:48.990000010+02:00
1729228263.3899999,4455,0.0,2024-10-18 05:11:03.389999866+00:00,2024-10-18 07:11:03.389999866+02:00
1729228277.79,4455,1424600000.0,2024-10-18 05:11:17.789999962+00:00,2024-10-18 07:11:17.789999962+02:00
1729228292.1899998,4455,1173200000.0,2024-10-18 05:11:32.189999819+00:00,2024-10-18 07:11:32.189999819+02:00
1729228306.59,4455,0.0,2024-10-18 05:11:46.589999914+00:00,2024-10-18 07:11:46.589999914+02:00
1729228320.99,4455,0.0,2024-10-18 05:12:00.990000010+00:00,2024-10-18 07:12:00.990000010+02:00
1729228335.3899999,4455,0.0,2024-10-18 05:12:15.389999866+00:00,2024-10-18 07:12:15.389999866+02:00
1729228349.79,4455,0.0,2024-10-18 05:12:29.789999962+00:00,2024-10-18 07:12:29.789999962+02:00
1729228364.1899998,4455,251400000.0,2024-10-18 05:12:44.189999819+00:00,2024-10-18 07:12:44.189999819+02:00
1729228378.59,4455,0.0,2024-10-18 05:12:58.589999914+00:00,2024-10-18 07:12:58.589999914+02:00
1729228392.99,4455,0.0,2024-10-18 05:13:12.990000010+00:00,2024-10-18 07:13:12.990000010+02:00
1729228407.3899999,4455,1759800000.0,2024-10-18 05:13:27.389999866+00:00,2024-10-18 07:13:27.389999866+02:00
1729228421.79,4455,419000000.0,2024-10-18 05:13:41.789999962+00:00,2024-10-18 07:13:41.789999962+02:00
1729228436.1899998,4455,0.0,2024-10-18 05:13:56.189999819+00:00,2024-10-18 07:13:56.189999819+02:00
1729228450.59,4455,0.0,2024-10-18 05:14:10.589999914+00:00,2024-10-18 07:14:10.589999914+02:00
1729228464.99,4455,0.0,2024-10-18 05:14:24.990000010+00:00,2024-10-18 07:14:24.990000010+02:00
1729228479.3899999,4455,0.0,2024-10-18 05:14:39.389999866+00:00,2024-10-18 07:14:39.389999866+02:00
1729228493.79,4455,2178800000.0,2024-10-18 05:14:53.789999962+00:00,2024-10-18 07:14:53.789999962+02:00
1729228508.1899998,4455,0.0,2024-10-18 05:15:08.189999819+00:00,2024-10-18 07:15:08.189999819+02:00
1729228522.59,4455,0.0,2024-10-18 05:15:22.589999914+00:00,2024-10-18 07:15:22.589999914+02:00
1729228536.99,4455,3603400000.0,2024-10-18 05:15:36.990000010+00:00,2024-10-18 07:15:36.990000010+02:00
1729228551.3899999,4455,0.0,2024-10-18 05:15:51.389999866+00:00,2024-10-18 07:15:51.389999866+02:00
1729228565.79,4455,0.0,2024-10-18 05:16:05.789999962+00:00,2024-10-18 07:16:05.789999962+02:00
1729228580.1899998,4455,0.0,2024-10-18 05:16:20.189999819+00:00,2024-10-18 07:16:20.189999819+02:00
1729228594.59,4455,2095000000.0,2024-10-18 05:16:34.589999914+00:00,2024-10-18 07:16:34.589999914+02:00
1729228608.99,4455,0.0,2024-10-18 05:16:48.990000010+00:00,2024-10-18 07:16:48.990000010+02:00
1729228623.3899999,4455,0.0,2024-10-18 05:17:03.389999866+00:00,2024-10-18 07:17:03.389999866+02:00
1729228637.79,4455,670400000.0,2024-10-18 05:17:17.789999962+00:00,2024-10-18 07:17:17.789999962+02:00
1729228652.1899998,4455,0.0,2024-10-18 05:17:32.189999819+00:00,2024-10-18 07:17:32.189999819+02:00
1729228666.59,4455,1173200000.0,2024-10-18 05:17:46.589999914+00:00,2024-10-18 07:17:46.589999914+02:00
1729228680.99,4455,1508400000.0,2024-10-18 05:18:00.990000010+00:00,2024-10-18 07:18:00.990000010+02:00
1729228695.3899999,4455,167600000.0,2024-10-18 05:18:15.389999866+00:00,2024-10-18 07:18:15.389999866+02:00
1729228709.79,4455,5698400000.0,2024-10-18 05:18:29.789999962+00:00,2024-10-18 07:18:29.789999962+02:00
1729228724.1899998,4455,0.0,2024-10-18 05:18:44.189999819+00:00,2024-10-18 07:18:44.189999819+02:00
1729228738.59,4455,4273800000.0,2024-10-18 05:18:58.589999914+00:00,2024-10-18 07:18:58.589999914+02:00
1729228752.99,4455,3519600000.0,2024-10-18 05:19:12.990000010+00:00,2024-10-18 07:19:12.990000010+02:00
1729228767.3899999,4455,4692800000.0,2024-10-18 05:19:27.389999866+00:00,2024-10-18 07:19:27.389999866+02:00
1729228781.79,4455,2849200000.0,2024-10-18 05:19:41.789999962+00:00,2024-10-18 07:19:41.789999962+02:00
1729228796.1899998,4455,0.0,2024-10-18 05:19:56.189999819+00:00,2024-10-18 07:19:56.189999819+02:00
1729228810.59,4455,2011200000.0,2024-10-18 05:20:10.589999914+00:00,2024-10-18 07:20:10.589999914+02:00
1729228824.99,4455,0.0,2024-10-18 05:20:24.990000010+00:00,2024-10-18 07:20:24.990000010+02:00
1729228839.3899999,4455,0.0,2024-10-18 05:20:39.389999866+00:00,2024-10-18 07:20:39.389999866+02:00
1729228853.79,4455,2933000000.0,2024-10-18 05:20:53.789999962+00:00,2024-10-18 07:20:53.789999962+02:00
1729228868.1899998,4455,1843600000.0,2024-10-18 05:21:08.189999819+00:00,2024-10-18 07:21:08.189999819+02:00
1729228882.59,4455,83800000.0,2024-10-18 05:21:22.589999914+00:00,2024-10-18 07:21:22.589999914+02:00
1729228896.99,4455,3938600000.0,2024-10-18 05:21:36.990000010+00:00,2024-10-18 07:21:36.990000010+02:00
1729228911.3899999,4455,1508400000.0,2024-10-18 05:21:51.389999866+00:00,2024-10-18 07:21:51.389999866+02:00
1729228925.79,4455,0.0,2024-10-18 05:22:05.789999962+00:00,2024-10-18 07:22:05.789999962+02:00
1729228940.1899998,4455,1676000000.0,2024-10-18 05:22:20.189999819+00:00,2024-10-18 07:22:20.189999819+02:00
1729228954.59,4455,2095000000.0,2024-10-18 05:22:34.589999914+00:00,2024-10-18 07:22:34.589999914+02:00
1729228968.99,4455,0.0,2024-10-18 05:22:48.990000010+00:00,2024-10-18 07:22:48.990000010+02:00
1729228983.3899999,4455,0.0,2024-10-18 05:23:03.389999866+00:00,2024-10-18 07:23:03.389999866+02:00
1729228997.79,4455,0.0,2024-10-18 05:23:17.789999962+00:00,2024-10-18 07:23:17.789999962+02:00
1729229012.1899998,4455,0.0,2024-10-18 05:23:32.189999819+00:00,2024-10-18 07:23:32.189999819+02:00
1729229026.59,4455,0.0,2024-10-18 05:23:46.589999914+00:00,2024-10-18 07:23:46.589999914+02:00
1729229040.99,4455,0.0,2024-10-18 05:24:00.990000010+00:00,2024-10-18 07:24:00.990000010+02:00
1729229055.3899999,4455,921800000.0,2024-10-18 05:24:15.389999866+00:00,2024-10-18 07:24:15.389999866+02:00
1729229069.79,4455,1424600000.0,2024-10-18 05:24:29.789999962+00:00,2024-10-18 07:24:29.789999962+02:00
1729229084.1899998,4455,0.0,2024-10-18 05:24:44.189999819+00:00,2024-10-18 07:24:44.189999819+02:00
1729229098.59,4455,0.0,2024-10-18 05:24:58.589999914+00:00,2024-10-18 07:24:58.589999914+02:00
1729229112.99,4455,0.0,2024-10-18 05:25:12.990000010+00:00,2024-10-18 07:25:12.990000010+02:00
1729229127.3899999,4455,1340800000.0,2024-10-18 05:25:27.389999866+00:00,2024-10-18 07:25:27.389999866+02:00
1729229141.79,4455,0.0,2024-10-18 05:25:41.789999962+00:00,2024-10-18 07:25:41.789999962+02:00
1729229156.1899998,4455,0.0,2024-10-18 05:25:56.189999819+00:00,2024-10-18 07:25:56.189999819+02:00
1729229170.59,4455,1676000000.0,2024-10-18 05:26:10.589999914+00:00,2024-10-18 07:26:10.589999914+02:00
1729229184.99,4455,0.0,2024-10-18 05:26:24.990000010+00:00,2024-10-18 07:26:24.990000010+02:00
1729229199.3899999,4455,0.0,2024-10-18 05:26:39.389999866+00:00,2024-10-18 07:26:39.389999866+02:00
1729229213.79,4455,0.0,2024-10-18 05:26:53.789999962+00:00,2024-10-18 07:26:53.789999962+02:00
1729229228.1899998,4455,4357600000.0,2024-10-18 05:27:08.189999819+00:00,2024-10-18 07:27:08.189999819+02:00
1729229242.59,4455,2095000000.0,2024-10-18 05:27:22.589999914+00:00,2024-10-18 07:27:22.589999914+02:00
1729229256.99,4455,0.0,2024-10-18 05:27:36.990000010+00:00,2024-10-18 07:27:36.990000010+02:00
1729229271.3899999,4455,1257000000.0,2024-10-18 05:27:51.389999866+00:00,2024-10-18 07:27:51.389999866+02:00
1729229285.79,4455,167600000.0,2024-10-18 05:28:05.789999962+00:00,2024-10-18 07:28:05.789999962+02:00
1729229300.1899998,4455,1508400000.0,2024-10-18 05:28:20.189999819+00:00,2024-10-18 07:28:20.189999819+02:00
1729229314.59,4455,4106200000.0,2024-10-18 05:28:34.589999914+00:00,2024-10-18 07:28:34.589999914+02:00
1729229328.99,4455,3687200000.0,2024-10-18 05:28:48.990000010+00:00,2024-10-18 07:28:48.990000010+02:00
1729229343.3899999,4455,0.0,2024-10-18 05:29:03.389999866+00:00,2024-10-18 07:29:03.389999866+02:00
1729229357.79,4455,0.0,2024-10-18 05:29:17.789999962+00:00,2024-10-18 07:29:17.789999962+02:00
1729229372.1899998,4455,0.0,2024-10-18 05:29:32.189999819+00:00,2024-10-18 07:29:32.189999819+02:00
1729229386.59,4455,0.0,2024-10-18 05:29:46.589999914+00:00,2024-10-18 07:29:46.589999914+02:00
1729229400.99,4455,3184400000.0,2024-10-18 05:30:00.990000010+00:00,2024-10-18 07:30:00.990000010+02:00
1729229415.3899999,4455,0.0,2024-10-18 05:30:15.389999866+00:00,2024-10-18 07:30:15.389999866+02:00
1729229429.79,4455,0.0,2024-10-18 05:30:29.789999962+00:00,2024-10-18 07:30:29.789999962+02:00
1729229444.1899998,4455,0.0,2024-10-18 05:30:44.189999819+00:00,2024-10-18 07:30:44.189999819+02:00
1729229458.59,4455,0.0,2024-10-18 05:30:58.589999914+00:00,2024-10-18 07:30:58.589999914+02:00
1729229472.99,4455,3435800000.0,2024-10-18 05:31:12.990000010+00:00,2024-10-18 07:31:12.990000010+02:00
1729229487.3899999,4455,4860400000.0,2024-10-18 05:31:27.389999866+00:00,2024-10-18 07:31:27.389999866+02:00
1729229501.79,4455,0.0,2024-10-18 05:31:41.789999962+00:00,2024-10-18 07:31:41.789999962+02:00
1729229516.1899998,4455,1340800000.0,2024-10-18 05:31:56.189999819+00:00,2024-10-18 07:31:56.189999819+02:00
1729229530.59,4455,0.0,2024-10-18 05:32:10.589999914+00:00,2024-10-18 07:32:10.589999914+02:00
1729229544.99,4455,0.0,2024-10-18 05:32:24.990000010+00:00,2024-10-18 07:32:24.990000010+02:00
1729229559.3899999,4455,167600000.0,2024-10-18 05:32:39.389999866+00:00,2024-10-18 07:32:39.389999866+02:00
1729229573.79,4455,0.0,2024-10-18 05:32:53.789999962+00:00,2024-10-18 07:32:53.789999962+02:00
1729229588.1899998,4455,2095000000.0,2024-10-18 05:33:08.189999819+00:00,2024-10-18 07:33:08.189999819+02:00
1729229602.59,4455,0.0,2024-10-18 05:33:22.589999914+00:00,2024-10-18 07:33:22.589999914+02:00
1729229616.99,4455,0.0,2024-10-18 05:33:36.990000010+00:00,2024-10-18 07:33:36.990000010+02:00
1729229631.3899999,4455,0.0,2024-10-18 05:33:51.389999866+00:00,2024-10-18 07:33:51.389999866+02:00
1729229645.79,4455,2346400000.0,2024-10-18 05:34:05.789999962+00:00,2024-10-18 07:34:05.789999962+02:00
1729229660.1899998,4455,0.0,2024-10-18 05:34:20.189999819+00:00,2024-10-18 07:34:20.189999819+02:00
1729229674.59,4455,0.0,2024-10-18 05:34:34.589999914+00:00,2024-10-18 07:34:34.589999914+02:00
1729229688.99,4455,0.0,2024-10-18 05:34:48.990000010+00:00,2024-10-18 07:34:48.990000010+02:00
1729229703.3899999,4455,0.0,2024-10-18 05:35:03.389999866+00:00,2024-10-18 07:35:03.389999866+02:00
1729229717.79,4455,0.0,2024-10-18 05:35:17.789999962+00:00,2024-10-18 07:35:17.789999962+02:00
1729229732.1899998,4455,251400000.0,2024-10-18 05:35:32.189999819+00:00,2024-10-18 07:35:32.189999819+02:00
1729229746.59,4455,0.0,2024-10-18 05:35:46.589999914+00:00,2024-10-18 07:35:46.589999914+02:00
1729229760.99,4455,1173200000.0,2024-10-18 05:36:00.990000010+00:00,2024-10-18 07:36:00.990000010+02:00
1729229775.3899999,4455,0.0,2024-10-18 05:36:15.389999866+00:00,2024-10-18 07:36:15.389999866+02:00
1729229789.79,4455,2681600000.0,2024-10-18 05:36:29.789999962+00:00,2024-10-18 07:36:29.789999962+02:00
1729229804.1899998,4455,3352000000.0,2024-10-18 05:36:44.189999819+00:00,2024-10-18 07:36:44.189999819+02:00
1729229818.59,4455,0.0,2024-10-18 05:36:58.589999914+00:00,2024-10-18 07:36:58.589999914+02:00
1729229832.99,4455,4609000000.0,2024-10-18 05:37:12.990000010+00:00,2024-10-18 07:37:12.990000010+02:00
1729229847.3899999,4455,2681600000.0,2024-10-18 05:37:27.389999866+00:00,2024-10-18 07:37:27.389999866+02:00
1729229861.79,4455,0.0,2024-10-18 05:37:41.789999962+00:00,2024-10-18 07:37:41.789999962+02:00
1729229876.1899998,4455,1843600000.0,2024-10-18 05:37:56.189999819+00:00,2024-10-18 07:37:56.189999819+02:00
1729229890.59,4455,4609000000.0,2024-10-18 05:38:10.589999914+00:00,2024-10-18 07:38:10.589999914+02:00
1729229904.99,4455,1089400000.0,2024-10-18 05:38:24.990000010+00:00,2024-10-18 07:38:24.990000010+02:00
1729229919.3899999,4455,0.0,2024-10-18 05:38:39.389999866+00:00,2024-10-18 07:38:39.389999866+02:00
1729229933.79,4455,0.0,2024-10-18 05:38:53.789999962+00:00,2024-10-18 07:38:53.789999962+02:00
1729229948.1899998,4455,0.0,2024-10-18 05:39:08.189999819+00:00,2024-10-18 07:39:08.189999819+02:00
1729229962.59,4455,2597800000.0,2024-10-18 05:39:22.589999914+00:00,2024-10-18 07:39:22.589999914+02:00
1729229976.99,4455,0.0,2024-10-18 05:39:36.990000010+00:00,2024-10-18 07:39:36.990000010+02:00
1729229991.3899999,4455,251400000.0,2024-10-18 05:39:51.389999866+00:00,2024-10-18 07:39:51.389999866+02:00
1729230005.79,4455,1173200000.0,2024-10-18 05:40:05.789999962+00:00,2024-10-18 07:40:05.789999962+02:00
1729230020.1899998,4455,0.0,2024-10-18 05:40:20.189999819+00:00,2024-10-18 07:40:20.189999819+02:00
1729230034.59,4455,4273800000.0,2024-10-18 05:40:34.589999914+00:00,2024-10-18 07:40:34.589999914+02:00
1729230048.99,4455,335200000.0,2024-10-18 05:40:48.990000010+00:00,2024-10-18 07:40:48.990000010+02:00
1729230063.3899999,4455,0.0,2024-10-18 05:41:03.389999866+00:00,2024-10-18 07:41:03.389999866+02:00
1729230077.79,4455,2681600000.0,2024-10-18 05:41:17.789999962+00:00,2024-10-18 07:41:17.789999962+02:00
1729230092.1899998,4455,1340800000.0,2024-10-18 05:41:32.189999819+00:00,2024-10-18 07:41:32.189999819+02:00
1729230106.59,4455,0.0,2024-10-18 05:41:46.589999914+00:00,2024-10-18 07:41:46.589999914+02:00
1729230120.99,4455,2346400000.0,2024-10-18 05:42:00.990000010+00:00,2024-10-18 07:42:00.990000010+02:00
1729230135.3899999,4455,0.0,2024-10-18 05:42:15.389999866+00:00,2024-10-18 07:42:15.389999866+02:00
1729230149.79,4455,3771000000.0,2024-10-18 05:42:29.789999962+00:00,2024-10-18 07:42:29.789999962+02:00
1729230164.1899998,4455,0.0,2024-10-18 05:42:44.189999819+00:00,2024-10-18 07:42:44.189999819+02:00
1729230178.59,4455,2346400000.0,2024-10-18 05:42:58.589999914+00:00,2024-10-18 07:42:58.589999914+02:00
1729230192.99,4455,0.0,2024-10-18 05:43:12.990000010+00:00,2024-10-18 07:43:12.990000010+02:00
1729230207.3899999,4455,0.0,2024-10-18 05:43:27.389999866+00:00,2024-10-18 07:43:27.389999866+02:00
1729230221.79,4455,0.0,2024-10-18 05:43:41.789999962+00:00,2024-10-18 07:43:41.789999962+02:00
1729230236.1899998,4455,167600000.0,2024-10-18 05:43:56.189999819+00:00,2024-10-18 07:43:56.189999819+02:00
1729230250.59,4455,1340800000.0,2024-10-18 05:44:10.589999914+00:00,2024-10-18 07:44:10.589999914+02:00
1729230264.99,4455,0.0,2024-10-18 05:44:24.990000010+00:00,2024-10-18 07:44:24.990000010+02:00
1729230279.3899999,4455,0.0,2024-10-18 05:44:39.389999866+00:00,2024-10-18 07:44:39.389999866+02:00
1729230293.79,4455,0.0,2024-10-18 05:44:53.789999962+00:00,2024-10-18 07:44:53.789999962+02:00
1729230308.1899998,4455,0.0,2024-10-18 05:45:08.189999819+00:00,2024-10-18 07:45:08.189999819+02:00
1729230322.59,4455,1005600000.0,2024-10-18 05:45:22.589999914+00:00,2024-10-18 07:45:22.589999914+02:00
1729230336.99,4455,1759800000.0,2024-10-18 05:45:36.990000010+00:00,2024-10-18 07:45:36.990000010+02:00
1729230351.3899999,4455,2095000000.0,2024-10-18 05:45:51.389999866+00:00,2024-10-18 07:45:51.389999866+02:00
1729230365.79,4455,167600000.0,2024-10-18 05:46:05.789999962+00:00,2024-10-18 07:46:05.789999962+02:00
1729230380.1899998,4455,0.0,2024-10-18 05:46:20.189999819+00:00,2024-10-18 07:46:20.189999819+02:00
1729230394.59,4455,0.0,2024-10-18 05:46:34.589999914+00:00,2024-10-18 07:46:34.589999914+02:00
1729230408.99,4455,3352000000.0,2024-10-18 05:46:48.990000010+00:00,2024-10-18 07:46:48.990000010+02:00
1729230423.3899999,4455,0.0,2024-10-18 05:47:03.389999866+00:00,2024-10-18 07:47:03.389999866+02:00
1729230437.79,4455,0.0,2024-10-18 05:47:17.789999962+00:00,2024-10-18 07:47:17.789999962+02:00
1729230452.1899998,4455,2178800000.0,2024-10-18 05:47:32.189999819+00:00,2024-10-18 07:47:32.189999819+02:00
1729230466.59,4455,0.0,2024-10-18 05:47:46.589999914+00:00,2024-10-18 07:47:46.589999914+02:00
1729230480.99,4455,0.0,2024-10-18 05:48:00.990000010+00:00,2024-10-18 07:48:00.990000010+02:00
1729230495.3899999,4455,838000000.0,2024-10-18 05:48:15.389999866+00:00,2024-10-18 07:48:15.389999866+02:00
1729230509.79,4455,5195600000.0,2024-10-18 05:48:29.789999962+00:00,2024-10-18 07:48:29.789999962+02:00
1729230524.1899998,4455,2765400000.0,2024-10-18 05:48:44.189999819+00:00,2024-10-18 07:48:44.189999819+02:00
1729230538.59,4455,0.0,2024-10-18 05:48:58.589999914+00:00,2024-10-18 07:48:58.589999914+02:00
1729230552.99,4455,2011200000.0,2024-10-18 05:49:12.990000010+00:00,2024-10-18 07:49:12.990000010+02:00
1729230567.3899999,4455,335200000.0,2024-10-18 05:49:27.389999866+00:00,2024-10-18 07:49:27.389999866+02:00
1729230581.79,4455,0.0,2024-10-18 05:49:41.789999962+00:00,2024-10-18 07:49:41.789999962+02:00
1729230596.1899998,4455,0.0,2024-10-18 05:49:56.189999819+00:00,2024-10-18 07:49:56.189999819+02:00
1729230610.59,4455,0.0,2024-10-18 05:50:10.589999914+00:00,2024-10-18 07:50:10.589999914+02:00
1729230624.99,4455,3352000000.0,2024-10-18 05:50:24.990000010+00:00,2024-10-18 07:50:24.990000010+02:00
1729230639.3899999,4455,3100600000.0,2024-10-18 05:50:39.389999866+00:00,2024-10-18 07:50:39.389999866+02:00
1729230653.79,4455,1005600000.0,2024-10-18 05:50:53.789999962+00:00,2024-10-18 07:50:53.789999962+02:00
1729230668.1899998,4455,0.0,2024-10-18 05:51:08.189999819+00:00,2024-10-18 07:51:08.189999819+02:00
1729230682.59,4455,1592200000.0,2024-10-18 05:51:22.589999914+00:00,2024-10-18 07:51:22.589999914+02:00
1729230696.99,4455,0.0,2024-10-18 05:51:36.990000010+00:00,2024-10-18 07:51:36.990000010+02:00
1729230711.3899999,4455,1340800000.0,2024-10-18 05:51:51.389999866+00:00,2024-10-18 07:51:51.389999866+02:00
1729230725.79,4455,4944200000.0,2024-10-18 05:52:05.789999962+00:00,2024-10-18 07:52:05.789999962+02:00
1729230740.1899998,4455,4357600000.0,2024-10-18 05:52:20.189999819+00:00,2024-10-18 07:52:20.189999819+02:00
1729230754.59,4455,1173200000.0,2024-10-18 05:52:34.589999914+00:00,2024-10-18 07:52:34.589999914+02:00
1729230768.99,4455,0.0,2024-10-18 05:52:48.990000010+00:00,2024-10-18 07:52:48.990000010+02:00
1729230783.3899999,4455,1927400000.0,2024-10-18 05:53:03.389999866+00:00,2024-10-18 07:53:03.389999866+02:00
1729230797.79,4455,6117400000.0,2024-10-18 05:53:17.789999962+00:00,2024-10-18 07:53:17.789999962+02:00
1729230812.1899998,4455,0.0,2024-10-18 05:53:32.189999819+00:00,2024-10-18 07:53:32.189999819+02:00
1729230826.59,4455,2178800000.0,2024-10-18 05:53:46.589999914+00:00,2024-10-18 07:53:46.589999914+02:00
1729230840.99,4455,0.0,2024-10-18 05:54:00.990000010+00:00,2024-10-18 07:54:00.990000010+02:00
1729230855.3899999,4455,0.0,2024-10-18 05:54:15.389999866+00:00,2024-10-18 07:54:15.389999866+02:00
1729230869.79,4455,0.0,2024-10-18 05:54:29.789999962+00:00,2024-10-18 07:54:29.789999962+02:00
1729230884.1899998,4455,0.0,2024-10-18 05:54:44.189999819+00:00,2024-10-18 07:54:44.189999819+02:00
1729230898.59,4455,0.0,2024-10-18 05:54:58.589999914+00:00,2024-10-18 07:54:58.589999914+02:00
1729230912.99,4455,7877200000.0,2024-10-18 05:55:12.990000010+00:00,2024-10-18 07:55:12.990000010+02:00
1729230927.3899999,4455,0.0,2024-10-18 05:55:27.389999866+00:00,2024-10-18 07:55:27.389999866+02:00
1729230941.79,4455,0.0,2024-10-18 05:55:41.789999962+00:00,2024-10-18 07:55:41.789999962+02:00
1729230956.1899998,4455,3771000000.0,2024-10-18 05:55:56.189999819+00:00,2024-10-18 07:55:56.189999819+02:00
1729230970.59,4455,0.0,2024-10-18 05:56:10.589999914+00:00,2024-10-18 07:56:10.589999914+02:00
1729230984.99,4455,419000000.0,2024-10-18 05:56:24.990000010+00:00,2024-10-18 07:56:24.990000010+02:00
1729230999.3899999,4455,1676000000.0,2024-10-18 05:56:39.389999866+00:00,2024-10-18 07:56:39.389999866+02:00
1729231013.79,4455,0.0,2024-10-18 05:56:53.789999962+00:00,2024-10-18 07:56:53.789999962+02:00
1729231028.1899998,4455,0.0,2024-10-18 05:57:08.189999819+00:00,2024-10-18 07:57:08.189999819+02:00
1729231042.59,4455,3854800000.0,2024-10-18 05:57:22.589999914+00:00,2024-10-18 07:57:22.589999914+02:00
1729231056.99,4455,0.0,2024-10-18 05:57:36.990000010+00:00,2024-10-18 07:57:36.990000010+02:00
1729231071.3899999,4455,2849200000.0,2024-10-18 05:57:51.389999866+00:00,2024-10-18 07:57:51.389999866+02:00
1729231085.79,4455,1676000000.0,2024-10-18 05:58:05.789999962+00:00,2024-10-18 07:58:05.789999962+02:00
1729231100.1899998,4455,0.0,2024-10-18 05:58:20.189999819+00:00,2024-10-18 07:58:20.189999819+02:00
1729231114.59,4455,0.0,2024-10-18 05:58:34.589999914+00:00,2024-10-18 07:58:34.589999914+02:00
1729231128.99,4455,0.0,2024-10-18 05:58:48.990000010+00:00,2024-10-18 07:58:48.990000010+02:00
1729231143.3899999,4455,4190000000.0,2024-10-18 05:59:03.389999866+00:00,2024-10-18 07:59:03.389999866+02:00
1729231157.79,4455,1257000000.0,2024-10-18 05:59:17.789999962+00:00,2024-10-18 07:59:17.789999962+02:00
1729231172.1899998,4455,0.0,2024-10-18 05:59:32.189999819+00:00,2024-10-18 07:59:32.189999819+02:00
1729231186.59,4455,1173200000.0,2024-10-18 05:59:46.589999914+00:00,2024-10-18 07:59:46.589999914+02:00
1729231200.99,4455,2095000000.0,2024-10-18 06:00:00.990000010+00:00,2024-10-18 08:00:00.990000010+02:00
1729231215.3899999,4455,0.0,2024-10-18 06:00:15.389999866+00:00,2024-10-18 08:00:15.389999866+02:00
1729231229.79,4455,3771000000.0,2024-10-18 06:00:29.789999962+00:00,2024-10-18 08:00:29.789999962+02:00
1729231244.1899998,4455,1592200000.0,2024-10-18 06:00:44.189999819+00:00,2024-10-18 08:00:44.189999819+02:00
1729231258.59,4455,0.0,2024-10-18 06:00:58.589999914+00:00,2024-10-18 08:00:58.589999914+02:00
1729231272.99,4455,0.0,2024-10-18 06:01:12.990000010+00:00,2024-10-18 08:01:12.990000010+02:00
1729231287.3899999,4455,4190000000.0,2024-10-18 06:01:27.389999866+00:00,2024-10-18 08:01:27.389999866+02:00
1729231301.79,4455,2095000000.0,2024-10-18 06:01:41.789999962+00:00,2024-10-18 08:01:41.789999962+02:00
1729231316.1899998,4455,0.0,2024-10-18 06:01:56.189999819+00:00,2024-10-18 08:01:56.189999819+02:00
1729231330.59,4455,0.0,2024-10-18 06:02:10.589999914+00:00,2024-10-18 08:02:10.589999914+02:00
1729231344.99,4455,0.0,2024-10-18 06:02:24.990000010+00:00,2024-10-18 08:02:24.990000010+02:00
1729231359.3899999,4455,0.0,2024-10-18 06:02:39.389999866+00:00,2024-10-18 08:02:39.389999866+02:00
1729231373.79,4455,0.0,2024-10-18 06:02:53.789999962+00:00,2024-10-18 08:02:53.789999962+02:00
1729231388.1899998,4455,419000000.0,2024-10-18 06:03:08.189999819+00:00,2024-10-18 08:03:08.189999819+02:00
1729231402.59,4455,921800000.0,2024-10-18 06:03:22.589999914+00:00,2024-10-18 08:03:22.589999914+02:00
1729231416.99,4455,3352000000.0,2024-10-18 06:03:36.990000010+00:00,2024-10-18 08:03:36.990000010+02:00
1729231431.3899999,4455,251400000.0,2024-10-18 06:03:51.389999866+00:00,2024-10-18 08:03:51.389999866+02:00
1729231445.79,4455,0.0,2024-10-18 06:04:05.789999962+00:00,2024-10-18 08:04:05.789999962+02:00
1729231460.1899998,4455,2849200000.0,2024-10-18 06:04:20.189999819+00:00,2024-10-18 08:04:20.189999819+02:00
1729231474.59,4455,167600000.0,2024-10-18 06:04:34.589999914+00:00,2024-10-18 08:04:34.589999914+02:00
1729231488.99,4455,921800000.0,2024-10-18 06:04:48.990000010+00:00,2024-10-18 08:04:48.990000010+02:00
1729231503.3899999,4455,2765400000.0,2024-10-18 06:05:03.389999866+00:00,2024-10-18 08:05:03.389999866+02:00
1729231517.79,4455,3268200000.0,2024-10-18 06:05:17.789999962+00:00,2024-10-18 08:05:17.789999962+02:00
1729231532.1899998,4455,0.0,2024-10-18 06:05:32.189999819+00:00,2024-10-18 08:05:32.189999819+02:00
1729231546.59,4455,2933000000.0,2024-10-18 06:05:46.589999914+00:00,2024-10-18 08:05:46.589999914+02:00
1729231560.99,4455,3687200000.0,2024-10-18 06:06:00.990000010+00:00,2024-10-18 08:06:00.990000010+02:00
1729231575.3899999,4455,0.0,2024-10-18 06:06:15.389999866+00:00,2024-10-18 08:06:15.389999866+02:00
1729231589.79,4455,0.0,2024-10-18 06:06:29.789999962+00:00,2024-10-18 08:06:29.789999962+02:00
1729231604.1899998,4455,0.0,2024-10-18 06:06:44.189999819+00:00,2024-10-18 08:06:44.189999819+02:00
1729231618.59,4455,4776600000.0,2024-10-18 06:06:58.589999914+00:00,2024-10-18 08:06:58.589999914+02:00
1729231632.99,4455,0.0,2024-10-18 06:07:12.990000010+00:00,2024-10-18 08:07:12.990000010+02:00
1729231647.3899999,4455,3184400000.0,2024-10-18 06:07:27.389999866+00:00,2024-10-18 08:07:27.389999866+02:00
1729231661.79,4455,0.0,2024-10-18 06:07:41.789999962+00:00,2024-10-18 08:07:41.789999962+02:00
1729231676.1899998,4455,1257000000.0,2024-10-18 06:07:56.189999819+00:00,2024-10-18 08:07:56.189999819+02:00
1729231690.59,4455,0.0,2024-10-18 06:08:10.589999914+00:00,2024-10-18 08:08:10.589999914+02:00
1729231704.99,4455,0.0,2024-10-18 06:08:24.990000010+00:00,2024-10-18 08:08:24.990000010+02:00
1729231719.3899999,4455,0.0,2024-10-18 06:08:39.389999866+00:00,2024-10-18 08:08:39.389999866+02:00
1729231733.79,4455,1927400000.0,2024-10-18 06:08:53.789999962+00:00,2024-10-18 08:08:53.789999962+02:00
1729231748.1899998,4455,0.0,2024-10-18 06:09:08.189999819+00:00,2024-10-18 08:09:08.189999819+02:00
1729231762.59,4455,1508400000.0,2024-10-18 06:09:22.589999914+00:00,2024-10-18 08:09:22.589999914+02:00
1729231776.99,4455,502800000.0,2024-10-18 06:09:36.990000010+00:00,2024-10-18 08:09:36.990000010+02:00
1729231791.3899999,4455,0.0,2024-10-18 06:09:51.389999866+00:00,2024-10-18 08:09:51.389999866+02:00
1729231805.79,4455,0.0,2024-10-18 06:10:05.789999962+00:00,2024-10-18 08:10:05.789999962+02:00
1729231820.1899998,4455,6704000000.0,2024-10-18 06:10:20.189999819+00:00,2024-10-18 08:10:20.189999819+02:00
1729231834.59,4455,1089400000.0,2024-10-18 06:10:34.589999914+00:00,2024-10-18 08:10:34.589999914+02:00
1729231848.99,4455,0.0,2024-10-18 06:10:48.990000010+00:00,2024-10-18 08:10:48.990000010+02:00
1729231863.3899999,4455,4106200000.0,2024-10-18 06:11:03.389999866+00:00,2024-10-18 08:11:03.389999866+02:00
1729231877.79,4455,251400000.0,2024-10-18 06:11:17.789999962+00:00,2024-10-18 08:11:17.789999962+02:00
1729231892.1899998,4455,0.0,2024-10-18 06:11:32.189999819+00:00,2024-10-18 08:11:32.189999819+02:00
1729231906.59,4455,0.0,2024-10-18 06:11:46.589999914+00:00,2024-10-18 08:11:46.589999914+02:00
1729231920.99,4455,0.0,2024-10-18 06:12:00.990000010+00:00,2024-10-18 08:12:00.990000010+02:00
1729231935.3899999,4455,2514000000.0,2024-10-18 06:12:15.389999866+00:00,2024-10-18 08:12:15.389999866+02:00
1729231949.79,4455,0.0,2024-10-18 06:12:29.789999962+00:00,2024-10-18 08:12:29.789999962+02:00
1729231964.1899998,4455,0.0,2024-10-18 06:12:44.189999819+00:00,2024-10-18 08:12:44.189999819+02:00
1729231978.59,4455,0.0,2024-10-18 06:12:58.589999914+00:00,2024-10-18 08:12:58.589999914+02:00
1729231992.99,4455,0.0,2024-10-18 06:13:12.990000010+00:00,2024-10-18 08:13:12.990000010+02:00
1729232007.3899999,4455,0.0,2024-10-18 06:13:27.389999866+00:00,2024-10-18 08:13:27.389999866+02:00
1729232021.79,4455,1340800000.0,2024-10-18 06:13:41.789999962+00:00,2024-10-18 08:13:41.789999962+02:00
1729232036.1899998,4455,0.0,2024-10-18 06:13:56.189999819+00:00,2024-10-18 08:13:56.189999819+02:00
1729232050.59,4455,0.0,2024-10-18 06:14:10.589999914+00:00,2024-10-18 08:14:10.589999914+02:00
1729232064.99,4455,0.0,2024-10-18 06:14:24.990000010+00:00,2024-10-18 08:14:24.990000010+02:00
1729232079.3899999,4455,0.0,2024-10-18 06:14:39.389999866+00:00,2024-10-18 08:14:39.389999866+02:00
1729232093.79,4455,2597800000.0,2024-10-18 06:14:53.789999962+00:00,2024-10-18 08:14:53.789999962+02:00
1729232108.1899998,4455,5866000000.0,2024-10-18 06:15:08.189999819+00:00,2024-10-18 08:15:08.189999819+02:00
1729232122.59,4455,0.0,2024-10-18 06:15:22.589999914+00:00,2024-10-18 08:15:22.589999914+02:00
1729232136.99,4455,0.0,2024-10-18 06:15:36.990000010+00:00,2024-10-18 08:15:36.990000010+02:00
1729232151.3899999,4455,167600000.0,2024-10-18 06:15:51.389999866+00:00,2024-10-18 08:15:51.389999866+02:00
1729232165.79,4455,0.0,2024-10-18 06:16:05.789999962+00:00,2024-10-18 08:16:05.789999962+02:00
1729232180.1899998,4455,0.0,2024-10-18 06:16:20.189999819+00:00,2024-10-18 08:16:20.189999819+02:00
1729232194.59,4455,0.0,2024-10-18 06:16:34.589999914+00:00,2024-10-18 08:16:34.589999914+02:00
1729232208.99,4455,83800000.0,2024-10-18 06:16:48.990000010+00:00,2024-10-18 08:16:48.990000010+02:00
1729232223.3899999,4455,2095000000.0,2024-10-18 06:17:03.389999866+00:00,2024-10-18 08:17:03.389999866+02:00
1729232237.79,4455,1927400000.0,2024-10-18 06:17:17.789999962+00:00,2024-10-18 08:17:17.789999962+02:00
1729232252.1899998,4455,0.0,2024-10-18 06:17:32.189999819+00:00,2024-10-18 08:17:32.189999819+02:00
1729232266.59,4455,0.0,2024-10-18 06:17:46.589999914+00:00,2024-10-18 08:17:46.589999914+02:00
1729232280.99,4455,0.0,2024-10-18 06:18:00.990000010+00:00,2024-10-18 08:18:00.990000010+02:00
1729232295.3899999,4455,0.0,2024-10-18 06:18:15.389999866+00:00,2024-10-18 08:18:15.389999866+02:00
1729232309.79,4455,0.0,2024-10-18 06:18:29.789999962+00:00,2024-10-18 08:18:29.789999962+02:00
1729232324.1899998,4455,0.0,2024-10-18 06:18:44.189999819+00:00,2024-10-18 08:18:44.189999819+02:00
1729232338.59,4455,1089400000.0,2024-10-18 06:18:58.589999914+00:00,2024-10-18 08:18:58.589999914+02:00
1729232352.99,4455,0.0,2024-10-18 06:19:12.990000010+00:00,2024-10-18 08:19:12.990000010+02:00
1729232367.3899999,4455,0.0,2024-10-18 06:19:27.389999866+00:00,2024-10-18 08:19:27.389999866+02:00
1729232381.79,4455,167600000.0,2024-10-18 06:19:41.789999962+00:00,2024-10-18 08:19:41.789999962+02:00
1729232396.1899998,4455,0.0,2024-10-18 06:19:56.189999819+00:00,2024-10-18 08:19:56.189999819+02:00
1729232410.59,4455,3184400000.0,2024-10-18 06:20:10.589999914+00:00,2024-10-18 08:20:10.589999914+02:00
1729232424.99,4455,502800000.0,2024-10-18 06:20:24.990000010+00:00,2024-10-18 08:20:24.990000010+02:00
1729232439.3899999,4455,0.0,2024-10-18 06:20:39.389999866+00:00,2024-10-18 08:20:39.389999866+02:00
1729232453.79,4455,1424600000.0,2024-10-18 06:20:53.789999962+00:00,2024-10-18 08:20:53.789999962+02:00
1729232468.1899998,4455,0.0,2024-10-18 06:21:08.189999819+00:00,2024-10-18 08:21:08.189999819+02:00
1729232482.59,4455,0.0,2024-10-18 06:21:22.589999914+00:00,2024-10-18 08:21:22.589999914+02:00
1729232496.99,4455,0.0,2024-10-18 06:21:36.990000010+00:00,2024-10-18 08:21:36.990000010+02:00
1729232511.3899999,4455,0.0,2024-10-18 06:21:51.389999866+00:00,2024-10-18 08:21:51.389999866+02:00
1729232525.79,4455,0.0,2024-10-18 06:22:05.789999962+00:00,2024-10-18 08:22:05.789999962+02:00
1729232540.1899998,4455,1005600000.0,2024-10-18 06:22:20.189999819+00:00,2024-10-18 08:22:20.189999819+02:00
1729232554.59,4455,4525200000.0,2024-10-18 06:22:34.589999914+00:00,2024-10-18 08:22:34.589999914+02:00
1729232568.99,4455,754200000.0,2024-10-18 06:22:48.990000010+00:00,2024-10-18 08:22:48.990000010+02:00
1729232583.3899999,4455,0.0,2024-10-18 06:23:03.389999866+00:00,2024-10-18 08:23:03.389999866+02:00
1729232597.79,4455,0.0,2024-10-18 06:23:17.789999962+00:00,2024-10-18 08:23:17.789999962+02:00
1729232612.1899998,4455,0.0,2024-10-18 06:23:32.189999819+00:00,2024-10-18 08:23:32.189999819+02:00
1729232626.59,4455,0.0,2024-10-18 06:23:46.589999914+00:00,2024-10-18 08:23:46.589999914+02:00
1729232640.99,4455,167600000.0,2024-10-18 06:24:00.990000010+00:00,2024-10-18 08:24:00.990000010+02:00
1729232655.3899999,4455,0.0,2024-10-18 06:24:15.389999866+00:00,2024-10-18 08:24:15.389999866+02:00
1729232669.79,4455,0.0,2024-10-18 06:24:29.789999962+00:00,2024-10-18 08:24:29.789999962+02:00
1729232684.1899998,4455,0.0,2024-10-18 06:24:44.189999819+00:00,2024-10-18 08:24:44.189999819+02:00
1729232698.59,4455,0.0,2024-10-18 06:24:58.589999914+00:00,2024-10-18 08:24:58.589999914+02:00
1729232712.99,4455,0.0,2024-10-18 06:25:12.990000010+00:00,2024-10-18 08:25:12.990000010+02:00
1729232727.3899999,4455,2597800000.0,2024-10-18 06:25:27.389999866+00:00,2024-10-18 08:25:27.389999866+02:00
1729232741.79,4455,0.0,2024-10-18 06:25:41.789999962+00:00,2024-10-18 08:25:41.789999962+02:00
1729232756.1899998,4455,0.0,2024-10-18 06:25:56.189999819+00:00,2024-10-18 08:25:56.189999819+02:00
1729232770.59,4455,1340800000.0,2024-10-18 06:26:10.589999914+00:00,2024-10-18 08:26:10.589999914+02:00
1729232784.99,4455,3603400000.0,2024-10-18 06:26:24.990000010+00:00,2024-10-18 08:26:24.990000010+02:00
1729232799.3899999,4455,1759800000.0,2024-10-18 06:26:39.389999866+00:00,2024-10-18 08:26:39.389999866+02:00
1729232813.79,4455,0.0,2024-10-18 06:26:53.789999962+00:00,2024-10-18 08:26:53.789999962+02:00
1729232828.1899998,4455,0.0,2024-10-18 06:27:08.189999819+00:00,2024-10-18 08:27:08.189999819+02:00
1729232842.59,4455,251400000.0,2024-10-18 06:27:22.589999914+00:00,2024-10-18 08:27:22.589999914+02:00
1729232856.99,4455,2597800000.0,2024-10-18 06:27:36.990000010+00:00,2024-10-18 08:27:36.990000010+02:00
1729232871.3899999,4455,251400000.0,2024-10-18 06:27:51.389999866+00:00,2024-10-18 08:27:51.389999866+02:00
1729232885.79,4455,0.0,2024-10-18 06:28:05.789999962+00:00,2024-10-18 08:28:05.789999962+02:00
1729232900.1899998,4455,0.0,2024-10-18 06:28:20.189999819+00:00,2024-10-18 08:28:20.189999819+02:00
1729232914.59,4455,0.0,2024-10-18 06:28:34.589999914+00:00,2024-10-18 08:28:34.589999914+02:00
1729232928.99,4455,670400000.0,2024-10-18 06:28:48.990000010+00:00,2024-10-18 08:28:48.990000010+02:00
1729232943.3899999,4455,0.0,2024-10-18 06:29:03.389999866+00:00,2024-10-18 08:29:03.389999866+02:00
1729232957.79,4455,0.0,2024-10-18 06:29:17.789999962+00:00,2024-10-18 08:29:17.789999962+02:00
1729232972.1899998,4455,2681600000.0,2024-10-18 06:29:32.189999819+00:00,2024-10-18 08:29:32.189999819+02:00
1729232986.59,4455,0.0,2024-10-18 06:29:46.589999914+00:00,2024-10-18 08:29:46.589999914+02:00
1729233000.99,4455,0.0,2024-10-18 06:30:00.990000010+00:00,2024-10-18 08:30:00.990000010+02:00
1729233015.3899999,4455,1592200000.0,2024-10-18 06:30:15.389999866+00:00,2024-10-18 08:30:15.389999866+02:00
1729233029.79,4455,3771000000.0,2024-10-18 06:30:29.789999962+00:00,2024-10-18 08:30:29.789999962+02:00
1729233044.1899998,4455,4441400000.0,2024-10-18 06:30:44.189999819+00:00,2024-10-18 08:30:44.189999819+02:00
1729233058.59,4455,0.0,2024-10-18 06:30:58.589999914+00:00,2024-10-18 08:30:58.589999914+02:00
1729233072.99,4455,0.0,2024-10-18 06:31:12.990000010+00:00,2024-10-18 08:31:12.990000010+02:00
1729233087.3899999,4455,335200000.0,2024-10-18 06:31:27.389999866+00:00,2024-10-18 08:31:27.389999866+02:00
1729233101.79,4455,0.0,2024-10-18 06:31:41.789999962+00:00,2024-10-18 08:31:41.789999962+02:00
1729233116.1899998,4455,1005600000.0,2024-10-18 06:31:56.189999819+00:00,2024-10-18 08:31:56.189999819+02:00
1729233130.59,4455,0.0,2024-10-18 06:32:10.589999914+00:00,2024-10-18 08:32:10.589999914+02:00
1729233144.99,4455,0.0,2024-10-18 06:32:24.990000010+00:00,2024-10-18 08:32:24.990000010+02:00
1729233159.3899999,4455,0.0,2024-10-18 06:32:39.389999866+00:00,2024-10-18 08:32:39.389999866+02:00
1729233173.79,4455,2514000000.0,2024-10-18 06:32:53.789999962+00:00,2024-10-18 08:32:53.789999962+02:00
1729233188.1899998,4455,1592200000.0,2024-10-18 06:33:08.189999819+00:00,2024-10-18 08:33:08.189999819+02:00
1729233202.59,4455,0.0,2024-10-18 06:33:22.589999914+00:00,2024-10-18 08:33:22.589999914+02:00
1729233216.99,4455,83800000.0,2024-10-18 06:33:36.990000010+00:00,2024-10-18 08:33:36.990000010+02:00
1729233231.3899999,4455,1592200000.0,2024-10-18 06:33:51.389999866+00:00,2024-10-18 08:33:51.389999866+02:00
1729233245.79,4455,6955400000.0,2024-10-18 06:34:05.789999962+00:00,2024-10-18 08:34:05.789999962+02:00
1729233260.1899998,4455,0.0,2024-10-18 06:34:20.189999819+00:00,2024-10-18 08:34:20.189999819+02:00
1729233274.59,4455,0.0,2024-10-18 06:34:34.589999914+00:00,2024-10-18 08:34:34.589999914+02:00
1729233288.99,4455,4525200000.0,2024-10-18 06:34:48.990000010+00:00,2024-10-18 08:34:48.990000010+02:00
1729233303.3899999,4455,1089400000.0,2024-10-18 06:35:03.389999866+00:00,2024-10-18 08:35:03.389999866+02:00
1729233317.79,4455,0.0,2024-10-18 06:35:17.789999962+00:00,2024-10-18 08:35:17.789999962+02:00
1729233332.1899998,4455,5782200000.0,2024-10-18 06:35:32.189999819+00:00,2024-10-18 08:35:32.189999819+02:00
1729233346.59,4455,1340800000.0,2024-10-18 06:35:46.589999914+00:00,2024-10-18 08:35:46.589999914+02:00
1729233360.99,4455,1005600000.0,2024-10-18 06:36:00.990000010+00:00,2024-10-18 08:36:00.990000010+02:00
1729233375.3899999,4455,1257000000.0,2024-10-18 06:36:15.389999866+00:00,2024-10-18 08:36:15.389999866+02:00
1729233389.79,4455,1676000000.0,2024-10-18 06:36:29.789999962+00:00,2024-10-18 08:36:29.789999962+02:00
1729233404.1899998,4455,1005600000.0,2024-10-18 06:36:44.189999819+00:00,2024-10-18 08:36:44.189999819+02:00
1729233418.59,4455,1005600000.0,2024-10-18 06:36:58.589999914+00:00,2024-10-18 08:36:58.589999914+02:00
1729233432.99,4455,0.0,2024-10-18 06:37:12.990000010+00:00,2024-10-18 08:37:12.990000010+02:00
1729233447.3899999,4455,167600000.0,2024-10-18 06:37:27.389999866+00:00,2024-10-18 08:37:27.389999866+02:00
1729233461.79,4455,1173200000.0,2024-10-18 06:37:41.789999962+00:00,2024-10-18 08:37:41.789999962+02:00
1729233476.1899998,4455,251400000.0,2024-10-18 06:37:56.189999819+00:00,2024-10-18 08:37:56.189999819+02:00
1729233490.59,4455,0.0,2024-10-18 06:38:10.589999914+00:00,2024-10-18 08:38:10.589999914+02:00
1729233504.99,4455,167600000.0,2024-10-18 06:38:24.990000010+00:00,2024-10-18 08:38:24.990000010+02:00
1729233519.3899999,4455,6033600000.0,2024-10-18 06:38:39.389999866+00:00,2024-10-18 08:38:39.389999866+02:00
1729233533.79,4455,0.0,2024-10-18 06:38:53.789999962+00:00,2024-10-18 08:38:53.789999962+02:00
1729233548.1899998,4455,0.0,2024-10-18 06:39:08.189999819+00:00,2024-10-18 08:39:08.189999819+02:00
1729233562.59,4455,0.0,2024-10-18 06:39:22.589999914+00:00,2024-10-18 08:39:22.589999914+02:00
1729233576.99,4455,754200000.0,2024-10-18 06:39:36.990000010+00:00,2024-10-18 08:39:36.990000010+02:00
1729233591.3899999,4455,0.0,2024-10-18 06:39:51.389999866+00:00,2024-10-18 08:39:51.389999866+02:00
1729233605.79,4455,0.0,2024-10-18 06:40:05.789999962+00:00,2024-10-18 08:40:05.789999962+02:00
1729233620.1899998,4455,0.0,2024-10-18 06:40:20.189999819+00:00,2024-10-18 08:40:20.189999819+02:00
1729233634.59,4455,0.0,2024-10-18 06:40:34.589999914+00:00,2024-10-18 08:40:34.589999914+02:00
1729233648.99,4455,0.0,2024-10-18 06:40:48.990000010+00:00,2024-10-18 08:40:48.990000010+02:00
1729233663.3899999,4455,0.0,2024-10-18 06:41:03.389999866+00:00,2024-10-18 08:41:03.389999866+02:00
1729233677.79,4455,0.0,2024-10-18 06:41:17.789999962+00:00,2024-10-18 08:41:17.789999962+02:00
1729233692.1899998,4455,0.0,2024-10-18 06:41:32.189999819+00:00,2024-10-18 08:41:32.189999819+02:00
1729233706.59,4455,0.0,2024-10-18 06:41:46.589999914+00:00,2024-10-18 08:41:46.589999914+02:00
1729233720.99,4455,0.0,2024-10-18 06:42:00.990000010+00:00,2024-10-18 08:42:00.990000010+02:00
1729233735.3899999,4455,1424600000.0,2024-10-18 06:42:15.389999866+00:00,2024-10-18 08:42:15.389999866+02:00
1729233749.79,4455,0.0,2024-10-18 06:42:29.789999962+00:00,2024-10-18 08:42:29.789999962+02:00
1729233764.1899998,4455,0.0,2024-10-18 06:42:44.189999819+00:00,2024-10-18 08:42:44.189999819+02:00
1729233778.59,4455,0.0,2024-10-18 06:42:58.589999914+00:00,2024-10-18 08:42:58.589999914+02:00
1729233792.99,4455,419000000.0,2024-10-18 06:43:12.990000010+00:00,2024-10-18 08:43:12.990000010+02:00
1729233807.3899999,4455,83800000.0,2024-10-18 06:43:27.389999866+00:00,2024-10-18 08:43:27.389999866+02:00
1729233821.79,4455,0.0,2024-10-18 06:43:41.789999962+00:00,2024-10-18 08:43:41.789999962+02:00
1729233836.1899998,4455,0.0,2024-10-18 06:43:56.189999819+00:00,2024-10-18 08:43:56.189999819+02:00
1729233850.59,4455,0.0,2024-10-18 06:44:10.589999914+00:00,2024-10-18 08:44:10.589999914+02:00
1729233864.99,4455,0.0,2024-10-18 06:44:24.990000010+00:00,2024-10-18 08:44:24.990000010+02:00
1729233879.3899999,4455,1173200000.0,2024-10-18 06:44:39.389999866+00:00,2024-10-18 08:44:39.389999866+02:00
1729233893.79,4455,921800000.0,2024-10-18 06:44:53.789999962+00:00,2024-10-18 08:44:53.789999962+02:00
1729233908.1899998,4455,0.0,2024-10-18 06:45:08.189999819+00:00,2024-10-18 08:45:08.189999819+02:00
1729233922.59,4455,0.0,2024-10-18 06:45:22.589999914+00:00,2024-10-18 08:45:22.589999914+02:00
1729233936.99,4455,0.0,2024-10-18 06:45:36.990000010+00:00,2024-10-18 08:45:36.990000010+02:00
1729233951.3899999,4455,0.0,2024-10-18 06:45:51.389999866+00:00,2024-10-18 08:45:51.389999866+02:00
1729233965.79,4455,1676000000.0,2024-10-18 06:46:05.789999962+00:00,2024-10-18 08:46:05.789999962+02:00
1729233980.1899998,4455,0.0,2024-10-18 06:46:20.189999819+00:00,2024-10-18 08:46:20.189999819+02:00
1729233994.59,4455,0.0,2024-10-18 06:46:34.589999914+00:00,2024-10-18 08:46:34.589999914+02:00
1729234008.99,4455,83800000.0,2024-10-18 06:46:48.990000010+00:00,2024-10-18 08:46:48.990000010+02:00
1729234023.3899999,4455,0.0,2024-10-18 06:47:03.389999866+00:00,2024-10-18 08:47:03.389999866+02:00
1729234037.79,4455,2178800000.0,2024-10-18 06:47:17.789999962+00:00,2024-10-18 08:47:17.789999962+02:00
1729234052.1899998,4455,1005600000.0,2024-10-18 06:47:32.189999819+00:00,2024-10-18 08:47:32.189999819+02:00
1729234066.59,4455,5028000000.0,2024-10-18 06:47:46.589999914+00:00,2024-10-18 08:47:46.589999914+02:00
1729234080.99,4455,3771000000.0,2024-10-18 06:48:00.990000010+00:00,2024-10-18 08:48:00.990000010+02:00
1729234095.3899999,4455,0.0,2024-10-18 06:48:15.389999866+00:00,2024-10-18 08:48:15.389999866+02:00
1729234109.79,4455,0.0,2024-10-18 06:48:29.789999962+00:00,2024-10-18 08:48:29.789999962+02:00
1729234124.1899998,4455,0.0,2024-10-18 06:48:44.189999819+00:00,2024-10-18 08:48:44.189999819+02:00
1729234138.59,4455,1173200000.0,2024-10-18 06:48:58.589999914+00:00,2024-10-18 08:48:58.589999914+02:00
1729234152.99,4455,1592200000.0,2024-10-18 06:49:12.990000010+00:00,2024-10-18 08:49:12.990000010+02:00
1729234167.3899999,4455,0.0,2024-10-18 06:49:27.389999866+00:00,2024-10-18 08:49:27.389999866+02:00
1729234181.79,4455,0.0,2024-10-18 06:49:41.789999962+00:00,2024-10-18 08:49:41.789999962+02:00
1729234196.1899998,4455,0.0,2024-10-18 06:49:56.189999819+00:00,2024-10-18 08:49:56.189999819+02:00
1729234210.59,4455,0.0,2024-10-18 06:50:10.589999914+00:00,2024-10-18 08:50:10.589999914+02:00
1729234224.99,4455,0.0,2024-10-18 06:50:24.990000010+00:00,2024-10-18 08:50:24.990000010+02:00
1729234239.3899999,4455,3184400000.0,2024-10-18 06:50:39.389999866+00:00,2024-10-18 08:50:39.389999866+02:00
1729234253.79,4455,1424600000.0,2024-10-18 06:50:53.789999962+00:00,2024-10-18 08:50:53.789999962+02:00
1729234268.1899998,4455,0.0,2024-10-18 06:51:08.189999819+00:00,2024-10-18 08:51:08.189999819+02:00
1729234282.59,4455,1340800000.0,2024-10-18 06:51:22.589999914+00:00,2024-10-18 08:51:22.589999914+02:00
1729234296.99,4455,0.0,2024-10-18 06:51:36.990000010+00:00,2024-10-18 08:51:36.990000010+02:00
1729234311.3899999,4455,3268200000.0,2024-10-18 06:51:51.389999866+00:00,2024-10-18 08:51:51.389999866+02:00
1729234325.79,4455,2514000000.0,2024-10-18 06:52:05.789999962+00:00,2024-10-18 08:52:05.789999962+02:00
1729234340.1899998,4455,0.0,2024-10-18 06:52:20.189999819+00:00,2024-10-18 08:52:20.189999819+02:00
1729234354.59,4455,0.0,2024-10-18 06:52:34.589999914+00:00,2024-10-18 08:52:34.589999914+02:00
1729234368.99,4455,0.0,2024-10-18 06:52:48.990000010+00:00,2024-10-18 08:52:48.990000010+02:00
1729234383.3899999,4455,2095000000.0,2024-10-18 06:53:03.389999866+00:00,2024-10-18 08:53:03.389999866+02:00
1729234397.79,4455,0.0,2024-10-18 06:53:17.789999962+00:00,2024-10-18 08:53:17.789999962+02:00
1729234412.1899998,4455,0.0,2024-10-18 06:53:32.189999819+00:00,2024-10-18 08:53:32.189999819+02:00
1729234426.59,4455,0.0,2024-10-18 06:53:46.589999914+00:00,2024-10-18 08:53:46.589999914+02:00
1729234440.99,4455,0.0,2024-10-18 06:54:00.990000010+00:00,2024-10-18 08:54:00.990000010+02:00
1729234455.3899999,4455,0.0,2024-10-18 06:54:15.389999866+00:00,2024-10-18 08:54:15.389999866+02:00
1729234469.79,4455,0.0,2024-10-18 06:54:29.789999962+00:00,2024-10-18 08:54:29.789999962+02:00
1729234484.1899998,4455,2346400000.0,2024-10-18 06:54:44.189999819+00:00,2024-10-18 08:54:44.189999819+02:00
1729234498.59,4455,1759800000.0,2024-10-18 06:54:58.589999914+00:00,2024-10-18 08:54:58.589999914+02:00
1729234512.99,4455,1508400000.0,2024-10-18 06:55:12.990000010+00:00,2024-10-18 08:55:12.990000010+02:00
1729234527.3899999,4455,2765400000.0,2024-10-18 06:55:27.389999866+00:00,2024-10-18 08:55:27.389999866+02:00
1729234541.79,4455,1843600000.0,2024-10-18 06:55:41.789999962+00:00,2024-10-18 08:55:41.789999962+02:00
1729234556.1899998,4455,0.0,2024-10-18 06:55:56.189999819+00:00,2024-10-18 08:55:56.189999819+02:00
1729234570.59,4455,2849200000.0,2024-10-18 06:56:10.589999914+00:00,2024-10-18 08:56:10.589999914+02:00
1729234584.99,4455,0.0,2024-10-18 06:56:24.990000010+00:00,2024-10-18 08:56:24.990000010+02:00
1729234599.3899999,4455,1005600000.0,2024-10-18 06:56:39.389999866+00:00,2024-10-18 08:56:39.389999866+02:00
1729234613.79,4455,838000000.0,2024-10-18 06:56:53.789999962+00:00,2024-10-18 08:56:53.789999962+02:00
1729234628.1899998,4455,0.0,2024-10-18 06:57:08.189999819+00:00,2024-10-18 08:57:08.189999819+02:00
1729234642.59,4455,0.0,2024-10-18 06:57:22.589999914+00:00,2024-10-18 08:57:22.589999914+02:00
1729234656.99,4455,0.0,2024-10-18 06:57:36.990000010+00:00,2024-10-18 08:57:36.990000010+02:00
1729234671.3899999,4455,0.0,2024-10-18 06:57:51.389999866+00:00,2024-10-18 08:57:51.389999866+02:00
1729234685.79,4455,0.0,2024-10-18 06:58:05.789999962+00:00,2024-10-18 08:58:05.789999962+02:00
1729234700.1899998,4455,1759800000.0,2024-10-18 06:58:20.189999819+00:00,2024-10-18 08:58:20.189999819+02:00
1729234714.59,4455,0.0,2024-10-18 06:58:34.589999914+00:00,2024-10-18 08:58:34.589999914+02:00
1729234728.99,4455,1340800000.0,2024-10-18 06:58:48.990000010+00:00,2024-10-18 08:58:48.990000010+02:00
1729234743.3899999,4455,3435800000.0,2024-10-18 06:59:03.389999866+00:00,2024-10-18 08:59:03.389999866+02:00
1729234757.79,4455,1927400000.0,2024-10-18 06:59:17.789999962+00:00,2024-10-18 08:59:17.789999962+02:00
1729234772.1899998,4455,0.0,2024-10-18 06:59:32.189999819+00:00,2024-10-18 08:59:32.189999819+02:00
1729234786.59,4455,0.0,2024-10-18 06:59:46.589999914+00:00,2024-10-18 08:59:46.589999914+02:00
1729234800.99,4455,0.0,2024-10-18 07:00:00.990000010+00:00,2024-10-18 09:00:00.990000010+02:00
1729234815.3899999,4455,0.0,2024-10-18 07:00:15.389999866+00:00,2024-10-18 09:00:15.389999866+02:00
1729234829.79,4455,0.0,2024-10-18 07:00:29.789999962+00:00,2024-10-18 09:00:29.789999962+02:00
1729234844.1899998,4455,3687200000.0,2024-10-18 07:00:44.189999819+00:00,2024-10-18 09:00:44.189999819+02:00
1729234858.59,4455,2095000000.0,2024-10-18 07:00:58.589999914+00:00,2024-10-18 09:00:58.589999914+02:00
1729234872.99,4455,2430200000.0,2024-10-18 07:01:12.990000010+00:00,2024-10-18 09:01:12.990000010+02:00
1729234887.3899999,4455,0.0,2024-10-18 07:01:27.389999866+00:00,2024-10-18 09:01:27.389999866+02:00
1729234901.79,4455,5195600000.0,2024-10-18 07:01:41.789999962+00:00,2024-10-18 09:01:41.789999962+02:00
1729234916.1899998,4455,3519600000.0,2024-10-18 07:01:56.189999819+00:00,2024-10-18 09:01:56.189999819+02:00
1729234930.59,4455,1173200000.0,2024-10-18 07:02:10.589999914+00:00,2024-10-18 09:02:10.589999914+02:00
1729234944.99,4455,0.0,2024-10-18 07:02:24.990000010+00:00,2024-10-18 09:02:24.990000010+02:00
1729234959.3899999,4455,2933000000.0,2024-10-18 07:02:39.389999866+00:00,2024-10-18 09:02:39.389999866+02:00
1729234973.79,4455,335200000.0,2024-10-18 07:02:53.789999962+00:00,2024-10-18 09:02:53.789999962+02:00
1729234988.1899998,4455,3771000000.0,2024-10-18 07:03:08.189999819+00:00,2024-10-18 09:03:08.189999819+02:00
1729235002.59,4455,2178800000.0,2024-10-18 07:03:22.589999914+00:00,2024-10-18 09:03:22.589999914+02:00
1729235016.99,4455,1424600000.0,2024-10-18 07:03:36.990000010+00:00,2024-10-18 09:03:36.990000010+02:00
1729235031.3899999,4455,0.0,2024-10-18 07:03:51.389999866+00:00,2024-10-18 09:03:51.389999866+02:00
1729235045.79,4455,3938600000.0,2024-10-18 07:04:05.789999962+00:00,2024-10-18 09:04:05.789999962+02:00
1729235060.1899998,4455,1340800000.0,2024-10-18 07:04:20.189999819+00:00,2024-10-18 09:04:20.189999819+02:00
1729235074.59,4455,0.0,2024-10-18 07:04:34.589999914+00:00,2024-10-18 09:04:34.589999914+02:00
1729235088.99,4455,0.0,2024-10-18 07:04:48.990000010+00:00,2024-10-18 09:04:48.990000010+02:00
1729235103.3899999,4455,3603400000.0,2024-10-18 07:05:03.389999866+00:00,2024-10-18 09:05:03.389999866+02:00
1729235117.79,4455,1843600000.0,2024-10-18 07:05:17.789999962+00:00,2024-10-18 09:05:17.789999962+02:00
1729235132.1899998,4455,921800000.0,2024-10-18 07:05:32.189999819+00:00,2024-10-18 09:05:32.189999819+02:00
1729235146.59,4455,0.0,2024-10-18 07:05:46.589999914+00:00,2024-10-18 09:05:46.589999914+02:00
1729235160.99,4455,3854800000.0,2024-10-18 07:06:00.990000010+00:00,2024-10-18 09:06:00.990000010+02:00
1729235175.3899999,4455,3352000000.0,2024-10-18 07:06:15.389999866+00:00,2024-10-18 09:06:15.389999866+02:00
1729235189.79,4455,167600000.0,2024-10-18 07:06:29.789999962+00:00,2024-10-18 09:06:29.789999962+02:00
1729235204.1899998,4455,0.0,2024-10-18 07:06:44.189999819+00:00,2024-10-18 09:06:44.189999819+02:00
1729235218.59,4455,0.0,2024-10-18 07:06:58.589999914+00:00,2024-10-18 09:06:58.589999914+02:00
1729235232.99,4455,3435800000.0,2024-10-18 07:07:12.990000010+00:00,2024-10-18 09:07:12.990000010+02:00
1729235247.3899999,4455,670400000.0,2024-10-18 07:07:27.389999866+00:00,2024-10-18 09:07:27.389999866+02:00
1729235261.79,4455,0.0,2024-10-18 07:07:41.789999962+00:00,2024-10-18 09:07:41.789999962+02:00
1729235276.1899998,4455,0.0,2024-10-18 07:07:56.189999819+00:00,2024-10-18 09:07:56.189999819+02:00
1729235290.59,4455,167600000.0,2024-10-18 07:08:10.589999914+00:00,2024-10-18 09:08:10.589999914+02:00
1729235304.99,4455,2933000000.0,2024-10-18 07:08:24.990000010+00:00,2024-10-18 09:08:24.990000010+02:00
1729235319.3899999,4455,0.0,2024-10-18 07:08:39.389999866+00:00,2024-10-18 09:08:39.389999866+02:00
1729235333.79,4455,0.0,2024-10-18 07:08:53.789999962+00:00,2024-10-18 09:08:53.789999962+02:00
1729235348.1899998,4455,2011200000.0,2024-10-18 07:09:08.189999819+00:00,2024-10-18 09:09:08.189999819+02:00
1729235362.59,4455,0.0,2024-10-18 07:09:22.589999914+00:00,2024-10-18 09:09:22.589999914+02:00
1729235376.99,4455,2095000000.0,2024-10-18 07:09:36.990000010+00:00,2024-10-18 09:09:36.990000010+02:00
1729235391.3899999,4455,251400000.0,2024-10-18 07:09:51.389999866+00:00,2024-10-18 09:09:51.389999866+02:00
1729235405.79,4455,1257000000.0,2024-10-18 07:10:05.789999962+00:00,2024-10-18 09:10:05.789999962+02:00
1729235420.1899998,4455,0.0,2024-10-18 07:10:20.189999819+00:00,2024-10-18 09:10:20.189999819+02:00
1729235434.59,4455,1843600000.0,2024-10-18 07:10:34.589999914+00:00,2024-10-18 09:10:34.589999914+02:00
1729235448.99,4455,4441400000.0,2024-10-18 07:10:48.990000010+00:00,2024-10-18 09:10:48.990000010+02:00
1729235463.3899999,4455,1676000000.0,2024-10-18 07:11:03.389999866+00:00,2024-10-18 09:11:03.389999866+02:00
1729235477.79,4455,0.0,2024-10-18 07:11:17.789999962+00:00,2024-10-18 09:11:17.789999962+02:00
1729235492.1899998,4455,1759800000.0,2024-10-18 07:11:32.189999819+00:00,2024-10-18 09:11:32.189999819+02:00
1729235506.59,4455,0.0,2024-10-18 07:11:46.589999914+00:00,2024-10-18 09:11:46.589999914+02:00
1729235520.99,4455,670400000.0,2024-10-18 07:12:00.990000010+00:00,2024-10-18 09:12:00.990000010+02:00
1729235535.3899999,4455,0.0,2024-10-18 07:12:15.389999866+00:00,2024-10-18 09:12:15.389999866+02:00
1729235549.79,4455,3603400000.0,2024-10-18 07:12:29.789999962+00:00,2024-10-18 09:12:29.789999962+02:00
1729235564.1899998,4455,2095000000.0,2024-10-18 07:12:44.189999819+00:00,2024-10-18 09:12:44.189999819+02:00
1729235578.59,4455,1173200000.0,2024-10-18 07:12:58.589999914+00:00,2024-10-18 09:12:58.589999914+02:00
1729235592.99,4455,3016800000.0,2024-10-18 07:13:12.990000010+00:00,2024-10-18 09:13:12.990000010+02:00
1729235607.3899999,4455,0.0,2024-10-18 07:13:27.389999866+00:00,2024-10-18 09:13:27.389999866+02:00
1729235621.79,4455,586600000.0,2024-10-18 07:13:41.789999962+00:00,2024-10-18 09:13:41.789999962+02:00
1729235636.1899998,4455,0.0,2024-10-18 07:13:56.189999819+00:00,2024-10-18 09:13:56.189999819+02:00
1729235650.59,4455,4106200000.0,2024-10-18 07:14:10.589999914+00:00,2024-10-18 09:14:10.589999914+02:00
1729235664.99,4455,586600000.0,2024-10-18 07:14:24.990000010+00:00,2024-10-18 09:14:24.990000010+02:00
1729235679.3899999,4455,0.0,2024-10-18 07:14:39.389999866+00:00,2024-10-18 09:14:39.389999866+02:00
1729235693.79,4455,2178800000.0,2024-10-18 07:14:53.789999962+00:00,2024-10-18 09:14:53.789999962+02:00
1729235708.1899998,4455,4441400000.0,2024-10-18 07:15:08.189999819+00:00,2024-10-18 09:15:08.189999819+02:00
1729235722.59,4455,3687200000.0,2024-10-18 07:15:22.589999914+00:00,2024-10-18 09:15:22.589999914+02:00
1729235736.99,4455,0.0,2024-10-18 07:15:36.990000010+00:00,2024-10-18 09:15:36.990000010+02:00
1729235751.3899999,4455,1843600000.0,2024-10-18 07:15:51.389999866+00:00,2024-10-18 09:15:51.389999866+02:00
1729235765.79,4455,2095000000.0,2024-10-18 07:16:05.789999962+00:00,2024-10-18 09:16:05.789999962+02:00
1729235780.1899998,4455,2262600000.0,2024-10-18 07:16:20.189999819+00:00,2024-10-18 09:16:20.189999819+02:00
1729235794.59,4455,0.0,2024-10-18 07:16:34.589999914+00:00,2024-10-18 09:16:34.589999914+02:00
1729235808.99,4455,0.0,2024-10-18 07:16:48.990000010+00:00,2024-10-18 09:16:48.990000010+02:00
1729235823.3899999,4455,167600000.0,2024-10-18 07:17:03.389999866+00:00,2024-10-18 09:17:03.389999866+02:00
1729235837.79,4455,0.0,2024-10-18 07:17:17.789999962+00:00,2024-10-18 09:17:17.789999962+02:00
1729235852.1899998,4455,6368800000.0,2024-10-18 07:17:32.189999819+00:00,2024-10-18 09:17:32.189999819+02:00
1729235866.59,4455,167600000.0,2024-10-18 07:17:46.589999914+00:00,2024-10-18 09:17:46.589999914+02:00
1729235880.99,4455,1424600000.0,2024-10-18 07:18:00.990000010+00:00,2024-10-18 09:18:00.990000010+02:00
1729235895.3899999,4455,0.0,2024-10-18 07:18:15.389999866+00:00,2024-10-18 09:18:15.389999866+02:00
1729235909.79,4455,0.0,2024-10-18 07:18:29.789999962+00:00,2024-10-18 09:18:29.789999962+02:00
1729235924.1899998,4455,0.0,2024-10-18 07:18:44.189999819+00:00,2024-10-18 09:18:44.189999819+02:00
1729235938.59,4455,5866000000.0,2024-10-18 07:18:58.589999914+00:00,2024-10-18 09:18:58.589999914+02:00
1729235952.99,4455,0.0,2024-10-18 07:19:12.990000010+00:00,2024-10-18 09:19:12.990000010+02:00
1729235967.3899999,4455,1927400000.0,2024-10-18 07:19:27.389999866+00:00,2024-10-18 09:19:27.389999866+02:00
1729235981.79,4455,0.0,2024-10-18 07:19:41.789999962+00:00,2024-10-18 09:19:41.789999962+02:00
1729235996.1899998,4455,1592200000.0,2024-10-18 07:19:56.189999819+00:00,2024-10-18 09:19:56.189999819+02:00
1729236010.59,4455,3771000000.0,2024-10-18 07:20:10.589999914+00:00,2024-10-18 09:20:10.589999914+02:00
1729236024.99,4455,0.0,2024-10-18 07:20:24.990000010+00:00,2024-10-18 09:20:24.990000010+02:00
1729236039.3899999,4455,0.0,2024-10-18 07:20:39.389999866+00:00,2024-10-18 09:20:39.389999866+02:00
1729236053.79,4455,670400000.0,2024-10-18 07:20:53.789999962+00:00,2024-10-18 09:20:53.789999962+02:00
1729236068.1899998,4455,419000000.0,2024-10-18 07:21:08.189999819+00:00,2024-10-18 09:21:08.189999819+02:00
1729236082.59,4455,2681600000.0,2024-10-18 07:21:22.589999914+00:00,2024-10-18 09:21:22.589999914+02:00
1729236096.99,4455,83800000.0,2024-10-18 07:21:36.990000010+00:00,2024-10-18 09:21:36.990000010+02:00
1729236111.3899999,4455,0.0,2024-10-18 07:21:51.389999866+00:00,2024-10-18 09:21:51.389999866+02:00
1729236125.79,4455,0.0,2024-10-18 07:22:05.789999962+00:00,2024-10-18 09:22:05.789999962+02:00
1729236140.1899998,4455,2262600000.0,2024-10-18 07:22:20.189999819+00:00,2024-10-18 09:22:20.189999819+02:00
1729236154.59,4455,1257000000.0,2024-10-18 07:22:34.589999914+00:00,2024-10-18 09:22:34.589999914+02:00
1729236168.99,4455,1676000000.0,2024-10-18 07:22:48.990000010+00:00,2024-10-18 09:22:48.990000010+02:00
1729236183.3899999,4455,1005600000.0,2024-10-18 07:23:03.389999866+00:00,2024-10-18 09:23:03.389999866+02:00
1729236197.79,4455,0.0,2024-10-18 07:23:17.789999962+00:00,2024-10-18 09:23:17.789999962+02:00
1729236212.1899998,4455,921800000.0,2024-10-18 07:23:32.189999819+00:00,2024-10-18 09:23:32.189999819+02:00
1729236226.59,4455,0.0,2024-10-18 07:23:46.589999914+00:00,2024-10-18 09:23:46.589999914+02:00
1729236240.99,4455,3603400000.0,2024-10-18 07:24:00.990000010+00:00,2024-10-18 09:24:00.990000010+02:00
1729236255.3899999,4455,1424600000.0,2024-10-18 07:24:15.389999866+00:00,2024-10-18 09:24:15.389999866+02:00
1729236269.79,4455,1005600000.0,2024-10-18 07:24:29.789999962+00:00,2024-10-18 09:24:29.789999962+02:00
1729236284.1899998,4455,1508400000.0,2024-10-18 07:24:44.189999819+00:00,2024-10-18 09:24:44.189999819+02:00
1729236298.59,4455,0.0,2024-10-18 07:24:58.589999914+00:00,2024-10-18 09:24:58.589999914+02:00
1729236312.99,4455,3100600000.0,2024-10-18 07:25:12.990000010+00:00,2024-10-18 09:25:12.990000010+02:00
1729236327.3899999,4455,0.0,2024-10-18 07:25:27.389999866+00:00,2024-10-18 09:25:27.389999866+02:00
1729236341.79,4455,2262600000.0,2024-10-18 07:25:41.789999962+00:00,2024-10-18 09:25:41.789999962+02:00
1729236356.1899998,4455,1508400000.0,2024-10-18 07:25:56.189999819+00:00,2024-10-18 09:25:56.189999819+02:00
1729236370.59,4455,419000000.0,2024-10-18 07:26:10.589999914+00:00,2024-10-18 09:26:10.589999914+02:00
1729236384.99,4455,838000000.0,2024-10-18 07:26:24.990000010+00:00,2024-10-18 09:26:24.990000010+02:00
1729236399.3899999,4455,0.0,2024-10-18 07:26:39.389999866+00:00,2024-10-18 09:26:39.389999866+02:00
1729236413.79,4455,1843600000.0,2024-10-18 07:26:53.789999962+00:00,2024-10-18 09:26:53.789999962+02:00
1729236428.1899998,4455,3519600000.0,2024-10-18 07:27:08.189999819+00:00,2024-10-18 09:27:08.189999819+02:00
1729236442.59,4455,0.0,2024-10-18 07:27:22.589999914+00:00,2024-10-18 09:27:22.589999914+02:00
1729236456.99,4455,0.0,2024-10-18 07:27:36.990000010+00:00,2024-10-18 09:27:36.990000010+02:00
1729236471.3899999,4455,2514000000.0,2024-10-18 07:27:51.389999866+00:00,2024-10-18 09:27:51.389999866+02:00
1729236485.79,4455,0.0,2024-10-18 07:28:05.789999962+00:00,2024-10-18 09:28:05.789999962+02:00
1729236500.1899998,4455,83800000.0,2024-10-18 07:28:20.189999819+00:00,2024-10-18 09:28:20.189999819+02:00
1729236514.59,4455,2178800000.0,2024-10-18 07:28:34.589999914+00:00,2024-10-18 09:28:34.589999914+02:00
1729236528.99,4455,0.0,2024-10-18 07:28:48.990000010+00:00,2024-10-18 09:28:48.990000010+02:00
1729236543.3899999,4455,0.0,2024-10-18 07:29:03.389999866+00:00,2024-10-18 09:29:03.389999866+02:00
1729236557.79,4455,335200000.0,2024-10-18 07:29:17.789999962+00:00,2024-10-18 09:29:17.789999962+02:00
1729236572.1899998,4455,0.0,2024-10-18 07:29:32.189999819+00:00,2024-10-18 09:29:32.189999819+02:00
1729236586.59,4455,2262600000.0,2024-10-18 07:29:46.589999914+00:00,2024-10-18 09:29:46.589999914+02:00
1729236600.99,4455,3268200000.0,2024-10-18 07:30:00.990000010+00:00,2024-10-18 09:30:00.990000010+02:00
1729236615.3899999,4455,1089400000.0,2024-10-18 07:30:15.389999866+00:00,2024-10-18 09:30:15.389999866+02:00
1729236629.79,4455,1005600000.0,2024-10-18 07:30:29.789999962+00:00,2024-10-18 09:30:29.789999962+02:00
1729236644.1899998,4455,4106200000.0,2024-10-18 07:30:44.189999819+00:00,2024-10-18 09:30:44.189999819+02:00
1729236658.59,4455,2430200000.0,2024-10-18 07:30:58.589999914+00:00,2024-10-18 09:30:58.589999914+02:00
1729236672.99,4455,3854800000.0,2024-10-18 07:31:12.990000010+00:00,2024-10-18 09:31:12.990000010+02:00
1729236687.3899999,4455,0.0,2024-10-18 07:31:27.389999866+00:00,2024-10-18 09:31:27.389999866+02:00
1729236701.79,4455,0.0,2024-10-18 07:31:41.789999962+00:00,2024-10-18 09:31:41.789999962+02:00
1729236716.1899998,4455,1759800000.0,2024-10-18 07:31:56.189999819+00:00,2024-10-18 09:31:56.189999819+02:00
1729236730.59,4455,0.0,2024-10-18 07:32:10.589999914+00:00,2024-10-18 09:32:10.589999914+02:00
1729236744.99,4455,3687200000.0,2024-10-18 07:32:24.990000010+00:00,2024-10-18 09:32:24.990000010+02:00
1729236759.3899999,4455,586600000.0,2024-10-18 07:32:39.389999866+00:00,2024-10-18 09:32:39.389999866+02:00
1729236773.79,4455,0.0,2024-10-18 07:32:53.789999962+00:00,2024-10-18 09:32:53.789999962+02:00
1729236788.1899998,4455,0.0,2024-10-18 07:33:08.189999819+00:00,2024-10-18 09:33:08.189999819+02:00
1729236802.59,4455,0.0,2024-10-18 07:33:22.589999914+00:00,2024-10-18 09:33:22.589999914+02:00
1729236816.99,4455,167600000.0,2024-10-18 07:33:36.990000010+00:00,2024-10-18 09:33:36.990000010+02:00
1729236831.3899999,4455,83800000.0,2024-10-18 07:33:51.389999866+00:00,2024-10-18 09:33:51.389999866+02:00
1729236845.79,4455,1927400000.0,2024-10-18 07:34:05.789999962+00:00,2024-10-18 09:34:05.789999962+02:00
1729236860.1899998,4455,4944200000.0,2024-10-18 07:34:20.189999819+00:00,2024-10-18 09:34:20.189999819+02:00
1729236874.59,4455,83800000.0,2024-10-18 07:34:34.589999914+00:00,2024-10-18 09:34:34.589999914+02:00
1729236888.99,4455,502800000.0,2024-10-18 07:34:48.990000010+00:00,2024-10-18 09:34:48.990000010+02:00
1729236903.3899999,4455,1676000000.0,2024-10-18 07:35:03.389999866+00:00,2024-10-18 09:35:03.389999866+02:00
1729236917.79,4455,0.0,2024-10-18 07:35:17.789999962+00:00,2024-10-18 09:35:17.789999962+02:00
1729236932.1899998,4455,0.0,2024-10-18 07:35:32.189999819+00:00,2024-10-18 09:35:32.189999819+02:00
1729236946.59,4455,0.0,2024-10-18 07:35:46.589999914+00:00,2024-10-18 09:35:46.589999914+02:00
1729236960.99,4455,0.0,2024-10-18 07:36:00.990000010+00:00,2024-10-18 09:36:00.990000010+02:00
1729236975.3899999,4455,3352000000.0,2024-10-18 07:36:15.389999866+00:00,2024-10-18 09:36:15.389999866+02:00
1729236989.79,4455,1340800000.0,2024-10-18 07:36:29.789999962+00:00,2024-10-18 09:36:29.789999962+02:00
1729237004.1899998,4455,0.0,2024-10-18 07:36:44.189999819+00:00,2024-10-18 09:36:44.189999819+02:00
1729237018.59,4455,2346400000.0,2024-10-18 07:36:58.589999914+00:00,2024-10-18 09:36:58.589999914+02:00
1729237032.99,4455,838000000.0,2024-10-18 07:37:12.990000010+00:00,2024-10-18 09:37:12.990000010+02:00
1729237047.3899999,4455,251400000.0,2024-10-18 07:37:27.389999866+00:00,2024-10-18 09:37:27.389999866+02:00
1729237061.79,4455,1173200000.0,2024-10-18 07:37:41.789999962+00:00,2024-10-18 09:37:41.789999962+02:00
1729237076.1899998,4455,0.0,2024-10-18 07:37:56.189999819+00:00,2024-10-18 09:37:56.189999819+02:00
1729237090.59,4455,754200000.0,2024-10-18 07:38:10.589999914+00:00,2024-10-18 09:38:10.589999914+02:00
1729237104.99,4455,0.0,2024-10-18 07:38:24.990000010+00:00,2024-10-18 09:38:24.990000010+02:00
1729237119.3899999,4455,0.0,2024-10-18 07:38:39.389999866+00:00,2024-10-18 09:38:39.389999866+02:00
1729237133.79,4455,2681600000.0,2024-10-18 07:38:53.789999962+00:00,2024-10-18 09:38:53.789999962+02:00
1729237148.1899998,4455,0.0,2024-10-18 07:39:08.189999819+00:00,2024-10-18 09:39:08.189999819+02:00
1729237162.59,4455,0.0,2024-10-18 07:39:22.589999914+00:00,2024-10-18 09:39:22.589999914+02:00
1729237176.99,4455,1340800000.0,2024-10-18 07:39:36.990000010+00:00,2024-10-18 09:39:36.990000010+02:00
1729237191.3899999,4455,0.0,2024-10-18 07:39:51.389999866+00:00,2024-10-18 09:39:51.389999866+02:00
1729237205.79,4455,0.0,2024-10-18 07:40:05.789999962+00:00,2024-10-18 09:40:05.789999962+02:00
1729237220.1899998,4455,3016800000.0,2024-10-18 07:40:20.189999819+00:00,2024-10-18 09:40:20.189999819+02:00
1729237234.59,4455,1676000000.0,2024-10-18 07:40:34.589999914+00:00,2024-10-18 09:40:34.589999914+02:00
1729237248.99,4455,1843600000.0,2024-10-18 07:40:48.990000010+00:00,2024-10-18 09:40:48.990000010+02:00
1729237263.3899999,4455,83800000.0,2024-10-18 07:41:03.389999866+00:00,2024-10-18 09:41:03.389999866+02:00
1729237277.79,4455,1257000000.0,2024-10-18 07:41:17.789999962+00:00,2024-10-18 09:41:17.789999962+02:00
1729237292.1899998,4455,1592200000.0,2024-10-18 07:41:32.189999819+00:00,2024-10-18 09:41:32.189999819+02:00
1729237306.59,4455,0.0,2024-10-18 07:41:46.589999914+00:00,2024-10-18 09:41:46.589999914+02:00
1729237320.99,4455,2095000000.0,2024-10-18 07:42:00.990000010+00:00,2024-10-18 09:42:00.990000010+02:00
1729237335.3899999,4455,251400000.0,2024-10-18 07:42:15.389999866+00:00,2024-10-18 09:42:15.389999866+02:00
1729237349.79,4455,2011200000.0,2024-10-18 07:42:29.789999962+00:00,2024-10-18 09:42:29.789999962+02:00
1729237364.1899998,4455,3016800000.0,2024-10-18 07:42:44.189999819+00:00,2024-10-18 09:42:44.189999819+02:00
1729237378.59,4455,3854800000.0,2024-10-18 07:42:58.589999914+00:00,2024-10-18 09:42:58.589999914+02:00
1729237392.99,4455,1592200000.0,2024-10-18 07:43:12.990000010+00:00,2024-10-18 09:43:12.990000010+02:00
1729237407.3899999,4455,335200000.0,2024-10-18 07:43:27.389999866+00:00,2024-10-18 09:43:27.389999866+02:00
1729237421.79,4455,2430200000.0,2024-10-18 07:43:41.789999962+00:00,2024-10-18 09:43:41.789999962+02:00
1729237436.1899998,4455,1508400000.0,2024-10-18 07:43:56.189999819+00:00,2024-10-18 09:43:56.189999819+02:00
1729237450.59,4455,0.0,2024-10-18 07:44:10.589999914+00:00,2024-10-18 09:44:10.589999914+02:00
1729237464.99,4455,502800000.0,2024-10-18 07:44:24.990000010+00:00,2024-10-18 09:44:24.990000010+02:00
1729237479.3899999,4455,3687200000.0,2024-10-18 07:44:39.389999866+00:00,2024-10-18 09:44:39.389999866+02:00
1729237493.79,4455,0.0,2024-10-18 07:44:53.789999962+00:00,2024-10-18 09:44:53.789999962+02:00
1729237508.1899998,4455,0.0,2024-10-18 07:45:08.189999819+00:00,2024-10-18 09:45:08.189999819+02:00
1729237522.59,4455,1089400000.0,2024-10-18 07:45:22.589999914+00:00,2024-10-18 09:45:22.589999914+02:00
1729237536.99,4455,1592200000.0,2024-10-18 07:45:36.990000010+00:00,2024-10-18 09:45:36.990000010+02:00
1729237551.3899999,4455,0.0,2024-10-18 07:45:51.389999866+00:00,2024-10-18 09:45:51.389999866+02:00
1729237565.79,4455,1424600000.0,2024-10-18 07:46:05.789999962+00:00,2024-10-18 09:46:05.789999962+02:00
1729237580.1899998,4455,0.0,2024-10-18 07:46:20.189999819+00:00,2024-10-18 09:46:20.189999819+02:00
1729237594.59,4455,4692800000.0,2024-10-18 07:46:34.589999914+00:00,2024-10-18 09:46:34.589999914+02:00
1729237608.99,4455,1927400000.0,2024-10-18 07:46:48.990000010+00:00,2024-10-18 09:46:48.990000010+02:00
1729237623.3899999,4455,0.0,2024-10-18 07:47:03.389999866+00:00,2024-10-18 09:47:03.389999866+02:00
1729237637.79,4455,0.0,2024-10-18 07:47:17.789999962+00:00,2024-10-18 09:47:17.789999962+02:00
1729237652.1899998,4455,0.0,2024-10-18 07:47:32.189999819+00:00,2024-10-18 09:47:32.189999819+02:00
1729237666.59,4455,1759800000.0,2024-10-18 07:47:46.589999914+00:00,2024-10-18 09:47:46.589999914+02:00
1729237680.99,4455,0.0,2024-10-18 07:48:00.990000010+00:00,2024-10-18 09:48:00.990000010+02:00
1729237695.3899999,4455,754200000.0,2024-10-18 07:48:15.389999866+00:00,2024-10-18 09:48:15.389999866+02:00
1729237709.79,4455,0.0,2024-10-18 07:48:29.789999962+00:00,2024-10-18 09:48:29.789999962+02:00
1729237724.1899998,4455,0.0,2024-10-18 07:48:44.189999819+00:00,2024-10-18 09:48:44.189999819+02:00
1729237738.59,4455,0.0,2024-10-18 07:48:58.589999914+00:00,2024-10-18 09:48:58.589999914+02:00
1729237752.99,4455,0.0,2024-10-18 07:49:12.990000010+00:00,2024-10-18 09:49:12.990000010+02:00
1729237767.3899999,4455,1340800000.0,2024-10-18 07:49:27.389999866+00:00,2024-10-18 09:49:27.389999866+02:00
1729237781.79,4455,1676000000.0,2024-10-18 07:49:41.789999962+00:00,2024-10-18 09:49:41.789999962+02:00
1729237796.1899998,4455,1676000000.0,2024-10-18 07:49:56.189999819+00:00,2024-10-18 09:49:56.189999819+02:00
1729237810.59,4455,5614600000.0,2024-10-18 07:50:10.589999914+00:00,2024-10-18 09:50:10.589999914+02:00
1729237824.99,4455,0.0,2024-10-18 07:50:24.990000010+00:00,2024-10-18 09:50:24.990000010+02:00
1729237839.3899999,4455,0.0,2024-10-18 07:50:39.389999866+00:00,2024-10-18 09:50:39.389999866+02:00
1729237853.79,4455,1759800000.0,2024-10-18 07:50:53.789999962+00:00,2024-10-18 09:50:53.789999962+02:00
1729237868.1899998,4455,5447000000.0,2024-10-18 07:51:08.189999819+00:00,2024-10-18 09:51:08.189999819+02:00
1729237882.59,4455,0.0,2024-10-18 07:51:22.589999914+00:00,2024-10-18 09:51:22.589999914+02:00
1729237896.99,4455,2095000000.0,2024-10-18 07:51:36.990000010+00:00,2024-10-18 09:51:36.990000010+02:00
1729237911.3899999,4455,6117400000.0,2024-10-18 07:51:51.389999866+00:00,2024-10-18 09:51:51.389999866+02:00
1729237925.79,4455,0.0,2024-10-18 07:52:05.789999962+00:00,2024-10-18 09:52:05.789999962+02:00
1729237940.1899998,4455,0.0,2024-10-18 07:52:20.189999819+00:00,2024-10-18 09:52:20.189999819+02:00
1729237954.59,4455,0.0,2024-10-18 07:52:34.589999914+00:00,2024-10-18 09:52:34.589999914+02:00
1729237968.99,4455,1843600000.0,2024-10-18 07:52:48.990000010+00:00,2024-10-18 09:52:48.990000010+02:00
1729237983.3899999,4455,0.0,2024-10-18 07:53:03.389999866+00:00,2024-10-18 09:53:03.389999866+02:00
1729237997.79,4455,4022400000.0,2024-10-18 07:53:17.789999962+00:00,2024-10-18 09:53:17.789999962+02:00
1729238012.1899998,4455,1676000000.0,2024-10-18 07:53:32.189999819+00:00,2024-10-18 09:53:32.189999819+02:00
1729238026.59,4455,4022400000.0,2024-10-18 07:53:46.589999914+00:00,2024-10-18 09:53:46.589999914+02:00
1729238040.99,4455,586600000.0,2024-10-18 07:54:00.990000010+00:00,2024-10-18 09:54:00.990000010+02:00
1729238055.3899999,4455,0.0,2024-10-18 07:54:15.389999866+00:00,2024-10-18 09:54:15.389999866+02:00
1729238069.79,4455,1676000000.0,2024-10-18 07:54:29.789999962+00:00,2024-10-18 09:54:29.789999962+02:00
1729238084.1899998,4455,1927400000.0,2024-10-18 07:54:44.189999819+00:00,2024-10-18 09:54:44.189999819+02:00
1729238098.59,4455,3687200000.0,2024-10-18 07:54:58.589999914+00:00,2024-10-18 09:54:58.589999914+02:00
1729238112.99,4455,4273800000.0,2024-10-18 07:55:12.990000010+00:00,2024-10-18 09:55:12.990000010+02:00
1729238127.3899999,4455,0.0,2024-10-18 07:55:27.389999866+00:00,2024-10-18 09:55:27.389999866+02:00
1729238141.79,4455,1173200000.0,2024-10-18 07:55:41.789999962+00:00,2024-10-18 09:55:41.789999962+02:00
1729238156.1899998,4455,586600000.0,2024-10-18 07:55:56.189999819+00:00,2024-10-18 09:55:56.189999819+02:00
1729238170.59,4455,670400000.0,2024-10-18 07:56:10.589999914+00:00,2024-10-18 09:56:10.589999914+02:00
1729238184.99,4455,2095000000.0,2024-10-18 07:56:24.990000010+00:00,2024-10-18 09:56:24.990000010+02:00
1729238199.3899999,4455,0.0,2024-10-18 07:56:39.389999866+00:00,2024-10-18 09:56:39.389999866+02:00
1729238213.79,4455,0.0,2024-10-18 07:56:53.789999962+00:00,2024-10-18 09:56:53.789999962+02:00
1729238228.1899998,4455,3519600000.0,2024-10-18 07:57:08.189999819+00:00,2024-10-18 09:57:08.189999819+02:00
1729238242.59,4455,5866000000.0,2024-10-18 07:57:22.589999914+00:00,2024-10-18 09:57:22.589999914+02:00
1729238256.99,4455,0.0,2024-10-18 07:57:36.990000010+00:00,2024-10-18 09:57:36.990000010+02:00
1729238271.3899999,4455,0.0,2024-10-18 07:57:51.389999866+00:00,2024-10-18 09:57:51.389999866+02:00
1729238285.79,4455,0.0,2024-10-18 07:58:05.789999962+00:00,2024-10-18 09:58:05.789999962+02:00
1729238300.1899998,4455,0.0,2024-10-18 07:58:20.189999819+00:00,2024-10-18 09:58:20.189999819+02:00
1729238314.59,4455,83800000.0,2024-10-18 07:58:34.589999914+00:00,2024-10-18 09:58:34.589999914+02:00
1729238328.99,4455,5530800000.0,2024-10-18 07:58:48.990000010+00:00,2024-10-18 09:58:48.990000010+02:00
1729238343.3899999,4455,0.0,2024-10-18 07:59:03.389999866+00:00,2024-10-18 09:59:03.389999866+02:00
1729238357.79,4455,0.0,2024-10-18 07:59:17.789999962+00:00,2024-10-18 09:59:17.789999962+02:00
1729238372.1899998,4455,0.0,2024-10-18 07:59:32.189999819+00:00,2024-10-18 09:59:32.189999819+02:00
1729238386.59,4455,0.0,2024-10-18 07:59:46.589999914+00:00,2024-10-18 09:59:46.589999914+02:00
1729238400.99,4455,0.0,2024-10-18 08:00:00.990000010+00:00,2024-10-18 10:00:00.990000010+02:00
1729238415.3899999,4455,1843600000.0,2024-10-18 08:00:15.389999866+00:00,2024-10-18 10:00:15.389999866+02:00
1729238429.79,4455,2430200000.0,2024-10-18 08:00:29.789999962+00:00,2024-10-18 10:00:29.789999962+02:00
1729238444.1899998,4455,586600000.0,2024-10-18 08:00:44.189999819+00:00,2024-10-18 10:00:44.189999819+02:00
1729238458.59,4455,0.0,2024-10-18 08:00:58.589999914+00:00,2024-10-18 10:00:58.589999914+02:00
1729238472.99,4455,2346400000.0,2024-10-18 08:01:12.990000010+00:00,2024-10-18 10:01:12.990000010+02:00
1729238487.3899999,4455,2514000000.0,2024-10-18 08:01:27.389999866+00:00,2024-10-18 10:01:27.389999866+02:00
1729238501.79,4455,0.0,2024-10-18 08:01:41.789999962+00:00,2024-10-18 10:01:41.789999962+02:00
1729238516.1899998,4455,3100600000.0,2024-10-18 08:01:56.189999819+00:00,2024-10-18 10:01:56.189999819+02:00
1729238530.59,4455,0.0,2024-10-18 08:02:10.589999914+00:00,2024-10-18 10:02:10.589999914+02:00
1729238544.99,4455,167600000.0,2024-10-18 08:02:24.990000010+00:00,2024-10-18 10:02:24.990000010+02:00
1729238559.3899999,4455,754200000.0,2024-10-18 08:02:39.389999866+00:00,2024-10-18 10:02:39.389999866+02:00
1729238573.79,4455,335200000.0,2024-10-18 08:02:53.789999962+00:00,2024-10-18 10:02:53.789999962+02:00
1729238588.1899998,4455,0.0,2024-10-18 08:03:08.189999819+00:00,2024-10-18 10:03:08.189999819+02:00
1729238602.59,4455,0.0,2024-10-18 08:03:22.589999914+00:00,2024-10-18 10:03:22.589999914+02:00
1729238616.99,4455,0.0,2024-10-18 08:03:36.990000010+00:00,2024-10-18 10:03:36.990000010+02:00
1729238631.3899999,4455,3687200000.0,2024-10-18 08:03:51.389999866+00:00,2024-10-18 10:03:51.389999866+02:00
