LOG_TIMESTAMP,SPS.T2:INTENSITY,XTIM.SX.WE-CT:Acquisition:acqC,UTC_DATE,CEST_DATE
1729876096.59,3234763800000.0,4455,2024-10-25 17:08:16.589999914+00:00,2024-10-25 19:08:16.589999914+02:00
1729876110.99,3306748000000.0,4455,2024-10-25 17:08:30.990000010+00:00,2024-10-25 19:08:30.990000010+02:00
1729876125.3899999,3315966000000.0,4455,2024-10-25 17:08:45.389999866+00:00,2024-10-25 19:08:45.389999866+02:00
1729876139.79,3280518600000.0,4455,2024-10-25 17:08:59.789999962+00:00,2024-10-25 19:08:59.789999962+02:00
1729876154.1899998,3271635800000.0,4455,2024-10-25 17:09:14.189999819+00:00,2024-10-25 19:09:14.189999819+02:00
1729876168.59,3286971200000.0,4455,2024-10-25 17:09:28.589999914+00:00,2024-10-25 19:09:28.589999914+02:00
1729876182.99,3298116600000.0,4455,2024-10-25 17:09:42.990000010+00:00,2024-10-25 19:09:42.990000010+02:00
1729876197.3899999,3315882200000.0,4455,2024-10-25 17:09:57.389999866+00:00,2024-10-25 19:09:57.389999866+02:00
1729876211.79,3305574800000.0,4455,2024-10-25 17:10:11.789999962+00:00,2024-10-25 19:10:11.789999962+02:00
1729876226.1899998,3287809200000.0,4455,2024-10-25 17:10:26.189999819+00:00,2024-10-25 19:10:26.189999819+02:00
1729876240.59,3276663800000.0,4455,2024-10-25 17:10:40.589999914+00:00,2024-10-25 19:10:40.589999914+02:00
1729876254.99,3290155600000.0,4455,2024-10-25 17:10:54.990000010+00:00,2024-10-25 19:10:54.990000010+02:00
1729876269.3899999,3322083400000.0,4455,2024-10-25 17:11:09.389999866+00:00,2024-10-25 19:11:09.389999866+02:00
1729876283.79,3260239000000.0,4455,2024-10-25 17:11:23.789999962+00:00,2024-10-25 19:11:23.789999962+02:00
1729876298.1899998,3287138800000.0,4455,2024-10-25 17:11:38.189999819+00:00,2024-10-25 19:11:38.189999819+02:00
1729876312.59,3230071000000.0,4455,2024-10-25 17:11:52.589999914+00:00,2024-10-25 19:11:52.589999914+02:00
1729876326.99,3230238600000.0,4455,2024-10-25 17:12:06.990000010+00:00,2024-10-25 19:12:06.990000010+02:00
1729876341.3899999,3233423000000.0,4455,2024-10-25 17:12:21.389999866+00:00,2024-10-25 19:12:21.389999866+02:00
1729876355.79,3246747200000.0,4455,2024-10-25 17:12:35.789999962+00:00,2024-10-25 19:12:35.789999962+02:00
1729876370.1899998,3237613000000.0,4455,2024-10-25 17:12:50.189999819+00:00,2024-10-25 19:12:50.189999819+02:00
1729876384.59,3235182800000.0,4455,2024-10-25 17:13:04.589999914+00:00,2024-10-25 19:13:04.589999914+02:00
1729876398.99,3204679600000.0,4455,2024-10-25 17:13:18.990000010+00:00,2024-10-25 19:13:18.990000010+02:00
1729876413.3899999,3196634800000.0,4455,2024-10-25 17:13:33.389999866+00:00,2024-10-25 19:13:33.389999866+02:00
1729876427.79,3229233000000.0,4455,2024-10-25 17:13:47.789999962+00:00,2024-10-25 19:13:47.789999962+02:00
1729876442.1899998,3205098600000.0,4455,2024-10-25 17:14:02.189999819+00:00,2024-10-25 19:14:02.189999819+02:00
1729876456.59,3243981800000.0,4455,2024-10-25 17:14:16.589999914+00:00,2024-10-25 19:14:16.589999914+02:00
1729876470.99,3240462200000.0,4455,2024-10-25 17:14:30.990000010+00:00,2024-10-25 19:14:30.990000010+02:00
1729876485.3899999,3245657800000.0,4455,2024-10-25 17:14:45.389999866+00:00,2024-10-25 19:14:45.389999866+02:00
1729876499.79,3251607600000.0,4455,2024-10-25 17:14:59.789999962+00:00,2024-10-25 19:14:59.789999962+02:00
1729876514.1899998,3228730200000.0,4455,2024-10-25 17:15:14.189999819+00:00,2024-10-25 19:15:14.189999819+02:00
1729876528.59,3231998400000.0,4455,2024-10-25 17:15:28.589999914+00:00,2024-10-25 19:15:28.589999914+02:00
1729876542.99,3255378600000.0,4455,2024-10-25 17:15:42.990000010+00:00,2024-10-25 19:15:42.990000010+02:00
1729876557.3899999,3273479400000.0,4455,2024-10-25 17:15:57.389999866+00:00,2024-10-25 19:15:57.389999866+02:00
1729876571.79,3253535000000.0,4455,2024-10-25 17:16:11.789999962+00:00,2024-10-25 19:16:11.789999962+02:00
1729876586.1899998,3217165800000.0,4455,2024-10-25 17:16:26.189999819+00:00,2024-10-25 19:16:26.189999819+02:00
1729876600.59,3218674200000.0,4455,2024-10-25 17:16:40.589999914+00:00,2024-10-25 19:16:40.589999914+02:00
1729876614.99,3300630600000.0,4455,2024-10-25 17:16:54.990000010+00:00,2024-10-25 19:16:54.990000010+02:00
1729876629.3899999,3264093800000.0,4455,2024-10-25 17:17:09.389999866+00:00,2024-10-25 19:17:09.389999866+02:00
1729876643.79,3270378800000.0,4455,2024-10-25 17:17:23.789999962+00:00,2024-10-25 19:17:23.789999962+02:00
1729876658.1899998,3275155400000.0,4455,2024-10-25 17:17:38.189999819+00:00,2024-10-25 19:17:38.189999819+02:00
1729876672.59,3256970800000.0,4455,2024-10-25 17:17:52.589999914+00:00,2024-10-25 19:17:52.589999914+02:00
1729876686.99,3293340000000.0,4455,2024-10-25 17:18:06.990000010+00:00,2024-10-25 19:18:06.990000010+02:00
1729876701.3899999,3258060200000.0,4455,2024-10-25 17:18:21.389999866+00:00,2024-10-25 19:18:21.389999866+02:00
1729876715.79,3227976000000.0,4455,2024-10-25 17:18:35.789999962+00:00,2024-10-25 19:18:35.789999962+02:00
1729876730.1899998,3249009800000.0,4455,2024-10-25 17:18:50.189999819+00:00,2024-10-25 19:18:50.189999819+02:00
1729876744.59,3233590600000.0,4455,2024-10-25 17:19:04.589999914+00:00,2024-10-25 19:19:04.589999914+02:00
1729876758.99,3241551600000.0,4455,2024-10-25 17:19:18.990000010+00:00,2024-10-25 19:19:18.990000010+02:00
1729876773.3899999,3245238800000.0,4455,2024-10-25 17:19:33.389999866+00:00,2024-10-25 19:19:33.389999866+02:00
1729876787.79,3280770000000.0,4455,2024-10-25 17:19:47.789999962+00:00,2024-10-25 19:19:47.789999962+02:00
1729876802.1899998,3253702600000.0,4455,2024-10-25 17:20:02.189999819+00:00,2024-10-25 19:20:02.189999819+02:00
1729876816.59,3283535400000.0,4455,2024-10-25 17:20:16.589999914+00:00,2024-10-25 19:20:16.589999914+02:00
1729876830.99,3274149800000.0,4455,2024-10-25 17:20:30.990000010+00:00,2024-10-25 19:20:30.990000010+02:00
1729876845.3899999,3282613600000.0,4455,2024-10-25 17:20:45.389999866+00:00,2024-10-25 19:20:45.389999866+02:00
1729876859.79,3293591400000.0,4455,2024-10-25 17:20:59.789999962+00:00,2024-10-25 19:20:59.789999962+02:00
1729876874.1899998,3294429400000.0,4455,2024-10-25 17:21:14.189999819+00:00,2024-10-25 19:21:14.189999819+02:00
1729876888.59,3276580000000.0,4455,2024-10-25 17:21:28.589999914+00:00,2024-10-25 19:21:28.589999914+02:00
1729876902.99,3266272600000.0,4455,2024-10-25 17:21:42.990000010+00:00,2024-10-25 19:21:42.990000010+02:00
1729876917.3899999,3274820200000.0,4455,2024-10-25 17:21:57.389999866+00:00,2024-10-25 19:21:57.389999866+02:00
1729876931.79,3278675000000.0,4455,2024-10-25 17:22:11.789999962+00:00,2024-10-25 19:22:11.789999962+02:00
1729876946.1899998,3305239600000.0,4455,2024-10-25 17:22:26.189999819+00:00,2024-10-25 19:22:26.189999819+02:00
1729876960.59,3283535400000.0,4455,2024-10-25 17:22:40.589999914+00:00,2024-10-25 19:22:40.589999914+02:00
1729876974.99,3279094000000.0,4455,2024-10-25 17:22:54.990000010+00:00,2024-10-25 19:22:54.990000010+02:00
1729876989.3899999,3299457400000.0,4455,2024-10-25 17:23:09.389999866+00:00,2024-10-25 19:23:09.389999866+02:00
1729877003.79,3264931800000.0,4455,2024-10-25 17:23:23.789999962+00:00,2024-10-25 19:23:23.789999962+02:00
1729877018.1899998,3297949000000.0,4455,2024-10-25 17:23:38.189999819+00:00,2024-10-25 19:23:38.189999819+02:00
1729877032.59,3254121600000.0,4455,2024-10-25 17:23:52.589999914+00:00,2024-10-25 19:23:52.589999914+02:00
1729877046.99,3284122000000.0,4455,2024-10-25 17:24:06.990000010+00:00,2024-10-25 19:24:06.990000010+02:00
1729877061.3899999,3306748000000.0,4455,2024-10-25 17:24:21.389999866+00:00,2024-10-25 19:24:21.389999866+02:00
1729877075.79,3267445800000.0,4455,2024-10-25 17:24:35.789999962+00:00,2024-10-25 19:24:35.789999962+02:00
1729877090.1899998,3249261200000.0,4455,2024-10-25 17:24:50.189999819+00:00,2024-10-25 19:24:50.189999819+02:00
1729877104.59,3251188600000.0,4455,2024-10-25 17:25:04.589999914+00:00,2024-10-25 19:25:04.589999914+02:00
1729877118.99,3289150000000.0,4455,2024-10-25 17:25:18.990000010+00:00,2024-10-25 19:25:18.990000010+02:00
1729877133.3899999,3267529600000.0,4455,2024-10-25 17:25:33.389999866+00:00,2024-10-25 19:25:33.389999866+02:00
1729877147.79,3259820000000.0,4455,2024-10-25 17:25:47.789999962+00:00,2024-10-25 19:25:47.789999962+02:00
1729877162.1899998,3306077600000.0,4455,2024-10-25 17:26:02.189999819+00:00,2024-10-25 19:26:02.189999819+02:00
1729877176.59,3270295000000.0,4455,2024-10-25 17:26:16.589999914+00:00,2024-10-25 19:26:16.589999914+02:00
1729877190.99,3275239200000.0,4455,2024-10-25 17:26:30.990000010+00:00,2024-10-25 19:26:30.990000010+02:00
1729877205.3899999,3311943600000.0,4455,2024-10-25 17:26:45.389999866+00:00,2024-10-25 19:26:45.389999866+02:00
1729877219.79,3257976400000.0,4455,2024-10-25 17:26:59.789999962+00:00,2024-10-25 19:26:59.789999962+02:00
1729877234.1899998,3273982200000.0,4455,2024-10-25 17:27:14.189999819+00:00,2024-10-25 19:27:14.189999819+02:00
1729877248.59,3294261800000.0,4455,2024-10-25 17:27:28.589999914+00:00,2024-10-25 19:27:28.589999914+02:00
1729877262.99,3261077000000.0,4455,2024-10-25 17:27:42.990000010+00:00,2024-10-25 19:27:42.990000010+02:00
1729877277.3899999,3246076800000.0,4455,2024-10-25 17:27:57.389999866+00:00,2024-10-25 19:27:57.389999866+02:00
1729877291.79,3282529800000.0,4455,2024-10-25 17:28:11.789999962+00:00,2024-10-25 19:28:11.789999962+02:00
1729877306.1899998,3265350800000.0,4455,2024-10-25 17:28:26.189999819+00:00,2024-10-25 19:28:26.189999819+02:00
1729877320.59,3289988000000.0,4455,2024-10-25 17:28:40.589999914+00:00,2024-10-25 19:28:40.589999914+02:00
1729877334.99,3312949200000.0,4455,2024-10-25 17:28:54.990000010+00:00,2024-10-25 19:28:54.990000010+02:00
1729877349.3899999,3327865600000.0,4455,2024-10-25 17:29:09.389999866+00:00,2024-10-25 19:29:09.389999866+02:00
1729877363.79,3282613600000.0,4455,2024-10-25 17:29:23.789999962+00:00,2024-10-25 19:29:23.789999962+02:00
1729877378.1899998,3285043800000.0,4455,2024-10-25 17:29:38.189999819+00:00,2024-10-25 19:29:38.189999819+02:00
1729877392.59,3293256200000.0,4455,2024-10-25 17:29:52.589999914+00:00,2024-10-25 19:29:52.589999914+02:00
1729877406.99,3296440600000.0,4455,2024-10-25 17:30:06.990000010+00:00,2024-10-25 19:30:06.990000010+02:00
1729877421.3899999,3286468400000.0,4455,2024-10-25 17:30:21.389999866+00:00,2024-10-25 19:30:21.389999866+02:00
1729877435.79,3279010200000.0,4455,2024-10-25 17:30:35.789999962+00:00,2024-10-25 19:30:35.789999962+02:00
1729877450.1899998,3286971200000.0,4455,2024-10-25 17:30:50.189999819+00:00,2024-10-25 19:30:50.189999819+02:00
1729877464.59,3292669600000.0,4455,2024-10-25 17:31:04.589999914+00:00,2024-10-25 19:31:04.589999914+02:00
1729877478.99,3309010600000.0,4455,2024-10-25 17:31:18.990000010+00:00,2024-10-25 19:31:18.990000010+02:00
1729877493.3899999,3293256200000.0,4455,2024-10-25 17:31:33.389999866+00:00,2024-10-25 19:31:33.389999866+02:00
1729877507.79,3294848400000.0,4455,2024-10-25 17:31:47.789999962+00:00,2024-10-25 19:31:47.789999962+02:00
1729877522.1899998,3286468400000.0,4455,2024-10-25 17:32:02.189999819+00:00,2024-10-25 19:32:02.189999819+02:00
1729877536.59,3293759000000.0,4455,2024-10-25 17:32:16.589999914+00:00,2024-10-25 19:32:16.589999914+02:00
1729877550.99,3298368000000.0,4455,2024-10-25 17:32:30.990000010+00:00,2024-10-25 19:32:30.990000010+02:00
1729877565.3899999,3283451600000.0,4455,2024-10-25 17:32:45.389999866+00:00,2024-10-25 19:32:45.389999866+02:00
1729877579.79,3299625000000.0,4455,2024-10-25 17:32:59.789999962+00:00,2024-10-25 19:32:59.789999962+02:00
1729877594.1899998,3303228400000.0,4455,2024-10-25 17:33:14.189999819+00:00,2024-10-25 19:33:14.189999819+02:00
1729877608.59,3256216600000.0,4455,2024-10-25 17:33:28.589999914+00:00,2024-10-25 19:33:28.589999914+02:00
1729877622.99,3261831200000.0,4455,2024-10-25 17:33:42.990000010+00:00,2024-10-25 19:33:42.990000010+02:00
1729877637.3899999,3292921000000.0,4455,2024-10-25 17:33:57.389999866+00:00,2024-10-25 19:33:57.389999866+02:00
1729877651.79,3305155800000.0,4455,2024-10-25 17:34:11.789999962+00:00,2024-10-25 19:34:11.789999962+02:00
1729877666.1899998,3305407200000.0,4455,2024-10-25 17:34:26.189999819+00:00,2024-10-25 19:34:26.189999819+02:00
1729877680.59,3297613800000.0,4455,2024-10-25 17:34:40.589999914+00:00,2024-10-25 19:34:40.589999914+02:00
1729877694.99,3301803800000.0,4455,2024-10-25 17:34:54.990000010+00:00,2024-10-25 19:34:54.990000010+02:00
1729877709.3899999,3309597200000.0,4455,2024-10-25 17:35:09.389999866+00:00,2024-10-25 19:35:09.389999866+02:00
1729877723.79,3296943400000.0,4455,2024-10-25 17:35:23.789999962+00:00,2024-10-25 19:35:23.789999962+02:00
1729877738.1899998,3263088200000.0,4455,2024-10-25 17:35:38.189999819+00:00,2024-10-25 19:35:38.189999819+02:00
1729877752.59,3333564000000.0,4455,2024-10-25 17:35:52.589999914+00:00,2024-10-25 19:35:52.589999914+02:00
1729877766.99,3282781200000.0,4455,2024-10-25 17:36:06.990000010+00:00,2024-10-25 19:36:06.990000010+02:00
1729877781.3899999,3305491000000.0,4455,2024-10-25 17:36:21.389999866+00:00,2024-10-25 19:36:21.389999866+02:00
1729877795.79,3328871200000.0,4455,2024-10-25 17:36:35.789999962+00:00,2024-10-25 19:36:35.789999962+02:00
1729877810.1899998,3314709000000.0,4455,2024-10-25 17:36:50.189999819+00:00,2024-10-25 19:36:50.189999819+02:00
1729877824.59,3314457600000.0,4455,2024-10-25 17:37:04.589999914+00:00,2024-10-25 19:37:04.589999914+02:00
1729877838.99,3271300600000.0,4455,2024-10-25 17:37:18.990000010+00:00,2024-10-25 19:37:18.990000010+02:00
1729877853.3899999,3257641200000.0,4455,2024-10-25 17:37:33.389999866+00:00,2024-10-25 19:37:33.389999866+02:00
1729877867.79,3335826600000.0,4455,2024-10-25 17:37:47.789999962+00:00,2024-10-25 19:37:47.789999962+02:00
1729877882.1899998,3301301000000.0,4455,2024-10-25 17:38:02.189999819+00:00,2024-10-25 19:38:02.189999819+02:00
1729877896.59,3338089200000.0,4455,2024-10-25 17:38:16.589999914+00:00,2024-10-25 19:38:16.589999914+02:00
1729877910.99,3326524800000.0,4455,2024-10-25 17:38:30.990000010+00:00,2024-10-25 19:38:30.990000010+02:00
1729877925.3899999,3320575000000.0,4455,2024-10-25 17:38:45.389999866+00:00,2024-10-25 19:38:45.389999866+02:00
1729877939.79,3344877000000.0,4455,2024-10-25 17:38:59.789999962+00:00,2024-10-25 19:38:59.789999962+02:00
1729877954.1899998,3327614200000.0,4455,2024-10-25 17:39:14.189999819+00:00,2024-10-25 19:39:14.189999819+02:00
1729877968.59,3318480000000.0,4455,2024-10-25 17:39:28.589999914+00:00,2024-10-25 19:39:28.589999914+02:00
1729877982.99,3319569400000.0,4455,2024-10-25 17:39:42.990000010+00:00,2024-10-25 19:39:42.990000010+02:00
1729877997.3899999,3317390600000.0,4455,2024-10-25 17:39:57.389999866+00:00,2024-10-25 19:39:57.389999866+02:00
1729878011.79,3320910200000.0,4455,2024-10-25 17:40:11.789999962+00:00,2024-10-25 19:40:11.789999962+02:00
1729878026.1899998,3345463600000.0,4455,2024-10-25 17:40:26.189999819+00:00,2024-10-25 19:40:26.189999819+02:00
1729878040.59,3302222800000.0,4455,2024-10-25 17:40:40.589999914+00:00,2024-10-25 19:40:40.589999914+02:00
1729878054.99,3307837400000.0,4455,2024-10-25 17:40:54.990000010+00:00,2024-10-25 19:40:54.990000010+02:00
1729878069.3899999,3297278600000.0,4455,2024-10-25 17:41:09.389999866+00:00,2024-10-25 19:41:09.389999866+02:00
1729878083.79,3297446200000.0,4455,2024-10-25 17:41:23.789999962+00:00,2024-10-25 19:41:23.789999962+02:00
1729878098.1899998,3257557400000.0,4455,2024-10-25 17:41:38.189999819+00:00,2024-10-25 19:41:38.189999819+02:00
1729878112.59,3265183200000.0,4455,2024-10-25 17:41:52.589999914+00:00,2024-10-25 19:41:52.589999914+02:00
1729878126.99,3306245200000.0,4455,2024-10-25 17:42:06.990000010+00:00,2024-10-25 19:42:06.990000010+02:00
1729878141.3899999,3345882600000.0,4455,2024-10-25 17:42:21.389999866+00:00,2024-10-25 19:42:21.389999866+02:00
1729878155.79,3345128400000.0,4455,2024-10-25 17:42:35.789999962+00:00,2024-10-25 19:42:35.789999962+02:00
1729878170.1899998,3323675600000.0,4455,2024-10-25 17:42:50.189999819+00:00,2024-10-25 19:42:50.189999819+02:00
1729878184.59,3315211800000.0,4455,2024-10-25 17:43:04.589999914+00:00,2024-10-25 19:43:04.589999914+02:00
1729878198.99,3297446200000.0,4455,2024-10-25 17:43:18.990000010+00:00,2024-10-25 19:43:18.990000010+02:00
1729878213.3899999,3345044600000.0,4455,2024-10-25 17:43:33.389999866+00:00,2024-10-25 19:43:33.389999866+02:00
1729878227.79,3363732000000.0,4455,2024-10-25 17:43:47.789999962+00:00,2024-10-25 19:43:47.789999962+02:00
1729878242.1899998,3334737200000.0,4455,2024-10-25 17:44:02.189999819+00:00,2024-10-25 19:44:02.189999819+02:00
1729878256.59,3289233800000.0,4455,2024-10-25 17:44:16.589999914+00:00,2024-10-25 19:44:16.589999914+02:00
1729878270.99,3364151000000.0,4455,2024-10-25 17:44:30.990000010+00:00,2024-10-25 19:44:30.990000010+02:00
1729878285.3899999,3312865400000.0,4455,2024-10-25 17:44:45.389999866+00:00,2024-10-25 19:44:45.389999866+02:00
1729878299.79,3365659400000.0,4455,2024-10-25 17:44:59.789999962+00:00,2024-10-25 19:44:59.789999962+02:00
1729878314.1899998,3289485200000.0,4455,2024-10-25 17:45:14.189999819+00:00,2024-10-25 19:45:14.189999819+02:00
1729878328.59,3343536200000.0,4455,2024-10-25 17:45:28.589999914+00:00,2024-10-25 19:45:28.589999914+02:00
1729878342.99,3322670000000.0,4455,2024-10-25 17:45:42.990000010+00:00,2024-10-25 19:45:42.990000010+02:00
1729878357.3899999,3341022200000.0,4455,2024-10-25 17:45:57.389999866+00:00,2024-10-25 19:45:57.389999866+02:00
1729878371.79,3344122800000.0,4455,2024-10-25 17:46:11.789999962+00:00,2024-10-25 19:46:11.789999962+02:00
1729878386.1899998,3305155800000.0,4455,2024-10-25 17:46:26.189999819+00:00,2024-10-25 19:46:26.189999819+02:00
1729878400.59,3318731400000.0,4455,2024-10-25 17:46:40.589999914+00:00,2024-10-25 19:46:40.589999914+02:00
1729878414.99,3308926800000.0,4455,2024-10-25 17:46:54.990000010+00:00,2024-10-25 19:46:54.990000010+02:00
1729878429.3899999,3352083800000.0,4455,2024-10-25 17:47:09.389999866+00:00,2024-10-25 19:47:09.389999866+02:00
1729878443.79,3304904400000.0,4455,2024-10-25 17:47:23.789999962+00:00,2024-10-25 19:47:23.789999962+02:00
1729878458.1899998,3308256400000.0,4455,2024-10-25 17:47:38.189999819+00:00,2024-10-25 19:47:38.189999819+02:00
1729878472.59,3337670200000.0,4455,2024-10-25 17:47:52.589999914+00:00,2024-10-25 19:47:52.589999914+02:00
1729878486.99,3332558400000.0,4455,2024-10-25 17:48:06.990000010+00:00,2024-10-25 19:48:06.990000010+02:00
1729878501.3899999,3315882200000.0,4455,2024-10-25 17:48:21.389999866+00:00,2024-10-25 19:48:21.389999866+02:00
1729878515.79,3321915800000.0,4455,2024-10-25 17:48:35.789999962+00:00,2024-10-25 19:48:35.789999962+02:00
1729878530.1899998,3319569400000.0,4455,2024-10-25 17:48:50.189999819+00:00,2024-10-25 19:48:50.189999819+02:00
1729878544.59,3327530400000.0,4455,2024-10-25 17:49:04.589999914+00:00,2024-10-25 19:49:04.589999914+02:00
1729878558.99,3342530600000.0,4455,2024-10-25 17:49:18.990000010+00:00,2024-10-25 19:49:18.990000010+02:00
1729878573.3899999,3324848800000.0,4455,2024-10-25 17:49:33.389999866+00:00,2024-10-25 19:49:33.389999866+02:00
1729878587.79,3356190000000.0,4455,2024-10-25 17:49:47.789999962+00:00,2024-10-25 19:49:47.789999962+02:00
1729878602.1899998,3319150400000.0,4455,2024-10-25 17:50:02.189999819+00:00,2024-10-25 19:50:02.189999819+02:00
1729878616.59,3300798200000.0,4455,2024-10-25 17:50:16.589999914+00:00,2024-10-25 19:50:16.589999914+02:00
1729878630.99,3327865600000.0,4455,2024-10-25 17:50:30.990000010+00:00,2024-10-25 19:50:30.990000010+02:00
1729878645.3899999,3325938200000.0,4455,2024-10-25 17:50:45.389999866+00:00,2024-10-25 19:50:45.389999866+02:00
1729878659.79,3319653200000.0,4455,2024-10-25 17:50:59.789999962+00:00,2024-10-25 19:50:59.789999962+02:00
1729878674.1899998,3367167800000.0,4455,2024-10-25 17:51:14.189999819+00:00,2024-10-25 19:51:14.189999819+02:00
1729878688.59,3322334800000.0,4455,2024-10-25 17:51:28.589999914+00:00,2024-10-25 19:51:28.589999914+02:00
1729878702.99,3323340400000.0,4455,2024-10-25 17:51:42.990000010+00:00,2024-10-25 19:51:42.990000010+02:00
1729878717.3899999,3332139400000.0,4455,2024-10-25 17:51:57.389999866+00:00,2024-10-25 19:51:57.389999866+02:00
1729878731.79,3329876800000.0,4455,2024-10-25 17:52:11.789999962+00:00,2024-10-25 19:52:11.789999962+02:00
1729878746.1899998,3344206600000.0,4455,2024-10-25 17:52:26.189999819+00:00,2024-10-25 19:52:26.189999819+02:00
1729878760.59,3322083400000.0,4455,2024-10-25 17:52:40.589999914+00:00,2024-10-25 19:52:40.589999914+02:00
1729878774.99,3332139400000.0,4455,2024-10-25 17:52:54.990000010+00:00,2024-10-25 19:52:54.990000010+02:00
1729878789.3899999,3338843400000.0,4455,2024-10-25 17:53:09.389999866+00:00,2024-10-25 19:53:09.389999866+02:00
1729878803.79,3328368400000.0,4455,2024-10-25 17:53:23.789999962+00:00,2024-10-25 19:53:23.789999962+02:00
1729878818.1899998,3350072600000.0,4455,2024-10-25 17:53:38.189999819+00:00,2024-10-25 19:53:38.189999819+02:00
1729878832.59,3306161400000.0,4455,2024-10-25 17:53:52.589999914+00:00,2024-10-25 19:53:52.589999914+02:00
1729878846.99,3354849200000.0,4455,2024-10-25 17:54:06.990000010+00:00,2024-10-25 19:54:06.990000010+02:00
1729878861.3899999,3334737200000.0,4455,2024-10-25 17:54:21.389999866+00:00,2024-10-25 19:54:21.389999866+02:00
1729878875.79,3359625800000.0,4455,2024-10-25 17:54:35.789999962+00:00,2024-10-25 19:54:35.789999962+02:00
1729878890.1899998,3375128800000.0,4455,2024-10-25 17:54:50.189999819+00:00,2024-10-25 19:54:50.189999819+02:00
1729878904.59,3366832600000.0,4455,2024-10-25 17:55:04.589999914+00:00,2024-10-25 19:55:04.589999914+02:00
1729878918.99,3323675600000.0,4455,2024-10-25 17:55:18.990000010+00:00,2024-10-25 19:55:18.990000010+02:00
1729878933.3899999,3338424400000.0,4455,2024-10-25 17:55:33.389999866+00:00,2024-10-25 19:55:33.389999866+02:00
1729878947.79,3308926800000.0,4455,2024-10-25 17:55:47.789999962+00:00,2024-10-25 19:55:47.789999962+02:00
1729878962.1899998,3371776800000.0,4455,2024-10-25 17:56:02.189999819+00:00,2024-10-25 19:56:02.189999819+02:00
1729878976.59,3367922000000.0,4455,2024-10-25 17:56:16.589999914+00:00,2024-10-25 19:56:16.589999914+02:00
1729878990.99,3352586600000.0,4455,2024-10-25 17:56:30.990000010+00:00,2024-10-25 19:56:30.990000010+02:00
1729879005.3899999,3365156600000.0,4455,2024-10-25 17:56:45.389999866+00:00,2024-10-25 19:56:45.389999866+02:00
1729879019.79,3376972400000.0,4455,2024-10-25 17:56:59.789999962+00:00,2024-10-25 19:56:59.789999962+02:00
1729879034.1899998,3341441200000.0,4455,2024-10-25 17:57:14.189999819+00:00,2024-10-25 19:57:14.189999819+02:00
1729879048.59,3330631000000.0,4455,2024-10-25 17:57:28.589999914+00:00,2024-10-25 19:57:28.589999914+02:00
1729879062.99,3396414000000.0,4455,2024-10-25 17:57:42.990000010+00:00,2024-10-25 19:57:42.990000010+02:00
1729879077.3899999,3370603600000.0,4455,2024-10-25 17:57:57.389999866+00:00,2024-10-25 19:57:57.389999866+02:00
1729879091.79,3365072800000.0,4455,2024-10-25 17:58:11.789999962+00:00,2024-10-25 19:58:11.789999962+02:00
1729879106.1899998,3357866000000.0,4455,2024-10-25 17:58:26.189999819+00:00,2024-10-25 19:58:26.189999819+02:00
1729879120.59,3355184400000.0,4455,2024-10-25 17:58:40.589999914+00:00,2024-10-25 19:58:40.589999914+02:00
1729879134.99,3332474600000.0,4455,2024-10-25 17:58:54.990000010+00:00,2024-10-25 19:58:54.990000010+02:00
1729879149.3899999,3362810200000.0,4455,2024-10-25 17:59:09.389999866+00:00,2024-10-25 19:59:09.389999866+02:00
1729879163.79,3367419200000.0,4455,2024-10-25 17:59:23.789999962+00:00,2024-10-25 19:59:23.789999962+02:00
1729879178.1899998,3338340600000.0,4455,2024-10-25 17:59:38.189999819+00:00,2024-10-25 19:59:38.189999819+02:00
1729879192.59,3373536600000.0,4455,2024-10-25 17:59:52.589999914+00:00,2024-10-25 19:59:52.589999914+02:00
1729879206.99,3347055800000.0,4455,2024-10-25 18:00:06.990000010+00:00,2024-10-25 20:00:06.990000010+02:00
1729879221.3899999,3356106200000.0,4455,2024-10-25 18:00:21.389999866+00:00,2024-10-25 20:00:21.389999866+02:00
1729879235.79,3333815400000.0,4455,2024-10-25 18:00:35.789999962+00:00,2024-10-25 20:00:35.789999962+02:00
1729879250.1899998,3363815800000.0,4455,2024-10-25 18:00:50.189999819+00:00,2024-10-25 20:00:50.189999819+02:00
1729879264.59,3351078200000.0,4455,2024-10-25 18:01:04.589999914+00:00,2024-10-25 20:01:04.589999914+02:00
1729879278.99,3325351600000.0,4455,2024-10-25 18:01:18.990000010+00:00,2024-10-25 20:01:18.990000010+02:00
1729879293.3899999,3352083800000.0,4455,2024-10-25 18:01:33.389999866+00:00,2024-10-25 20:01:33.389999866+02:00
1729879307.79,3349150800000.0,4455,2024-10-25 18:01:47.789999962+00:00,2024-10-25 20:01:47.789999962+02:00
1729879322.1899998,3342530600000.0,4455,2024-10-25 18:02:02.189999819+00:00,2024-10-25 20:02:02.189999819+02:00
1729879336.59,3335156200000.0,4455,2024-10-25 18:02:16.589999914+00:00,2024-10-25 20:02:16.589999914+02:00
1729879350.99,3340687000000.0,4455,2024-10-25 18:02:30.990000010+00:00,2024-10-25 20:02:30.990000010+02:00
1729879365.3899999,3355519600000.0,4455,2024-10-25 18:02:45.389999866+00:00,2024-10-25 20:02:45.389999866+02:00
1729879379.79,3382670800000.0,4455,2024-10-25 18:02:59.789999962+00:00,2024-10-25 20:02:59.789999962+02:00
1729879394.1899998,3359374400000.0,4455,2024-10-25 18:03:14.189999819+00:00,2024-10-25 20:03:14.189999819+02:00
1729879408.59,3358536400000.0,4455,2024-10-25 18:03:28.589999914+00:00,2024-10-25 20:03:28.589999914+02:00
1729879422.99,3370017000000.0,4455,2024-10-25 18:03:42.990000010+00:00,2024-10-25 20:03:42.990000010+02:00
1729879437.3899999,3372447200000.0,4455,2024-10-25 18:03:57.389999866+00:00,2024-10-25 20:03:57.389999866+02:00
1729879451.79,3367000200000.0,4455,2024-10-25 18:04:11.789999962+00:00,2024-10-25 20:04:11.789999962+02:00
1729879466.1899998,3369598000000.0,4455,2024-10-25 18:04:26.189999819+00:00,2024-10-25 20:04:26.189999819+02:00
1729879480.59,3358704000000.0,4455,2024-10-25 18:04:40.589999914+00:00,2024-10-25 20:04:40.589999914+02:00
1729879494.99,3310016200000.0,4455,2024-10-25 18:04:54.990000010+00:00,2024-10-25 20:04:54.990000010+02:00
1729879509.3899999,3370017000000.0,4455,2024-10-25 18:05:09.389999866+00:00,2024-10-25 20:05:09.389999866+02:00
1729879523.79,3366748800000.0,4455,2024-10-25 18:05:23.789999962+00:00,2024-10-25 20:05:23.789999962+02:00
1729879538.1899998,3342363000000.0,4455,2024-10-25 18:05:38.189999819+00:00,2024-10-25 20:05:38.189999819+02:00
1729879552.59,3367335400000.0,4455,2024-10-25 18:05:52.589999914+00:00,2024-10-25 20:05:52.589999914+02:00
1729879566.99,3292083000000.0,4455,2024-10-25 18:06:06.990000010+00:00,2024-10-25 20:06:06.990000010+02:00
1729879581.3899999,3233758200000.0,4455,2024-10-25 18:06:21.389999866+00:00,2024-10-25 20:06:21.389999866+02:00
1729879595.79,3185070400000.0,4455,2024-10-25 18:06:35.789999962+00:00,2024-10-25 20:06:35.789999962+02:00
1729879610.1899998,3224205000000.0,4455,2024-10-25 18:06:50.189999819+00:00,2024-10-25 20:06:50.189999819+02:00
1729879624.59,3145935800000.0,4455,2024-10-25 18:07:04.589999914+00:00,2024-10-25 20:07:04.589999914+02:00
1729879638.99,3159343800000.0,4455,2024-10-25 18:07:18.990000010+00:00,2024-10-25 20:07:18.990000010+02:00
1729879653.3899999,3180293800000.0,4455,2024-10-25 18:07:33.389999866+00:00,2024-10-25 20:07:33.389999866+02:00
1729879667.79,3159762800000.0,4455,2024-10-25 18:07:47.789999962+00:00,2024-10-25 20:07:47.789999962+02:00
1729879682.1899998,3137220600000.0,4455,2024-10-25 18:08:02.189999819+00:00,2024-10-25 20:08:02.189999819+02:00
1729879696.59,3140740200000.0,4455,2024-10-25 18:08:16.589999914+00:00,2024-10-25 20:08:16.589999914+02:00
1729879710.99,3129092000000.0,4455,2024-10-25 18:08:30.990000010+00:00,2024-10-25 20:08:30.990000010+02:00
1729879725.3899999,3151550400000.0,4455,2024-10-25 18:08:45.389999866+00:00,2024-10-25 20:08:45.389999866+02:00
1729879739.79,3145181600000.0,4455,2024-10-25 18:08:59.789999962+00:00,2024-10-25 20:08:59.789999962+02:00
1729879754.1899998,3138729000000.0,4455,2024-10-25 18:09:14.189999819+00:00,2024-10-25 20:09:14.189999819+02:00
1729879768.59,3114678400000.0,4455,2024-10-25 18:09:28.589999914+00:00,2024-10-25 20:09:28.589999914+02:00
1729879782.99,3109566600000.0,4455,2024-10-25 18:09:42.990000010+00:00,2024-10-25 20:09:42.990000010+02:00
1729879797.3899999,3131354600000.0,4455,2024-10-25 18:09:57.389999866+00:00,2024-10-25 20:09:57.389999866+02:00
1729879811.79,3184064800000.0,4455,2024-10-25 18:10:11.789999962+00:00,2024-10-25 20:10:11.789999962+02:00
1729879826.1899998,3209037200000.0,4455,2024-10-25 18:10:26.189999819+00:00,2024-10-25 20:10:26.189999819+02:00
1729879840.59,3162444400000.0,4455,2024-10-25 18:10:40.589999914+00:00,2024-10-25 20:10:40.589999914+02:00
1729879854.99,3173506000000.0,4455,2024-10-25 18:10:54.990000010+00:00,2024-10-25 20:10:54.990000010+02:00
1729879869.3899999,3202500800000.0,4455,2024-10-25 18:11:09.389999866+00:00,2024-10-25 20:11:09.389999866+02:00
1729879883.79,3173003200000.0,4455,2024-10-25 18:11:23.789999962+00:00,2024-10-25 20:11:23.789999962+02:00
1729879898.1899998,3162025400000.0,4455,2024-10-25 18:11:38.189999819+00:00,2024-10-25 20:11:38.189999819+02:00
1729879912.59,3202081800000.0,4455,2024-10-25 18:11:52.589999914+00:00,2024-10-25 20:11:52.589999914+02:00
1729879926.99,3179372000000.0,4455,2024-10-25 18:12:06.990000010+00:00,2024-10-25 20:12:06.990000010+02:00
1729879941.3899999,3210461800000.0,4455,2024-10-25 18:12:21.389999866+00:00,2024-10-25 20:12:21.389999866+02:00
1729879955.79,3158254400000.0,4455,2024-10-25 18:12:35.789999962+00:00,2024-10-25 20:12:35.789999962+02:00
1729879970.1899998,3208283000000.0,4455,2024-10-25 18:12:50.189999819+00:00,2024-10-25 20:12:50.189999819+02:00
1729879984.59,3162779600000.0,4455,2024-10-25 18:13:04.589999914+00:00,2024-10-25 20:13:04.589999914+02:00
1729879998.99,3200489600000.0,4455,2024-10-25 18:13:18.990000010+00:00,2024-10-25 20:13:18.990000010+02:00
1729880013.3899999,3197472800000.0,4455,2024-10-25 18:13:33.389999866+00:00,2024-10-25 20:13:33.389999866+02:00
1729880027.79,3177109400000.0,4455,2024-10-25 18:13:47.789999962+00:00,2024-10-25 20:13:47.789999962+02:00
1729880042.1899998,3181886000000.0,4455,2024-10-25 18:14:02.189999819+00:00,2024-10-25 20:14:02.189999819+02:00
1729880056.59,3183310600000.0,4455,2024-10-25 18:14:16.589999914+00:00,2024-10-25 20:14:16.589999914+02:00
1729880070.99,3187165400000.0,4455,2024-10-25 18:14:30.990000010+00:00,2024-10-25 20:14:30.990000010+02:00
1729880085.3899999,3171997600000.0,4455,2024-10-25 18:14:45.389999866+00:00,2024-10-25 20:14:45.389999866+02:00
1729880099.79,3185321800000.0,4455,2024-10-25 18:14:59.789999962+00:00,2024-10-25 20:14:59.789999962+02:00
1729880114.1899998,3200489600000.0,4455,2024-10-25 18:15:14.189999819+00:00,2024-10-25 20:15:14.189999819+02:00
1729880128.59,3177863600000.0,4455,2024-10-25 18:15:28.589999914+00:00,2024-10-25 20:15:28.589999914+02:00
1729880142.99,3221942400000.0,4455,2024-10-25 18:15:42.990000010+00:00,2024-10-25 20:15:42.990000010+02:00
1729880157.3899999,3181383200000.0,4455,2024-10-25 18:15:57.389999866+00:00,2024-10-25 20:15:57.389999866+02:00
1729880171.79,3197556600000.0,4455,2024-10-25 18:16:11.789999962+00:00,2024-10-25 20:16:11.789999962+02:00
1729880186.1899998,3208031600000.0,4455,2024-10-25 18:16:26.189999819+00:00,2024-10-25 20:16:26.189999819+02:00
1729880200.59,3214400400000.0,4455,2024-10-25 18:16:40.589999914+00:00,2024-10-25 20:16:40.589999914+02:00
1729880214.99,3182640200000.0,4455,2024-10-25 18:16:54.990000010+00:00,2024-10-25 20:16:54.990000010+02:00
1729880229.3899999,3201243800000.0,4455,2024-10-25 18:17:09.389999866+00:00,2024-10-25 20:17:09.389999866+02:00
1729880243.79,3173506000000.0,4455,2024-10-25 18:17:23.789999962+00:00,2024-10-25 20:17:23.789999962+02:00
1729880258.1899998,3199484000000.0,4455,2024-10-25 18:17:38.189999819+00:00,2024-10-25 20:17:38.189999819+02:00
1729880272.59,3155321400000.0,4455,2024-10-25 18:17:52.589999914+00:00,2024-10-25 20:17:52.589999914+02:00
1729880286.99,3180461400000.0,4455,2024-10-25 18:18:06.990000010+00:00,2024-10-25 20:18:06.990000010+02:00
1729880301.3899999,3190349800000.0,4455,2024-10-25 18:18:21.389999866+00:00,2024-10-25 20:18:21.389999866+02:00
1729880315.79,3203171200000.0,4455,2024-10-25 18:18:35.789999962+00:00,2024-10-25 20:18:35.789999962+02:00
1729880330.1899998,3191187800000.0,4455,2024-10-25 18:18:50.189999819+00:00,2024-10-25 20:18:50.189999819+02:00
1729880344.59,3196718600000.0,4455,2024-10-25 18:19:04.589999914+00:00,2024-10-25 20:19:04.589999914+02:00
1729880358.99,3176522800000.0,4455,2024-10-25 18:19:18.990000010+00:00,2024-10-25 20:19:18.990000010+02:00
1729880373.3899999,3235266600000.0,4455,2024-10-25 18:19:33.389999866+00:00,2024-10-25 20:19:33.389999866+02:00
1729880387.79,3209456200000.0,4455,2024-10-25 18:19:47.789999962+00:00,2024-10-25 20:19:47.789999962+02:00
1729880402.1899998,3214735600000.0,4455,2024-10-25 18:20:02.189999819+00:00,2024-10-25 20:20:02.189999819+02:00
1729880416.59,3243562800000.0,4455,2024-10-25 18:20:16.589999914+00:00,2024-10-25 20:20:16.589999914+02:00
1729880430.99,3207696400000.0,4455,2024-10-25 18:20:30.990000010+00:00,2024-10-25 20:20:30.990000010+02:00
1729880445.3899999,3192612400000.0,4455,2024-10-25 18:20:45.389999866+00:00,2024-10-25 20:20:45.389999866+02:00
1729880459.79,3197221400000.0,4455,2024-10-25 18:20:59.789999962+00:00,2024-10-25 20:20:59.789999962+02:00
1729880474.1899998,3195796800000.0,4455,2024-10-25 18:21:14.189999819+00:00,2024-10-25 20:21:14.189999819+02:00
1729880488.59,3247752800000.0,4455,2024-10-25 18:21:28.589999914+00:00,2024-10-25 20:21:28.589999914+02:00
1729880502.99,3219009400000.0,4455,2024-10-25 18:21:42.990000010+00:00,2024-10-25 20:21:42.990000010+02:00
1729880517.3899999,3209037200000.0,4455,2024-10-25 18:21:57.389999866+00:00,2024-10-25 20:21:57.389999866+02:00
1729880531.79,3222110000000.0,4455,2024-10-25 18:22:11.789999962+00:00,2024-10-25 20:22:11.789999962+02:00
1729880546.1899998,3211299800000.0,4455,2024-10-25 18:22:26.189999819+00:00,2024-10-25 20:22:26.189999819+02:00
1729880560.59,3177360800000.0,4455,2024-10-25 18:22:40.589999914+00:00,2024-10-25 20:22:40.589999914+02:00
1729880574.99,3231663200000.0,4455,2024-10-25 18:22:54.990000010+00:00,2024-10-25 20:22:54.990000010+02:00
1729880589.3899999,3200489600000.0,4455,2024-10-25 18:23:09.389999866+00:00,2024-10-25 20:23:09.389999866+02:00
1729880603.79,3222612800000.0,4455,2024-10-25 18:23:23.789999962+00:00,2024-10-25 20:23:23.789999962+02:00
1729880618.1899998,3230992800000.0,4455,2024-10-25 18:23:38.189999819+00:00,2024-10-25 20:23:38.189999819+02:00
1729880632.59,3186914000000.0,4455,2024-10-25 18:23:52.589999914+00:00,2024-10-25 20:23:52.589999914+02:00
1729880646.99,3212640600000.0,4455,2024-10-25 18:24:06.990000010+00:00,2024-10-25 20:24:06.990000010+02:00
1729880661.3899999,3193031400000.0,4455,2024-10-25 18:24:21.389999866+00:00,2024-10-25 20:24:21.389999866+02:00
1729880675.79,3191523000000.0,4455,2024-10-25 18:24:35.789999962+00:00,2024-10-25 20:24:35.789999962+02:00
1729880690.1899998,3151885600000.0,4455,2024-10-25 18:24:50.189999819+00:00,2024-10-25 20:24:50.189999819+02:00
1729880704.59,3186578800000.0,4455,2024-10-25 18:25:04.589999914+00:00,2024-10-25 20:25:04.589999914+02:00
1729880718.99,3147695600000.0,4455,2024-10-25 18:25:18.990000010+00:00,2024-10-25 20:25:18.990000010+02:00
1729880733.3899999,3176020000000.0,4455,2024-10-25 18:25:33.389999866+00:00,2024-10-25 20:25:33.389999866+02:00
1729880747.79,3179372000000.0,4455,2024-10-25 18:25:47.789999962+00:00,2024-10-25 20:25:47.789999962+02:00
1729880762.1899998,3146103400000.0,4455,2024-10-25 18:26:02.189999819+00:00,2024-10-25 20:26:02.189999819+02:00
1729880776.59,3139567000000.0,4455,2024-10-25 18:26:16.589999914+00:00,2024-10-25 20:26:16.589999914+02:00
1729880790.99,3131689800000.0,4455,2024-10-25 18:26:30.990000010+00:00,2024-10-25 20:26:30.990000010+02:00
1729880805.3899999,3148282200000.0,4455,2024-10-25 18:26:45.389999866+00:00,2024-10-25 20:26:45.389999866+02:00
1729880819.79,3178450200000.0,4455,2024-10-25 18:26:59.789999962+00:00,2024-10-25 20:26:59.789999962+02:00
1729880834.1899998,3197640400000.0,4455,2024-10-25 18:27:14.189999819+00:00,2024-10-25 20:27:14.189999819+02:00
1729880848.59,3143002800000.0,4455,2024-10-25 18:27:28.589999914+00:00,2024-10-25 20:27:28.589999914+02:00
1729880862.99,3157751600000.0,4455,2024-10-25 18:27:42.990000010+00:00,2024-10-25 20:27:42.990000010+02:00
1729880877.3899999,3148282200000.0,4455,2024-10-25 18:27:57.389999866+00:00,2024-10-25 20:27:57.389999866+02:00
1729880891.79,3152891200000.0,4455,2024-10-25 18:28:11.789999962+00:00,2024-10-25 20:28:11.789999962+02:00
1729880906.1899998,3142248600000.0,4455,2024-10-25 18:28:26.189999819+00:00,2024-10-25 20:28:26.189999819+02:00
1729880920.59,3161941600000.0,4455,2024-10-25 18:28:40.589999914+00:00,2024-10-25 20:28:40.589999914+02:00
1729880934.99,3156913600000.0,4455,2024-10-25 18:28:54.990000010+00:00,2024-10-25 20:28:54.990000010+02:00
1729880949.3899999,3130516600000.0,4455,2024-10-25 18:29:09.389999866+00:00,2024-10-25 20:29:09.389999866+02:00
1729880963.79,3188841400000.0,4455,2024-10-25 18:29:23.789999962+00:00,2024-10-25 20:29:23.789999962+02:00
1729880978.1899998,3182724000000.0,4455,2024-10-25 18:29:38.189999819+00:00,2024-10-25 20:29:38.189999819+02:00
1729880992.59,3157416400000.0,4455,2024-10-25 18:29:52.589999914+00:00,2024-10-25 20:29:52.589999914+02:00
1729881006.99,3205266200000.0,4455,2024-10-25 18:30:06.990000010+00:00,2024-10-25 20:30:06.990000010+02:00
1729881021.3899999,3173170800000.0,4455,2024-10-25 18:30:21.389999866+00:00,2024-10-25 20:30:21.389999866+02:00
1729881035.79,3167388600000.0,4455,2024-10-25 18:30:35.789999962+00:00,2024-10-25 20:30:35.789999962+02:00
1729881050.1899998,3162360600000.0,4455,2024-10-25 18:30:50.189999819+00:00,2024-10-25 20:30:50.189999819+02:00
1729881064.59,3137136800000.0,4455,2024-10-25 18:31:04.589999914+00:00,2024-10-25 20:31:04.589999914+02:00
1729881078.99,3177444600000.0,4455,2024-10-25 18:31:18.990000010+00:00,2024-10-25 20:31:18.990000010+02:00
1729881093.3899999,3212892000000.0,4455,2024-10-25 18:31:33.389999866+00:00,2024-10-25 20:31:33.389999866+02:00
1729881107.79,3181634600000.0,4455,2024-10-25 18:31:47.789999962+00:00,2024-10-25 20:31:47.789999962+02:00
1729881122.1899998,3165880200000.0,4455,2024-10-25 18:32:02.189999819+00:00,2024-10-25 20:32:02.189999819+02:00
1729881136.59,3183310600000.0,4455,2024-10-25 18:32:16.589999914+00:00,2024-10-25 20:32:16.589999914+02:00
1729881150.99,3167137200000.0,4455,2024-10-25 18:32:30.990000010+00:00,2024-10-25 20:32:30.990000010+02:00
1729881165.3899999,3155153800000.0,4455,2024-10-25 18:32:45.389999866+00:00,2024-10-25 20:32:45.389999866+02:00
1729881179.79,3188841400000.0,4455,2024-10-25 18:32:59.789999962+00:00,2024-10-25 20:32:59.789999962+02:00
1729881194.1899998,3179707200000.0,4455,2024-10-25 18:33:14.189999819+00:00,2024-10-25 20:33:14.189999819+02:00
1729881208.59,3191271600000.0,4455,2024-10-25 18:33:28.589999914+00:00,2024-10-25 20:33:28.589999914+02:00
1729881222.99,3198562200000.0,4455,2024-10-25 18:33:42.990000010+00:00,2024-10-25 20:33:42.990000010+02:00
1729881237.3899999,3216579200000.0,4455,2024-10-25 18:33:57.389999866+00:00,2024-10-25 20:33:57.389999866+02:00
1729881251.79,3173506000000.0,4455,2024-10-25 18:34:11.789999962+00:00,2024-10-25 20:34:11.789999962+02:00
1729881266.1899998,3169399800000.0,4455,2024-10-25 18:34:26.189999819+00:00,2024-10-25 20:34:26.189999819+02:00
1729881280.59,3175098200000.0,4455,2024-10-25 18:34:40.589999914+00:00,2024-10-25 20:34:40.589999914+02:00
1729881294.99,3189679400000.0,4455,2024-10-25 18:34:54.990000010+00:00,2024-10-25 20:34:54.990000010+02:00
1729881309.3899999,3168813200000.0,4455,2024-10-25 18:35:09.389999866+00:00,2024-10-25 20:35:09.389999866+02:00
1729881323.79,3152807400000.0,4455,2024-10-25 18:35:23.789999962+00:00,2024-10-25 20:35:23.789999962+02:00
1729881338.1899998,3178366400000.0,4455,2024-10-25 18:35:38.189999819+00:00,2024-10-25 20:35:38.189999819+02:00
1729881352.59,3264848000000.0,4455,2024-10-25 18:35:52.589999914+00:00,2024-10-25 20:35:52.589999914+02:00
1729881366.99,3176522800000.0,4455,2024-10-25 18:36:06.990000010+00:00,2024-10-25 20:36:06.990000010+02:00
1729881381.3899999,3198059400000.0,4455,2024-10-25 18:36:21.389999866+00:00,2024-10-25 20:36:21.389999866+02:00
1729881395.79,3241300200000.0,4455,2024-10-25 18:36:35.789999962+00:00,2024-10-25 20:36:35.789999962+02:00
1729881410.1899998,3229400600000.0,4455,2024-10-25 18:36:50.189999819+00:00,2024-10-25 20:36:50.189999819+02:00
1729881424.59,3198143200000.0,4455,2024-10-25 18:37:04.589999914+00:00,2024-10-25 20:37:04.589999914+02:00
1729881438.99,3191690600000.0,4455,2024-10-25 18:37:18.990000010+00:00,2024-10-25 20:37:18.990000010+02:00
1729881453.3899999,3168394200000.0,4455,2024-10-25 18:37:33.389999866+00:00,2024-10-25 20:37:33.389999866+02:00
1729881467.79,3203087400000.0,4455,2024-10-25 18:37:47.789999962+00:00,2024-10-25 20:37:47.789999962+02:00
1729881482.1899998,3195545400000.0,4455,2024-10-25 18:38:02.189999819+00:00,2024-10-25 20:38:02.189999819+02:00
1729881496.59,3182807800000.0,4455,2024-10-25 18:38:16.589999914+00:00,2024-10-25 20:38:16.589999914+02:00
1729881510.99,3179455800000.0,4455,2024-10-25 18:38:30.990000010+00:00,2024-10-25 20:38:30.990000010+02:00
1729881525.3899999,3189428000000.0,4455,2024-10-25 18:38:45.389999866+00:00,2024-10-25 20:38:45.389999866+02:00
1729881539.79,3194539800000.0,4455,2024-10-25 18:38:59.789999962+00:00,2024-10-25 20:38:59.789999962+02:00
1729881554.1899998,3204595800000.0,4455,2024-10-25 18:39:14.189999819+00:00,2024-10-25 20:39:14.189999819+02:00
1729881568.59,3235182800000.0,4455,2024-10-25 18:39:28.589999914+00:00,2024-10-25 20:39:28.589999914+02:00
1729881582.99,3248088000000.0,4455,2024-10-25 18:39:42.990000010+00:00,2024-10-25 20:39:42.990000010+02:00
1729881597.3899999,3202919800000.0,4455,2024-10-25 18:39:57.389999866+00:00,2024-10-25 20:39:57.389999866+02:00
1729881611.79,3234596200000.0,4455,2024-10-25 18:40:11.789999962+00:00,2024-10-25 20:40:11.789999962+02:00
1729881626.1899998,3185740800000.0,4455,2024-10-25 18:40:26.189999819+00:00,2024-10-25 20:40:26.189999819+02:00
1729881640.59,3191020200000.0,4455,2024-10-25 18:40:40.589999914+00:00,2024-10-25 20:40:40.589999914+02:00
1729881654.99,3202752200000.0,4455,2024-10-25 18:40:54.990000010+00:00,2024-10-25 20:40:54.990000010+02:00
1729881669.3899999,3231663200000.0,4455,2024-10-25 18:41:09.389999866+00:00,2024-10-25 20:41:09.389999866+02:00
1729881683.79,3200489600000.0,4455,2024-10-25 18:41:23.789999962+00:00,2024-10-25 20:41:23.789999962+02:00
1729881698.1899998,3230406200000.0,4455,2024-10-25 18:41:38.189999819+00:00,2024-10-25 20:41:38.189999819+02:00
1729881712.59,3211383600000.0,4455,2024-10-25 18:41:52.589999914+00:00,2024-10-25 20:41:52.589999914+02:00
1729881726.99,3182305000000.0,4455,2024-10-25 18:42:06.990000010+00:00,2024-10-25 20:42:06.990000010+02:00
1729881741.3899999,3237529200000.0,4455,2024-10-25 18:42:21.389999866+00:00,2024-10-25 20:42:21.389999866+02:00
1729881755.79,3198813600000.0,4455,2024-10-25 18:42:35.789999962+00:00,2024-10-25 20:42:35.789999962+02:00
1729881770.1899998,3228814000000.0,4455,2024-10-25 18:42:50.189999819+00:00,2024-10-25 20:42:50.189999819+02:00
1729881784.59,3235685600000.0,4455,2024-10-25 18:43:04.589999914+00:00,2024-10-25 20:43:04.589999914+02:00
1729881798.99,3205769000000.0,4455,2024-10-25 18:43:18.990000010+00:00,2024-10-25 20:43:18.990000010+02:00
1729881813.3899999,3257473600000.0,4455,2024-10-25 18:43:33.389999866+00:00,2024-10-25 20:43:33.389999866+02:00
1729881827.79,3186411200000.0,4455,2024-10-25 18:43:47.789999962+00:00,2024-10-25 20:43:47.789999962+02:00
1729881842.1899998,3206607000000.0,4455,2024-10-25 18:44:02.189999819+00:00,2024-10-25 20:44:02.189999819+02:00
1729881856.59,3187416800000.0,4455,2024-10-25 18:44:16.589999914+00:00,2024-10-25 20:44:16.589999914+02:00
1729881870.99,3071353800000.0,4455,2024-10-25 18:44:30.990000010+00:00,2024-10-25 20:44:30.990000010+02:00
1729881885.3899999,3209959000000.0,4455,2024-10-25 18:44:45.389999866+00:00,2024-10-25 20:44:45.389999866+02:00
1729881899.79,3239540400000.0,4455,2024-10-25 18:44:59.789999962+00:00,2024-10-25 20:44:59.789999962+02:00
1729881914.1899998,3196132000000.0,4455,2024-10-25 18:45:14.189999819+00:00,2024-10-25 20:45:14.189999819+02:00
1729881928.59,3235685600000.0,4455,2024-10-25 18:45:28.589999914+00:00,2024-10-25 20:45:28.589999914+02:00
1729881942.99,3179539600000.0,4455,2024-10-25 18:45:42.990000010+00:00,2024-10-25 20:45:42.990000010+02:00
1729881957.3899999,3200741000000.0,4455,2024-10-25 18:45:57.389999866+00:00,2024-10-25 20:45:57.389999866+02:00
1729881971.79,3177193200000.0,4455,2024-10-25 18:46:11.789999962+00:00,2024-10-25 20:46:11.789999962+02:00
1729881986.1899998,3200992400000.0,4455,2024-10-25 18:46:26.189999819+00:00,2024-10-25 20:46:26.189999819+02:00
1729882000.59,3240294600000.0,4455,2024-10-25 18:46:40.589999914+00:00,2024-10-25 20:46:40.589999914+02:00
1729882014.99,3219847400000.0,4455,2024-10-25 18:46:54.990000010+00:00,2024-10-25 20:46:54.990000010+02:00
1729882029.3899999,3156829800000.0,4455,2024-10-25 18:47:09.389999866+00:00,2024-10-25 20:47:09.389999866+02:00
1729882043.79,3214065200000.0,4455,2024-10-25 18:47:23.789999962+00:00,2024-10-25 20:47:23.789999962+02:00
1729882058.1899998,3163701400000.0,4455,2024-10-25 18:47:38.189999819+00:00,2024-10-25 20:47:38.189999819+02:00
1729882072.59,3225126800000.0,4455,2024-10-25 18:47:52.589999914+00:00,2024-10-25 20:47:52.589999914+02:00
1729882086.99,3199316400000.0,4455,2024-10-25 18:48:06.990000010+00:00,2024-10-25 20:48:06.990000010+02:00
1729882101.3899999,3197305200000.0,4455,2024-10-25 18:48:21.389999866+00:00,2024-10-25 20:48:21.389999866+02:00
1729882115.79,3176858000000.0,4455,2024-10-25 18:48:35.789999962+00:00,2024-10-25 20:48:35.789999962+02:00
1729882130.1899998,3229903400000.0,4455,2024-10-25 18:48:50.189999819+00:00,2024-10-25 20:48:50.189999819+02:00
1729882144.59,3197808000000.0,4455,2024-10-25 18:49:04.589999914+00:00,2024-10-25 20:49:04.589999914+02:00
1729882158.99,3216495400000.0,4455,2024-10-25 18:49:18.990000010+00:00,2024-10-25 20:49:18.990000010+02:00
1729882173.3899999,3219679800000.0,4455,2024-10-25 18:49:33.389999866+00:00,2024-10-25 20:49:33.389999866+02:00
1729882187.79,3151131400000.0,4455,2024-10-25 18:49:47.789999962+00:00,2024-10-25 20:49:47.789999962+02:00
1729882202.1899998,3193618000000.0,4455,2024-10-25 18:50:02.189999819+00:00,2024-10-25 20:50:02.189999819+02:00
1729882216.59,3233590600000.0,4455,2024-10-25 18:50:16.589999914+00:00,2024-10-25 20:50:16.589999914+02:00
1729882230.99,3212305400000.0,4455,2024-10-25 18:50:30.990000010+00:00,2024-10-25 20:50:30.990000010+02:00
1729882245.3899999,3199148800000.0,4455,2024-10-25 18:50:45.389999866+00:00,2024-10-25 20:50:45.389999866+02:00
1729882259.79,3226970400000.0,4455,2024-10-25 18:50:59.789999962+00:00,2024-10-25 20:50:59.789999962+02:00
1729882274.1899998,3222864200000.0,4455,2024-10-25 18:51:14.189999819+00:00,2024-10-25 20:51:14.189999819+02:00
1729882288.59,3194204600000.0,4455,2024-10-25 18:51:28.589999914+00:00,2024-10-25 20:51:28.589999914+02:00
1729882302.99,3225210600000.0,4455,2024-10-25 18:51:42.990000010+00:00,2024-10-25 20:51:42.990000010+02:00
1729882317.3899999,3205517600000.0,4455,2024-10-25 18:51:57.389999866+00:00,2024-10-25 20:51:57.389999866+02:00
1729882331.79,3248339400000.0,4455,2024-10-25 18:52:11.789999962+00:00,2024-10-25 20:52:11.789999962+02:00
1729882346.1899998,3234847600000.0,4455,2024-10-25 18:52:26.189999819+00:00,2024-10-25 20:52:26.189999819+02:00
1729882360.59,3201243800000.0,4455,2024-10-25 18:52:40.589999914+00:00,2024-10-25 20:52:40.589999914+02:00
1729882374.99,3240294600000.0,4455,2024-10-25 18:52:54.990000010+00:00,2024-10-25 20:52:54.990000010+02:00
1729882389.3899999,3248590800000.0,4455,2024-10-25 18:53:09.389999866+00:00,2024-10-25 20:53:09.389999866+02:00
1729882403.79,3217836200000.0,4455,2024-10-25 18:53:23.789999962+00:00,2024-10-25 20:53:23.789999962+02:00
1729882418.1899998,3185154200000.0,4455,2024-10-25 18:53:38.189999819+00:00,2024-10-25 20:53:38.189999819+02:00
1729882432.59,3214819400000.0,4455,2024-10-25 18:53:52.589999914+00:00,2024-10-25 20:53:52.589999914+02:00
1729882446.99,3207445000000.0,4455,2024-10-25 18:54:06.990000010+00:00,2024-10-25 20:54:06.990000010+02:00
1729882461.3899999,3220182600000.0,4455,2024-10-25 18:54:21.389999866+00:00,2024-10-25 20:54:21.389999866+02:00
1729882475.79,3245574000000.0,4455,2024-10-25 18:54:35.789999962+00:00,2024-10-25 20:54:35.789999962+02:00
1729882490.1899998,3206523200000.0,4455,2024-10-25 18:54:50.189999819+00:00,2024-10-25 20:54:50.189999819+02:00
1729882504.59,3216746800000.0,4455,2024-10-25 18:55:04.589999914+00:00,2024-10-25 20:55:04.589999914+02:00
1729882518.99,3230741400000.0,4455,2024-10-25 18:55:18.990000010+00:00,2024-10-25 20:55:18.990000010+02:00
1729882533.3899999,3229484400000.0,4455,2024-10-25 18:55:33.389999866+00:00,2024-10-25 20:55:33.389999866+02:00
1729882547.79,3256384200000.0,4455,2024-10-25 18:55:47.789999962+00:00,2024-10-25 20:55:47.789999962+02:00
1729882562.1899998,3224875400000.0,4455,2024-10-25 18:56:02.189999819+00:00,2024-10-25 20:56:02.189999819+02:00
1729882576.59,3239372800000.0,4455,2024-10-25 18:56:16.589999914+00:00,2024-10-25 20:56:16.589999914+02:00
1729882590.99,3217920000000.0,4455,2024-10-25 18:56:30.990000010+00:00,2024-10-25 20:56:30.990000010+02:00
1729882605.3899999,3208115400000.0,4455,2024-10-25 18:56:45.389999866+00:00,2024-10-25 20:56:45.389999866+02:00
1729882619.79,3226970400000.0,4455,2024-10-25 18:56:59.789999962+00:00,2024-10-25 20:56:59.789999962+02:00
1729882634.1899998,3227221800000.0,4455,2024-10-25 18:57:14.189999819+00:00,2024-10-25 20:57:14.189999819+02:00
1729882648.59,3228814000000.0,4455,2024-10-25 18:57:28.589999914+00:00,2024-10-25 20:57:28.589999914+02:00
1729882662.99,3181969800000.0,4455,2024-10-25 18:57:42.990000010+00:00,2024-10-25 20:57:42.990000010+02:00
1729882677.3899999,3203087400000.0,4455,2024-10-25 18:57:57.389999866+00:00,2024-10-25 20:57:57.389999866+02:00
1729882691.79,3239289000000.0,4455,2024-10-25 18:58:11.789999962+00:00,2024-10-25 20:58:11.789999962+02:00
1729882706.1899998,3246747200000.0,4455,2024-10-25 18:58:26.189999819+00:00,2024-10-25 20:58:26.189999819+02:00
1729882720.59,3234680000000.0,4455,2024-10-25 18:58:40.589999914+00:00,2024-10-25 20:58:40.589999914+02:00
1729882734.99,3237780600000.0,4455,2024-10-25 18:58:54.990000010+00:00,2024-10-25 20:58:54.990000010+02:00
1729882749.3899999,3213730000000.0,4455,2024-10-25 18:59:09.389999866+00:00,2024-10-25 20:59:09.389999866+02:00
1729882763.79,3238702400000.0,4455,2024-10-25 18:59:23.789999962+00:00,2024-10-25 20:59:23.789999962+02:00
1729882778.1899998,3249009800000.0,4455,2024-10-25 18:59:38.189999819+00:00,2024-10-25 20:59:38.189999819+02:00
1729882792.59,3232249800000.0,4455,2024-10-25 18:59:52.589999914+00:00,2024-10-25 20:59:52.589999914+02:00
1729882806.99,3232920200000.0,4455,2024-10-25 19:00:06.990000010+00:00,2024-10-25 21:00:06.990000010+02:00
1729882821.3899999,3210461800000.0,4455,2024-10-25 19:00:21.389999866+00:00,2024-10-25 21:00:21.389999866+02:00
1729882835.79,3228478800000.0,4455,2024-10-25 19:00:35.789999962+00:00,2024-10-25 21:00:35.789999962+02:00
1729882850.1899998,3173338400000.0,4455,2024-10-25 19:00:50.189999819+00:00,2024-10-25 21:00:50.189999819+02:00
1729882864.59,3261915000000.0,4455,2024-10-25 19:01:04.589999914+00:00,2024-10-25 21:01:04.589999914+02:00
1729882878.99,3230573800000.0,4455,2024-10-25 19:01:18.990000010+00:00,2024-10-25 21:01:18.990000010+02:00
1729882893.3899999,3218506600000.0,4455,2024-10-25 19:01:33.389999866+00:00,2024-10-25 21:01:33.389999866+02:00
1729882907.79,3240797400000.0,4455,2024-10-25 19:01:47.789999962+00:00,2024-10-25 21:01:47.789999962+02:00
1729882922.1899998,3209204800000.0,4455,2024-10-25 19:02:02.189999819+00:00,2024-10-25 21:02:02.189999819+02:00
1729882936.59,3224037400000.0,4455,2024-10-25 19:02:16.589999914+00:00,2024-10-25 21:02:16.589999914+02:00
1729882950.99,3226635200000.0,4455,2024-10-25 19:02:30.990000010+00:00,2024-10-25 21:02:30.990000010+02:00
1729882965.3899999,3080655600000.0,4455,2024-10-25 19:02:45.389999866+00:00,2024-10-25 21:02:45.389999866+02:00
1729882979.79,2753165200000.0,4455,2024-10-25 19:02:59.789999962+00:00,2024-10-25 21:02:59.789999962+02:00
1729882994.1899998,3122890800000.0,4455,2024-10-25 19:03:14.189999819+00:00,2024-10-25 21:03:14.189999819+02:00
1729883008.59,3090292600000.0,4455,2024-10-25 19:03:28.589999914+00:00,2024-10-25 21:03:28.589999914+02:00
1729883022.99,3083253400000.0,4455,2024-10-25 19:03:42.990000010+00:00,2024-10-25 21:03:42.990000010+02:00
1729883037.3899999,3103365400000.0,4455,2024-10-25 19:03:57.389999866+00:00,2024-10-25 21:03:57.389999866+02:00
1729883051.79,3103952000000.0,4455,2024-10-25 19:04:11.789999962+00:00,2024-10-25 21:04:11.789999962+02:00
1729883066.1899998,3109818000000.0,4455,2024-10-25 19:04:26.189999819+00:00,2024-10-25 21:04:26.189999819+02:00
1729883080.59,3111996800000.0,4455,2024-10-25 19:04:40.589999914+00:00,2024-10-25 21:04:40.589999914+02:00
1729883094.99,3074370600000.0,4455,2024-10-25 19:04:54.990000010+00:00,2024-10-25 21:04:54.990000010+02:00
1729883109.3899999,3100432400000.0,4455,2024-10-25 19:05:09.389999866+00:00,2024-10-25 21:05:09.389999866+02:00
1729883123.79,3083504800000.0,4455,2024-10-25 19:05:23.789999962+00:00,2024-10-25 21:05:23.789999962+02:00
1729883138.1899998,3113086200000.0,4455,2024-10-25 19:05:38.189999819+00:00,2024-10-25 21:05:38.189999819+02:00
1729883152.59,3107723000000.0,4455,2024-10-25 19:05:52.589999914+00:00,2024-10-25 21:05:52.589999914+02:00
1729883166.99,3129427200000.0,4455,2024-10-25 19:06:06.990000010+00:00,2024-10-25 21:06:06.990000010+02:00
1729883181.3899999,3100935200000.0,4455,2024-10-25 19:06:21.389999866+00:00,2024-10-25 21:06:21.389999866+02:00
1729883195.79,3084426600000.0,4455,2024-10-25 19:06:35.789999962+00:00,2024-10-25 21:06:35.789999962+02:00
1729883210.1899998,3089119400000.0,4455,2024-10-25 19:06:50.189999819+00:00,2024-10-25 21:06:50.189999819+02:00
1729883224.59,3101605600000.0,4455,2024-10-25 19:07:04.589999914+00:00,2024-10-25 21:07:04.589999914+02:00
1729883238.99,3106885000000.0,4455,2024-10-25 19:07:18.990000010+00:00,2024-10-25 21:07:18.990000010+02:00
1729883253.3899999,3131941200000.0,4455,2024-10-25 19:07:33.389999866+00:00,2024-10-25 21:07:33.389999866+02:00
1729883267.79,3098588800000.0,4455,2024-10-25 19:07:47.789999962+00:00,2024-10-25 21:07:47.789999962+02:00
1729883282.1899998,3109818000000.0,4455,2024-10-25 19:08:02.189999819+00:00,2024-10-25 21:08:02.189999819+02:00
1729883296.59,3128254000000.0,4455,2024-10-25 19:08:16.589999914+00:00,2024-10-25 21:08:16.589999914+02:00
1729883310.99,3080320400000.0,4455,2024-10-25 19:08:30.990000010+00:00,2024-10-25 21:08:30.990000010+02:00
1729883325.3899999,3106466000000.0,4455,2024-10-25 19:08:45.389999866+00:00,2024-10-25 21:08:45.389999866+02:00
1729883339.79,3140069800000.0,4455,2024-10-25 19:08:59.789999962+00:00,2024-10-25 21:08:59.789999962+02:00
1729883354.1899998,3094315000000.0,4455,2024-10-25 19:09:14.189999819+00:00,2024-10-25 21:09:14.189999819+02:00
1729883368.59,3091968600000.0,4455,2024-10-25 19:09:28.589999914+00:00,2024-10-25 21:09:28.589999914+02:00
1729883382.99,3129259600000.0,4455,2024-10-25 19:09:42.990000010+00:00,2024-10-25 21:09:42.990000010+02:00
1729883397.3899999,3120209200000.0,4455,2024-10-25 19:09:57.389999866+00:00,2024-10-25 21:09:57.389999866+02:00
1729883411.79,3082164000000.0,4455,2024-10-25 19:10:11.789999962+00:00,2024-10-25 21:10:11.789999962+02:00
1729883426.1899998,3122471800000.0,4455,2024-10-25 19:10:26.189999819+00:00,2024-10-25 21:10:26.189999819+02:00
1729883440.59,3148952600000.0,4455,2024-10-25 19:10:40.589999914+00:00,2024-10-25 21:10:40.589999914+02:00
1729883454.99,3137388200000.0,4455,2024-10-25 19:10:54.990000010+00:00,2024-10-25 21:10:54.990000010+02:00
1729883469.3899999,3127499800000.0,4455,2024-10-25 19:11:09.389999866+00:00,2024-10-25 21:11:09.389999866+02:00
1729883483.79,3115935400000.0,4455,2024-10-25 19:11:23.789999962+00:00,2024-10-25 21:11:23.789999962+02:00
1729883498.1899998,3149874400000.0,4455,2024-10-25 19:11:38.189999819+00:00,2024-10-25 21:11:38.189999819+02:00
1729883512.59,3162276800000.0,4455,2024-10-25 19:11:52.589999914+00:00,2024-10-25 21:11:52.589999914+02:00
1729883526.99,3111577800000.0,4455,2024-10-25 19:12:06.990000010+00:00,2024-10-25 21:12:06.990000010+02:00
1729883541.3899999,3135796000000.0,4455,2024-10-25 19:12:21.389999866+00:00,2024-10-25 21:12:21.389999866+02:00
1729883555.79,3134203800000.0,4455,2024-10-25 19:12:35.789999962+00:00,2024-10-25 21:12:35.789999962+02:00
1729883570.1899998,3107974400000.0,4455,2024-10-25 19:12:50.189999819+00:00,2024-10-25 21:12:50.189999819+02:00
1729883584.59,3116522000000.0,4455,2024-10-25 19:13:04.589999914+00:00,2024-10-25 21:13:04.589999914+02:00
1729883598.99,3158003000000.0,4455,2024-10-25 19:13:18.990000010+00:00,2024-10-25 21:13:18.990000010+02:00
1729883613.3899999,3116773400000.0,4455,2024-10-25 19:13:33.389999866+00:00,2024-10-25 21:13:33.389999866+02:00
1729883627.79,3142667600000.0,4455,2024-10-25 19:13:47.789999962+00:00,2024-10-25 21:13:47.789999962+02:00
1729883642.1899998,3148282200000.0,4455,2024-10-25 19:14:02.189999819+00:00,2024-10-25 21:14:02.189999819+02:00
1729883656.59,3113337600000.0,4455,2024-10-25 19:14:16.589999914+00:00,2024-10-25 21:14:16.589999914+02:00
1729883670.99,3156913600000.0,4455,2024-10-25 19:14:30.990000010+00:00,2024-10-25 21:14:30.990000010+02:00
1729883685.3899999,3149706800000.0,4455,2024-10-25 19:14:45.389999866+00:00,2024-10-25 21:14:45.389999866+02:00
1729883699.79,3116773400000.0,4455,2024-10-25 19:14:59.789999962+00:00,2024-10-25 21:14:59.789999962+02:00
1729883714.1899998,3158003000000.0,4455,2024-10-25 19:15:14.189999819+00:00,2024-10-25 21:15:14.189999819+02:00
1729883728.59,3112415800000.0,4455,2024-10-25 19:15:28.589999914+00:00,2024-10-25 21:15:28.589999914+02:00
1729883742.99,3161522600000.0,4455,2024-10-25 19:15:42.990000010+00:00,2024-10-25 21:15:42.990000010+02:00
1729883757.3899999,3138142400000.0,4455,2024-10-25 19:15:57.389999866+00:00,2024-10-25 21:15:57.389999866+02:00
1729883771.79,3171243400000.0,4455,2024-10-25 19:16:11.789999962+00:00,2024-10-25 21:16:11.789999962+02:00
1729883786.1899998,3152556000000.0,4455,2024-10-25 19:16:26.189999819+00:00,2024-10-25 21:16:26.189999819+02:00
1729883800.59,3135628400000.0,4455,2024-10-25 19:16:40.589999914+00:00,2024-10-25 21:16:40.589999914+02:00
1729883814.99,3119119800000.0,4455,2024-10-25 19:16:54.990000010+00:00,2024-10-25 21:16:54.990000010+02:00
1729883829.3899999,3143757000000.0,4455,2024-10-25 19:17:09.389999866+00:00,2024-10-25 21:17:09.389999866+02:00
1729883843.79,3118868400000.0,4455,2024-10-25 19:17:23.789999962+00:00,2024-10-25 21:17:23.789999962+02:00
1729883858.1899998,3169399800000.0,4455,2024-10-25 19:17:38.189999819+00:00,2024-10-25 21:17:38.189999819+02:00
1729883872.59,3154148200000.0,4455,2024-10-25 19:17:52.589999914+00:00,2024-10-25 21:17:52.589999914+02:00
1729883886.99,3100181000000.0,4455,2024-10-25 19:18:06.990000010+00:00,2024-10-25 21:18:06.990000010+02:00
1729883901.3899999,3155572800000.0,4455,2024-10-25 19:18:21.389999866+00:00,2024-10-25 21:18:21.389999866+02:00
1729883915.79,3157751600000.0,4455,2024-10-25 19:18:35.789999962+00:00,2024-10-25 21:18:35.789999962+02:00
1729883930.1899998,3128840600000.0,4455,2024-10-25 19:18:50.189999819+00:00,2024-10-25 21:18:50.189999819+02:00
1729883944.59,3189595600000.0,4455,2024-10-25 19:19:04.589999914+00:00,2024-10-25 21:19:04.589999914+02:00
1729883958.99,3147444200000.0,4455,2024-10-25 19:19:18.990000010+00:00,2024-10-25 21:19:18.990000010+02:00
1729883973.3899999,3157919200000.0,4455,2024-10-25 19:19:33.389999866+00:00,2024-10-25 21:19:33.389999866+02:00
1729883987.79,3161522600000.0,4455,2024-10-25 19:19:47.789999962+00:00,2024-10-25 21:19:47.789999962+02:00
1729884002.1899998,3151718000000.0,4455,2024-10-25 19:20:02.189999819+00:00,2024-10-25 21:20:02.189999819+02:00
1729884016.59,3163785200000.0,4455,2024-10-25 19:20:16.589999914+00:00,2024-10-25 21:20:16.589999914+02:00
1729884030.99,3200154400000.0,4455,2024-10-25 19:20:30.990000010+00:00,2024-10-25 21:20:30.990000010+02:00
1729884045.3899999,3134371400000.0,4455,2024-10-25 19:20:45.389999866+00:00,2024-10-25 21:20:45.389999866+02:00
1729884059.79,3146187200000.0,4455,2024-10-25 19:20:59.789999962+00:00,2024-10-25 21:20:59.789999962+02:00
1729884074.1899998,3153058800000.0,4455,2024-10-25 19:21:14.189999819+00:00,2024-10-25 21:21:14.189999819+02:00
1729884088.59,3155153800000.0,4455,2024-10-25 19:21:28.589999914+00:00,2024-10-25 21:21:28.589999914+02:00
1729884102.99,3118700800000.0,4455,2024-10-25 19:21:42.990000010+00:00,2024-10-25 21:21:42.990000010+02:00
1729884117.3899999,3185238000000.0,4455,2024-10-25 19:21:57.389999866+00:00,2024-10-25 21:21:57.389999866+02:00
1729884131.79,3113337600000.0,4455,2024-10-25 19:22:11.789999962+00:00,2024-10-25 21:22:11.789999962+02:00
1729884146.1899998,3159511400000.0,4455,2024-10-25 19:22:26.189999819+00:00,2024-10-25 21:22:26.189999819+02:00
1729884160.59,3138142400000.0,4455,2024-10-25 19:22:40.589999914+00:00,2024-10-25 21:22:40.589999914+02:00
1729884174.99,3132025000000.0,4455,2024-10-25 19:22:54.990000010+00:00,2024-10-25 21:22:54.990000010+02:00
1729884189.3899999,3119455000000.0,4455,2024-10-25 19:23:09.389999866+00:00,2024-10-25 21:23:09.389999866+02:00
1729884203.79,3112667200000.0,4455,2024-10-25 19:23:23.789999962+00:00,2024-10-25 21:23:23.789999962+02:00
1729884218.1899998,3126242800000.0,4455,2024-10-25 19:23:38.189999819+00:00,2024-10-25 21:23:38.189999819+02:00
1729884232.59,3127332200000.0,4455,2024-10-25 19:23:52.589999914+00:00,2024-10-25 21:23:52.589999914+02:00
1729884246.99,3173254600000.0,4455,2024-10-25 19:24:06.990000010+00:00,2024-10-25 21:24:06.990000010+02:00
1729884261.3899999,3170154000000.0,4455,2024-10-25 19:24:21.389999866+00:00,2024-10-25 21:24:21.389999866+02:00
1729884275.79,3110823600000.0,4455,2024-10-25 19:24:35.789999962+00:00,2024-10-25 21:24:35.789999962+02:00
1729884290.1899998,3177947400000.0,4455,2024-10-25 19:24:50.189999819+00:00,2024-10-25 21:24:50.189999819+02:00
1729884304.59,3150125800000.0,4455,2024-10-25 19:25:04.589999914+00:00,2024-10-25 21:25:04.589999914+02:00
1729884318.99,3171997600000.0,4455,2024-10-25 19:25:18.990000010+00:00,2024-10-25 21:25:18.990000010+02:00
1729884333.3899999,3155991800000.0,4455,2024-10-25 19:25:33.389999866+00:00,2024-10-25 21:25:33.389999866+02:00
1729884347.79,3167053400000.0,4455,2024-10-25 19:25:47.789999962+00:00,2024-10-25 21:25:47.789999962+02:00
1729884362.1899998,3137639600000.0,4455,2024-10-25 19:26:02.189999819+00:00,2024-10-25 21:26:02.189999819+02:00
1729884376.59,3165461200000.0,4455,2024-10-25 19:26:16.589999914+00:00,2024-10-25 21:26:16.589999914+02:00
1729884390.99,3154232000000.0,4455,2024-10-25 19:26:30.990000010+00:00,2024-10-25 21:26:30.990000010+02:00
1729884405.3899999,3152472200000.0,4455,2024-10-25 19:26:45.389999866+00:00,2024-10-25 21:26:45.389999866+02:00
1729884419.79,3169064600000.0,4455,2024-10-25 19:26:59.789999962+00:00,2024-10-25 21:26:59.789999962+02:00
1729884434.1899998,3156997400000.0,4455,2024-10-25 19:27:14.189999819+00:00,2024-10-25 21:27:14.189999819+02:00
1729884448.59,3158086800000.0,4455,2024-10-25 19:27:28.589999914+00:00,2024-10-25 21:27:28.589999914+02:00
1729884462.99,3194037000000.0,4455,2024-10-25 19:27:42.990000010+00:00,2024-10-25 21:27:42.990000010+02:00
1729884477.3899999,3164036600000.0,4455,2024-10-25 19:27:57.389999866+00:00,2024-10-25 21:27:57.389999866+02:00
1729884491.79,3168394200000.0,4455,2024-10-25 19:28:11.789999962+00:00,2024-10-25 21:28:11.789999962+02:00
1729884506.1899998,3157667800000.0,4455,2024-10-25 19:28:26.189999819+00:00,2024-10-25 21:28:26.189999819+02:00
1729884520.59,3152639800000.0,4455,2024-10-25 19:28:40.589999914+00:00,2024-10-25 21:28:40.589999914+02:00
1729884534.99,3136969200000.0,4455,2024-10-25 19:28:54.990000010+00:00,2024-10-25 21:28:54.990000010+02:00
1729884549.3899999,3170070200000.0,4455,2024-10-25 19:29:09.389999866+00:00,2024-10-25 21:29:09.389999866+02:00
1729884563.79,3131606000000.0,4455,2024-10-25 19:29:23.789999962+00:00,2024-10-25 21:29:23.789999962+02:00
1729884578.1899998,3136885400000.0,4455,2024-10-25 19:29:38.189999819+00:00,2024-10-25 21:29:38.189999819+02:00
1729884592.59,3141829600000.0,4455,2024-10-25 19:29:52.589999914+00:00,2024-10-25 21:29:52.589999914+02:00
1729884606.99,3141745800000.0,4455,2024-10-25 19:30:06.990000010+00:00,2024-10-25 21:30:06.990000010+02:00
1729884621.3899999,3115516400000.0,4455,2024-10-25 19:30:21.389999866+00:00,2024-10-25 21:30:21.389999866+02:00
1729884635.79,3150209600000.0,4455,2024-10-25 19:30:35.789999962+00:00,2024-10-25 21:30:35.789999962+02:00
1729884650.1899998,3125321000000.0,4455,2024-10-25 19:30:50.189999819+00:00,2024-10-25 21:30:50.189999819+02:00
1729884664.59,3142416200000.0,4455,2024-10-25 19:31:04.589999914+00:00,2024-10-25 21:31:04.589999914+02:00
1729884678.99,3159511400000.0,4455,2024-10-25 19:31:18.990000010+00:00,2024-10-25 21:31:18.990000010+02:00
1729884693.3899999,3123812600000.0,4455,2024-10-25 19:31:33.389999866+00:00,2024-10-25 21:31:33.389999866+02:00
1729884707.79,3145265400000.0,4455,2024-10-25 19:31:47.789999962+00:00,2024-10-25 21:31:47.789999962+02:00
1729884722.1899998,3160852200000.0,4455,2024-10-25 19:32:02.189999819+00:00,2024-10-25 21:32:02.189999819+02:00
1729884736.59,3114343200000.0,4455,2024-10-25 19:32:16.589999914+00:00,2024-10-25 21:32:16.589999914+02:00
1729884750.99,3151550400000.0,4455,2024-10-25 19:32:30.990000010+00:00,2024-10-25 21:32:30.990000010+02:00
1729884765.3899999,3135712200000.0,4455,2024-10-25 19:32:45.389999866+00:00,2024-10-25 21:32:45.389999866+02:00
1729884779.79,3141159200000.0,4455,2024-10-25 19:32:59.789999962+00:00,2024-10-25 21:32:59.789999962+02:00
1729884794.1899998,3136382600000.0,4455,2024-10-25 19:33:14.189999819+00:00,2024-10-25 21:33:14.189999819+02:00
1729884808.59,3132276400000.0,4455,2024-10-25 19:33:28.589999914+00:00,2024-10-25 21:33:28.589999914+02:00
1729884822.99,3147947000000.0,4455,2024-10-25 19:33:42.990000010+00:00,2024-10-25 21:33:42.990000010+02:00
1729884837.3899999,3077722600000.0,4455,2024-10-25 19:33:57.389999866+00:00,2024-10-25 21:33:57.389999866+02:00
1729884851.79,3150125800000.0,4455,2024-10-25 19:34:11.789999962+00:00,2024-10-25 21:34:11.789999962+02:00
1729884866.1899998,3121214800000.0,4455,2024-10-25 19:34:26.189999819+00:00,2024-10-25 21:34:26.189999819+02:00
1729884880.59,3066325800000.0,4455,2024-10-25 19:34:40.589999914+00:00,2024-10-25 21:34:40.589999914+02:00
1729884894.99,3137807200000.0,4455,2024-10-25 19:34:54.990000010+00:00,2024-10-25 21:34:54.990000010+02:00
1729884909.3899999,3098588800000.0,4455,2024-10-25 19:35:09.389999866+00:00,2024-10-25 21:35:09.389999866+02:00
1729884923.79,3143505600000.0,4455,2024-10-25 19:35:23.789999962+00:00,2024-10-25 21:35:23.789999962+02:00
1729884938.1899998,3105963200000.0,4455,2024-10-25 19:35:38.189999819+00:00,2024-10-25 21:35:38.189999819+02:00
1729884952.59,3172081400000.0,4455,2024-10-25 19:35:52.589999914+00:00,2024-10-25 21:35:52.589999914+02:00
1729884966.99,3171746200000.0,4455,2024-10-25 19:36:06.990000010+00:00,2024-10-25 21:36:06.990000010+02:00
1729884981.3899999,3142919000000.0,4455,2024-10-25 19:36:21.389999866+00:00,2024-10-25 21:36:21.389999866+02:00
1729884995.79,3145768200000.0,4455,2024-10-25 19:36:35.789999962+00:00,2024-10-25 21:36:35.789999962+02:00
1729885010.1899998,3145600600000.0,4455,2024-10-25 19:36:50.189999819+00:00,2024-10-25 21:36:50.189999819+02:00
1729885024.59,3139986000000.0,4455,2024-10-25 19:37:04.589999914+00:00,2024-10-25 21:37:04.589999914+02:00
1729885038.99,3157667800000.0,4455,2024-10-25 19:37:18.990000010+00:00,2024-10-25 21:37:18.990000010+02:00
1729885053.3899999,3119371200000.0,4455,2024-10-25 19:37:33.389999866+00:00,2024-10-25 21:37:33.389999866+02:00
1729885067.79,3130851800000.0,4455,2024-10-25 19:37:47.789999962+00:00,2024-10-25 21:37:47.789999962+02:00
1729885082.1899998,3143170400000.0,4455,2024-10-25 19:38:02.189999819+00:00,2024-10-25 21:38:02.189999819+02:00
1729885096.59,3136717800000.0,4455,2024-10-25 19:38:16.589999914+00:00,2024-10-25 21:38:16.589999914+02:00
1729885110.99,3123226000000.0,4455,2024-10-25 19:38:30.990000010+00:00,2024-10-25 21:38:30.990000010+02:00
1729885125.3899999,3144343600000.0,4455,2024-10-25 19:38:45.389999866+00:00,2024-10-25 21:38:45.389999866+02:00
1729885139.79,3095991000000.0,4455,2024-10-25 19:38:59.789999962+00:00,2024-10-25 21:38:59.789999962+02:00
1729885154.1899998,3128421600000.0,4455,2024-10-25 19:39:14.189999819+00:00,2024-10-25 21:39:14.189999819+02:00
1729885168.59,3148868800000.0,4455,2024-10-25 19:39:28.589999914+00:00,2024-10-25 21:39:28.589999914+02:00
1729885182.99,3123645000000.0,4455,2024-10-25 19:39:42.990000010+00:00,2024-10-25 21:39:42.990000010+02:00
1729885197.3899999,3166885800000.0,4455,2024-10-25 19:39:57.389999866+00:00,2024-10-25 21:39:57.389999866+02:00
1729885211.79,3101186600000.0,4455,2024-10-25 19:40:11.789999962+00:00,2024-10-25 21:40:11.789999962+02:00
1729885226.1899998,3144678800000.0,4455,2024-10-25 19:40:26.189999819+00:00,2024-10-25 21:40:26.189999819+02:00
1729885240.59,3160600800000.0,4455,2024-10-25 19:40:40.589999914+00:00,2024-10-25 21:40:40.589999914+02:00
1729885254.99,3159762800000.0,4455,2024-10-25 19:40:54.990000010+00:00,2024-10-25 21:40:54.990000010+02:00
1729885269.3899999,3129427200000.0,4455,2024-10-25 19:41:09.389999866+00:00,2024-10-25 21:41:09.389999866+02:00
1729885283.79,3189176600000.0,4455,2024-10-25 19:41:23.789999962+00:00,2024-10-25 21:41:23.789999962+02:00
1729885298.1899998,3128756800000.0,4455,2024-10-25 19:41:38.189999819+00:00,2024-10-25 21:41:38.189999819+02:00
1729885312.59,3142164800000.0,4455,2024-10-25 19:41:52.589999914+00:00,2024-10-25 21:41:52.589999914+02:00
1729885326.99,3132360200000.0,4455,2024-10-25 19:42:06.990000010+00:00,2024-10-25 21:42:06.990000010+02:00
1729885341.3899999,3131187000000.0,4455,2024-10-25 19:42:21.389999866+00:00,2024-10-25 21:42:21.389999866+02:00
1729885355.79,3134203800000.0,4455,2024-10-25 19:42:35.789999962+00:00,2024-10-25 21:42:35.789999962+02:00
1729885370.1899998,3133617200000.0,4455,2024-10-25 19:42:50.189999819+00:00,2024-10-25 21:42:50.189999819+02:00
1729885384.59,3150544800000.0,4455,2024-10-25 19:43:04.589999914+00:00,2024-10-25 21:43:04.589999914+02:00
1729885398.99,3134874200000.0,4455,2024-10-25 19:43:18.990000010+00:00,2024-10-25 21:43:18.990000010+02:00
1729885413.3899999,3167221000000.0,4455,2024-10-25 19:43:33.389999866+00:00,2024-10-25 21:43:33.389999866+02:00
1729885427.79,3144092200000.0,4455,2024-10-25 19:43:47.789999962+00:00,2024-10-25 21:43:47.789999962+02:00
1729885442.1899998,3100348600000.0,4455,2024-10-25 19:44:02.189999819+00:00,2024-10-25 21:44:02.189999819+02:00
1729885456.59,3154483400000.0,4455,2024-10-25 19:44:16.589999914+00:00,2024-10-25 21:44:16.589999914+02:00
1729885470.99,3165042200000.0,4455,2024-10-25 19:44:30.990000010+00:00,2024-10-25 21:44:30.990000010+02:00
1729885485.3899999,3173003200000.0,4455,2024-10-25 19:44:45.389999866+00:00,2024-10-25 21:44:45.389999866+02:00
1729885499.79,3203925400000.0,4455,2024-10-25 19:44:59.789999962+00:00,2024-10-25 21:44:59.789999962+02:00
1729885514.1899998,3175684800000.0,4455,2024-10-25 19:45:14.189999819+00:00,2024-10-25 21:45:14.189999819+02:00
1729885528.59,3173003200000.0,4455,2024-10-25 19:45:28.589999914+00:00,2024-10-25 21:45:28.589999914+02:00
1729885542.99,3186076000000.0,4455,2024-10-25 19:45:42.990000010+00:00,2024-10-25 21:45:42.990000010+02:00
1729885557.3899999,3198478400000.0,4455,2024-10-25 19:45:57.389999866+00:00,2024-10-25 21:45:57.389999866+02:00
1729885571.79,3164120400000.0,4455,2024-10-25 19:46:11.789999962+00:00,2024-10-25 21:46:11.789999962+02:00
1729885586.1899998,3163450000000.0,4455,2024-10-25 19:46:26.189999819+00:00,2024-10-25 21:46:26.189999819+02:00
1729885600.59,3150377200000.0,4455,2024-10-25 19:46:40.589999914+00:00,2024-10-25 21:46:40.589999914+02:00
1729885614.99,3159511400000.0,4455,2024-10-25 19:46:54.990000010+00:00,2024-10-25 21:46:54.990000010+02:00
1729885629.3899999,3190182200000.0,4455,2024-10-25 19:47:09.389999866+00:00,2024-10-25 21:47:09.389999866+02:00
1729885643.79,3183981000000.0,4455,2024-10-25 19:47:23.789999962+00:00,2024-10-25 21:47:23.789999962+02:00
1729885658.1899998,3142583800000.0,4455,2024-10-25 19:47:38.189999819+00:00,2024-10-25 21:47:38.189999819+02:00
1729885672.59,3196802400000.0,4455,2024-10-25 19:47:52.589999914+00:00,2024-10-25 21:47:52.589999914+02:00
1729885686.99,3184316200000.0,4455,2024-10-25 19:48:06.990000010+00:00,2024-10-25 21:48:06.990000010+02:00
1729885701.3899999,3160852200000.0,4455,2024-10-25 19:48:21.389999866+00:00,2024-10-25 21:48:21.389999866+02:00
1729885715.79,3184064800000.0,4455,2024-10-25 19:48:35.789999962+00:00,2024-10-25 21:48:35.789999962+02:00
1729885730.1899998,3192109600000.0,4455,2024-10-25 19:48:50.189999819+00:00,2024-10-25 21:48:50.189999819+02:00
1729885744.59,3198562200000.0,4455,2024-10-25 19:49:04.589999914+00:00,2024-10-25 21:49:04.589999914+02:00
1729885758.99,3150293400000.0,4455,2024-10-25 19:49:18.990000010+00:00,2024-10-25 21:49:18.990000010+02:00
1729885773.3899999,3162444400000.0,4455,2024-10-25 19:49:33.389999866+00:00,2024-10-25 21:49:33.389999866+02:00
1729885787.79,3149958200000.0,4455,2024-10-25 19:49:47.789999962+00:00,2024-10-25 21:49:47.789999962+02:00
1729885802.1899998,3152053200000.0,4455,2024-10-25 19:50:02.189999819+00:00,2024-10-25 21:50:02.189999819+02:00
1729885816.59,3198981200000.0,4455,2024-10-25 19:50:16.589999914+00:00,2024-10-25 21:50:16.589999914+02:00
1729885830.99,3171662400000.0,4455,2024-10-25 19:50:30.990000010+00:00,2024-10-25 21:50:30.990000010+02:00
1729885845.3899999,977610800000.0,4455,2024-10-25 19:50:45.389999866+00:00,2024-10-25 21:50:45.389999866+02:00
1729885859.79,0.0,4455,2024-10-25 19:50:59.789999962+00:00,2024-10-25 21:50:59.789999962+02:00
1729885874.1899998,0.0,4455,2024-10-25 19:51:14.189999819+00:00,2024-10-25 21:51:14.189999819+02:00
1729885888.59,1676000000.0,4455,2024-10-25 19:51:28.589999914+00:00,2024-10-25 21:51:28.589999914+02:00
1729885902.99,2765400000.0,4455,2024-10-25 19:51:42.990000010+00:00,2024-10-25 21:51:42.990000010+02:00
1729885917.3899999,1257000000.0,4455,2024-10-25 19:51:57.389999866+00:00,2024-10-25 21:51:57.389999866+02:00
1729885931.79,0.0,4455,2024-10-25 19:52:11.789999962+00:00,2024-10-25 21:52:11.789999962+02:00
1729885946.1899998,0.0,4455,2024-10-25 19:52:26.189999819+00:00,2024-10-25 21:52:26.189999819+02:00
1729885960.59,0.0,4455,2024-10-25 19:52:40.589999914+00:00,2024-10-25 21:52:40.589999914+02:00
1729885974.99,4525200000.0,4455,2024-10-25 19:52:54.990000010+00:00,2024-10-25 21:52:54.990000010+02:00
1729885989.3899999,0.0,4455,2024-10-25 19:53:09.389999866+00:00,2024-10-25 21:53:09.389999866+02:00
1729886003.79,1759800000.0,4455,2024-10-25 19:53:23.789999962+00:00,2024-10-25 21:53:23.789999962+02:00
1729886018.1899998,0.0,4455,2024-10-25 19:53:38.189999819+00:00,2024-10-25 21:53:38.189999819+02:00
1729886032.59,1340800000.0,4455,2024-10-25 19:53:52.589999914+00:00,2024-10-25 21:53:52.589999914+02:00
1729886046.99,1340800000.0,4455,2024-10-25 19:54:06.990000010+00:00,2024-10-25 21:54:06.990000010+02:00
1729886061.3899999,4357600000.0,4455,2024-10-25 19:54:21.389999866+00:00,2024-10-25 21:54:21.389999866+02:00
1729886075.79,0.0,4455,2024-10-25 19:54:35.789999962+00:00,2024-10-25 21:54:35.789999962+02:00
1729886090.1899998,1508400000.0,4455,2024-10-25 19:54:50.189999819+00:00,2024-10-25 21:54:50.189999819+02:00
1729886104.59,0.0,4455,2024-10-25 19:55:04.589999914+00:00,2024-10-25 21:55:04.589999914+02:00
1729886118.99,1089400000.0,4455,2024-10-25 19:55:18.990000010+00:00,2024-10-25 21:55:18.990000010+02:00
1729886133.3899999,0.0,4455,2024-10-25 19:55:33.389999866+00:00,2024-10-25 21:55:33.389999866+02:00
1729886147.79,6452600000.0,4455,2024-10-25 19:55:47.789999962+00:00,2024-10-25 21:55:47.789999962+02:00
1729886162.1899998,0.0,4455,2024-10-25 19:56:02.189999819+00:00,2024-10-25 21:56:02.189999819+02:00
1729886176.59,0.0,4455,2024-10-25 19:56:16.589999914+00:00,2024-10-25 21:56:16.589999914+02:00
1729886190.99,3687200000.0,4455,2024-10-25 19:56:30.990000010+00:00,2024-10-25 21:56:30.990000010+02:00
1729886205.3899999,335200000.0,4455,2024-10-25 19:56:45.389999866+00:00,2024-10-25 21:56:45.389999866+02:00
1729886219.79,2597800000.0,4455,2024-10-25 19:56:59.789999962+00:00,2024-10-25 21:56:59.789999962+02:00
1729886234.1899998,4273800000.0,4455,2024-10-25 19:57:14.189999819+00:00,2024-10-25 21:57:14.189999819+02:00
1729886248.59,3268200000.0,4455,2024-10-25 19:57:28.589999914+00:00,2024-10-25 21:57:28.589999914+02:00
1729886262.99,1257000000.0,4455,2024-10-25 19:57:42.990000010+00:00,2024-10-25 21:57:42.990000010+02:00
1729886277.3899999,1508400000.0,4455,2024-10-25 19:57:57.389999866+00:00,2024-10-25 21:57:57.389999866+02:00
1729886291.79,0.0,4455,2024-10-25 19:58:11.789999962+00:00,2024-10-25 21:58:11.789999962+02:00
1729886306.1899998,0.0,4455,2024-10-25 19:58:26.189999819+00:00,2024-10-25 21:58:26.189999819+02:00
1729886320.59,0.0,4455,2024-10-25 19:58:40.589999914+00:00,2024-10-25 21:58:40.589999914+02:00
1729886334.99,0.0,4455,2024-10-25 19:58:54.990000010+00:00,2024-10-25 21:58:54.990000010+02:00
1729886349.3899999,0.0,4455,2024-10-25 19:59:09.389999866+00:00,2024-10-25 21:59:09.389999866+02:00
1729886363.79,0.0,4455,2024-10-25 19:59:23.789999962+00:00,2024-10-25 21:59:23.789999962+02:00
1729886378.1899998,3268200000.0,4455,2024-10-25 19:59:38.189999819+00:00,2024-10-25 21:59:38.189999819+02:00
1729886392.59,1592200000.0,4455,2024-10-25 19:59:52.589999914+00:00,2024-10-25 21:59:52.589999914+02:00
1729886406.99,83800000.0,4455,2024-10-25 20:00:06.990000010+00:00,2024-10-25 22:00:06.990000010+02:00
1729886421.3899999,0.0,4455,2024-10-25 20:00:21.389999866+00:00,2024-10-25 22:00:21.389999866+02:00
1729886435.79,1173200000.0,4455,2024-10-25 20:00:35.789999962+00:00,2024-10-25 22:00:35.789999962+02:00
1729886450.1899998,0.0,4455,2024-10-25 20:00:50.189999819+00:00,2024-10-25 22:00:50.189999819+02:00
1729886464.59,5530800000.0,4455,2024-10-25 20:01:04.589999914+00:00,2024-10-25 22:01:04.589999914+02:00
1729886478.99,3352000000.0,4455,2024-10-25 20:01:18.990000010+00:00,2024-10-25 22:01:18.990000010+02:00
1729886493.3899999,0.0,4455,2024-10-25 20:01:33.389999866+00:00,2024-10-25 22:01:33.389999866+02:00
1729886507.79,3603400000.0,4455,2024-10-25 20:01:47.789999962+00:00,2024-10-25 22:01:47.789999962+02:00
1729886522.1899998,0.0,4455,2024-10-25 20:02:02.189999819+00:00,2024-10-25 22:02:02.189999819+02:00
1729886536.59,1927400000.0,4455,2024-10-25 20:02:16.589999914+00:00,2024-10-25 22:02:16.589999914+02:00
1729886550.99,1340800000.0,4455,2024-10-25 20:02:30.990000010+00:00,2024-10-25 22:02:30.990000010+02:00
1729886565.3899999,3352000000.0,4455,2024-10-25 20:02:45.389999866+00:00,2024-10-25 22:02:45.389999866+02:00
1729886579.79,419000000.0,4455,2024-10-25 20:02:59.789999962+00:00,2024-10-25 22:02:59.789999962+02:00
1729886594.1899998,0.0,4455,2024-10-25 20:03:14.189999819+00:00,2024-10-25 22:03:14.189999819+02:00
1729886608.59,1508400000.0,4455,2024-10-25 20:03:28.589999914+00:00,2024-10-25 22:03:28.589999914+02:00
1729886622.99,4190000000.0,4455,2024-10-25 20:03:42.990000010+00:00,2024-10-25 22:03:42.990000010+02:00
1729886637.3899999,0.0,4455,2024-10-25 20:03:57.389999866+00:00,2024-10-25 22:03:57.389999866+02:00
1729886651.79,754200000.0,4455,2024-10-25 20:04:11.789999962+00:00,2024-10-25 22:04:11.789999962+02:00
1729886666.1899998,4022400000.0,4455,2024-10-25 20:04:26.189999819+00:00,2024-10-25 22:04:26.189999819+02:00
1729886680.59,0.0,4455,2024-10-25 20:04:40.589999914+00:00,2024-10-25 22:04:40.589999914+02:00
1729886694.99,2346400000.0,4455,2024-10-25 20:04:54.990000010+00:00,2024-10-25 22:04:54.990000010+02:00
1729886709.3899999,0.0,4455,2024-10-25 20:05:09.389999866+00:00,2024-10-25 22:05:09.389999866+02:00
1729886723.79,6704000000.0,4455,2024-10-25 20:05:23.789999962+00:00,2024-10-25 22:05:23.789999962+02:00
1729886738.1899998,2095000000.0,4455,2024-10-25 20:05:38.189999819+00:00,2024-10-25 22:05:38.189999819+02:00
1729886752.59,0.0,4455,2024-10-25 20:05:52.589999914+00:00,2024-10-25 22:05:52.589999914+02:00
1729886766.99,0.0,4455,2024-10-25 20:06:06.990000010+00:00,2024-10-25 22:06:06.990000010+02:00
1729886781.3899999,0.0,4455,2024-10-25 20:06:21.389999866+00:00,2024-10-25 22:06:21.389999866+02:00
1729886795.79,838000000.0,4455,2024-10-25 20:06:35.789999962+00:00,2024-10-25 22:06:35.789999962+02:00
1729886810.1899998,4022400000.0,4455,2024-10-25 20:06:50.189999819+00:00,2024-10-25 22:06:50.189999819+02:00
1729886824.59,0.0,4455,2024-10-25 20:07:04.589999914+00:00,2024-10-25 22:07:04.589999914+02:00
1729886838.99,0.0,4455,2024-10-25 20:07:18.990000010+00:00,2024-10-25 22:07:18.990000010+02:00
1729886853.3899999,0.0,4455,2024-10-25 20:07:33.389999866+00:00,2024-10-25 22:07:33.389999866+02:00
1729886867.79,3854800000.0,4455,2024-10-25 20:07:47.789999962+00:00,2024-10-25 22:07:47.789999962+02:00
1729886882.1899998,2514000000.0,4455,2024-10-25 20:08:02.189999819+00:00,2024-10-25 22:08:02.189999819+02:00
1729886896.59,0.0,4455,2024-10-25 20:08:16.589999914+00:00,2024-10-25 22:08:16.589999914+02:00
1729886910.99,0.0,4455,2024-10-25 20:08:30.990000010+00:00,2024-10-25 22:08:30.990000010+02:00
1729886925.3899999,502800000.0,4455,2024-10-25 20:08:45.389999866+00:00,2024-10-25 22:08:45.389999866+02:00
1729886939.79,0.0,4455,2024-10-25 20:08:59.789999962+00:00,2024-10-25 22:08:59.789999962+02:00
1729886954.1899998,0.0,4455,2024-10-25 20:09:14.189999819+00:00,2024-10-25 22:09:14.189999819+02:00
1729886968.59,0.0,4455,2024-10-25 20:09:28.589999914+00:00,2024-10-25 22:09:28.589999914+02:00
1729886982.99,3049482000000.0,4455,2024-10-25 20:09:42.990000010+00:00,2024-10-25 22:09:42.990000010+02:00
1729886997.3899999,3039007000000.0,4455,2024-10-25 20:09:57.389999866+00:00,2024-10-25 22:09:57.389999866+02:00
1729887011.79,3057526800000.0,4455,2024-10-25 20:10:11.789999962+00:00,2024-10-25 22:10:11.789999962+02:00
1729887026.1899998,3069258800000.0,4455,2024-10-25 20:10:26.189999819+00:00,2024-10-25 22:10:26.189999819+02:00
1729887040.59,3028532000000.0,4455,2024-10-25 20:10:40.589999914+00:00,2024-10-25 22:10:40.589999914+02:00
1729887054.99,3061800600000.0,4455,2024-10-25 20:10:54.990000010+00:00,2024-10-25 22:10:54.990000010+02:00
1729887069.3899999,3021576600000.0,4455,2024-10-25 20:11:09.389999866+00:00,2024-10-25 22:11:09.389999866+02:00
1729887083.79,3078560600000.0,4455,2024-10-25 20:11:23.789999962+00:00,2024-10-25 22:11:23.789999962+02:00
1729887098.1899998,3083085800000.0,4455,2024-10-25 20:11:38.189999819+00:00,2024-10-25 22:11:38.189999819+02:00
1729887112.59,3069845400000.0,4455,2024-10-25 20:11:52.589999914+00:00,2024-10-25 22:11:52.589999914+02:00
1729887126.99,3062303400000.0,4455,2024-10-25 20:12:06.990000010+00:00,2024-10-25 22:12:06.990000010+02:00
1729887141.3899999,3082583000000.0,4455,2024-10-25 20:12:21.389999866+00:00,2024-10-25 22:12:21.389999866+02:00
1729887155.79,3069677800000.0,4455,2024-10-25 20:12:35.789999962+00:00,2024-10-25 22:12:35.789999962+02:00
1729887170.1899998,3038671800000.0,4455,2024-10-25 20:12:50.189999819+00:00,2024-10-25 22:12:50.189999819+02:00
1729887184.59,3120460600000.0,4455,2024-10-25 20:13:04.589999914+00:00,2024-10-25 22:13:04.589999914+02:00
1729887198.99,3106298400000.0,4455,2024-10-25 20:13:18.990000010+00:00,2024-10-25 22:13:18.990000010+02:00
1729887213.3899999,3093309400000.0,4455,2024-10-25 20:13:33.389999866+00:00,2024-10-25 22:13:33.389999866+02:00
1729887227.79,3161187400000.0,4455,2024-10-25 20:13:47.789999962+00:00,2024-10-25 22:13:47.789999962+02:00
1729887242.1899998,3124650600000.0,4455,2024-10-25 20:14:02.189999819+00:00,2024-10-25 22:14:02.189999819+02:00
1729887256.59,3124147800000.0,4455,2024-10-25 20:14:16.589999914+00:00,2024-10-25 22:14:16.589999914+02:00
1729887270.99,3163198600000.0,4455,2024-10-25 20:14:30.990000010+00:00,2024-10-25 22:14:30.990000010+02:00
1729887285.3899999,3118030400000.0,4455,2024-10-25 20:14:45.389999866+00:00,2024-10-25 22:14:45.389999866+02:00
1729887299.79,3134455200000.0,4455,2024-10-25 20:14:59.789999962+00:00,2024-10-25 22:14:59.789999962+02:00
1729887314.1899998,3156494600000.0,4455,2024-10-25 20:15:14.189999819+00:00,2024-10-25 22:15:14.189999819+02:00
1729887328.59,3131103200000.0,4455,2024-10-25 20:15:28.589999914+00:00,2024-10-25 22:15:28.589999914+02:00
1729887342.99,3168142800000.0,4455,2024-10-25 20:15:42.990000010+00:00,2024-10-25 22:15:42.990000010+02:00
1729887357.3899999,3163114800000.0,4455,2024-10-25 20:15:57.389999866+00:00,2024-10-25 22:15:57.389999866+02:00
1729887371.79,3150293400000.0,4455,2024-10-25 20:16:11.789999962+00:00,2024-10-25 22:16:11.789999962+02:00
1729887386.1899998,3140488800000.0,4455,2024-10-25 20:16:26.189999819+00:00,2024-10-25 22:16:26.189999819+02:00
1729887400.59,3206188000000.0,4455,2024-10-25 20:16:40.589999914+00:00,2024-10-25 22:16:40.589999914+02:00
1729887414.99,3170740600000.0,4455,2024-10-25 20:16:54.990000010+00:00,2024-10-25 22:16:54.990000010+02:00
1729887429.3899999,3163785200000.0,4455,2024-10-25 20:17:09.389999866+00:00,2024-10-25 22:17:09.389999866+02:00
1729887443.79,3156494600000.0,4455,2024-10-25 20:17:23.789999962+00:00,2024-10-25 22:17:23.789999962+02:00
1729887458.1899998,3172165200000.0,4455,2024-10-25 20:17:38.189999819+00:00,2024-10-25 22:17:38.189999819+02:00
1729887472.59,3162109200000.0,4455,2024-10-25 20:17:52.589999914+00:00,2024-10-25 22:17:52.589999914+02:00
1729887486.99,3206439400000.0,4455,2024-10-25 20:18:06.990000010+00:00,2024-10-25 22:18:06.990000010+02:00
1729887501.3899999,3202249400000.0,4455,2024-10-25 20:18:21.389999866+00:00,2024-10-25 22:18:21.389999866+02:00
1729887515.79,3162444400000.0,4455,2024-10-25 20:18:35.789999962+00:00,2024-10-25 22:18:35.789999962+02:00
1729887530.1899998,3206523200000.0,4455,2024-10-25 20:18:50.189999819+00:00,2024-10-25 22:18:50.189999819+02:00
1729887544.59,3190852600000.0,4455,2024-10-25 20:19:04.589999914+00:00,2024-10-25 22:19:04.589999914+02:00
1729887558.99,3197389000000.0,4455,2024-10-25 20:19:18.990000010+00:00,2024-10-25 22:19:18.990000010+02:00
1729887573.3899999,3220517800000.0,4455,2024-10-25 20:19:33.389999866+00:00,2024-10-25 22:19:33.389999866+02:00
1729887587.79,3205014800000.0,4455,2024-10-25 20:19:47.789999962+00:00,2024-10-25 22:19:47.789999962+02:00
1729887602.1899998,3180377600000.0,4455,2024-10-25 20:20:02.189999819+00:00,2024-10-25 22:20:02.189999819+02:00
1729887616.59,3216663000000.0,4455,2024-10-25 20:20:16.589999914+00:00,2024-10-25 22:20:16.589999914+02:00
1729887630.99,3168897000000.0,4455,2024-10-25 20:20:30.990000010+00:00,2024-10-25 22:20:30.990000010+02:00
1729887645.3899999,3179455800000.0,4455,2024-10-25 20:20:45.389999866+00:00,2024-10-25 22:20:45.389999866+02:00
1729887659.79,3206104200000.0,4455,2024-10-25 20:20:59.789999962+00:00,2024-10-25 22:20:59.789999962+02:00
1729887674.1899998,3186327400000.0,4455,2024-10-25 20:21:14.189999819+00:00,2024-10-25 22:21:14.189999819+02:00
1729887688.59,3213813800000.0,4455,2024-10-25 20:21:28.589999914+00:00,2024-10-25 22:21:28.589999914+02:00
1729887702.99,3206439400000.0,4455,2024-10-25 20:21:42.990000010+00:00,2024-10-25 22:21:42.990000010+02:00
1729887717.3899999,3165628800000.0,4455,2024-10-25 20:21:57.389999866+00:00,2024-10-25 22:21:57.389999866+02:00
1729887731.79,3177696000000.0,4455,2024-10-25 20:22:11.789999962+00:00,2024-10-25 22:22:11.789999962+02:00
1729887746.1899998,3180712800000.0,4455,2024-10-25 20:22:26.189999819+00:00,2024-10-25 22:22:26.189999819+02:00
1729887760.59,3176271400000.0,4455,2024-10-25 20:22:40.589999914+00:00,2024-10-25 22:22:40.589999914+02:00
1729887774.99,3214232800000.0,4455,2024-10-25 20:22:54.990000010+00:00,2024-10-25 22:22:54.990000010+02:00
1729887789.3899999,3184651400000.0,4455,2024-10-25 20:23:09.389999866+00:00,2024-10-25 22:23:09.389999866+02:00
1729887803.79,3193450400000.0,4455,2024-10-25 20:23:23.789999962+00:00,2024-10-25 22:23:23.789999962+02:00
1729887818.1899998,3163617600000.0,4455,2024-10-25 20:23:38.189999819+00:00,2024-10-25 22:23:38.189999819+02:00
1729887832.59,3195377800000.0,4455,2024-10-25 20:23:52.589999914+00:00,2024-10-25 22:23:52.589999914+02:00
1729887846.99,3190517400000.0,4455,2024-10-25 20:24:06.990000010+00:00,2024-10-25 22:24:06.990000010+02:00
1729887861.3899999,3164874600000.0,4455,2024-10-25 20:24:21.389999866+00:00,2024-10-25 22:24:21.389999866+02:00
1729887875.79,3212724400000.0,4455,2024-10-25 20:24:35.789999962+00:00,2024-10-25 22:24:35.789999962+02:00
1729887890.1899998,3217165800000.0,4455,2024-10-25 20:24:50.189999819+00:00,2024-10-25 22:24:50.189999819+02:00
1729887904.59,3190852600000.0,4455,2024-10-25 20:25:04.589999914+00:00,2024-10-25 22:25:04.589999914+02:00
1729887918.99,3219428400000.0,4455,2024-10-25 20:25:18.990000010+00:00,2024-10-25 22:25:18.990000010+02:00
1729887933.3899999,3228981600000.0,4455,2024-10-25 20:25:33.389999866+00:00,2024-10-25 22:25:33.389999866+02:00
1729887947.79,3188254800000.0,4455,2024-10-25 20:25:47.789999962+00:00,2024-10-25 22:25:47.789999962+02:00
1729887962.1899998,3211635000000.0,4455,2024-10-25 20:26:02.189999819+00:00,2024-10-25 22:26:02.189999819+02:00
1729887976.59,3187500600000.0,4455,2024-10-25 20:26:16.589999914+00:00,2024-10-25 22:26:16.589999914+02:00
1729887990.99,3202417000000.0,4455,2024-10-25 20:26:30.990000010+00:00,2024-10-25 22:26:30.990000010+02:00
1729888005.3899999,3191187800000.0,4455,2024-10-25 20:26:45.389999866+00:00,2024-10-25 22:26:45.389999866+02:00
1729888019.79,3187165400000.0,4455,2024-10-25 20:26:59.789999962+00:00,2024-10-25 22:26:59.789999962+02:00
1729888034.1899998,3202165600000.0,4455,2024-10-25 20:27:14.189999819+00:00,2024-10-25 22:27:14.189999819+02:00
1729888048.59,3166466800000.0,4455,2024-10-25 20:27:28.589999914+00:00,2024-10-25 22:27:28.589999914+02:00
1729888062.99,3201495200000.0,4455,2024-10-25 20:27:42.990000010+00:00,2024-10-25 22:27:42.990000010+02:00
1729888077.3899999,3201243800000.0,4455,2024-10-25 20:27:57.389999866+00:00,2024-10-25 22:27:57.389999866+02:00
1729888091.79,3209623800000.0,4455,2024-10-25 20:28:11.789999962+00:00,2024-10-25 22:28:11.789999962+02:00
1729888106.1899998,3198562200000.0,4455,2024-10-25 20:28:26.189999819+00:00,2024-10-25 22:28:26.189999819+02:00
1729888120.59,3202249400000.0,4455,2024-10-25 20:28:40.589999914+00:00,2024-10-25 22:28:40.589999914+02:00
1729888134.99,3192109600000.0,4455,2024-10-25 20:28:54.990000010+00:00,2024-10-25 22:28:54.990000010+02:00
1729888149.3899999,3240629800000.0,4455,2024-10-25 20:29:09.389999866+00:00,2024-10-25 22:29:09.389999866+02:00
1729888163.79,3216411600000.0,4455,2024-10-25 20:29:23.789999962+00:00,2024-10-25 22:29:23.789999962+02:00
1729888178.1899998,3231076600000.0,4455,2024-10-25 20:29:38.189999819+00:00,2024-10-25 22:29:38.189999819+02:00
1729888192.59,3206188000000.0,4455,2024-10-25 20:29:52.589999914+00:00,2024-10-25 22:29:52.589999914+02:00
1729888206.99,3216495400000.0,4455,2024-10-25 20:30:06.990000010+00:00,2024-10-25 22:30:06.990000010+02:00
1729888221.3899999,3227221800000.0,4455,2024-10-25 20:30:21.389999866+00:00,2024-10-25 22:30:21.389999866+02:00
1729888235.79,3221439600000.0,4455,2024-10-25 20:30:35.789999962+00:00,2024-10-25 22:30:35.789999962+02:00
1729888250.1899998,3175768600000.0,4455,2024-10-25 20:30:50.189999819+00:00,2024-10-25 22:30:50.189999819+02:00
1729888264.59,3215154600000.0,4455,2024-10-25 20:31:04.589999914+00:00,2024-10-25 22:31:04.589999914+02:00
1729888278.99,3198227000000.0,4455,2024-10-25 20:31:18.990000010+00:00,2024-10-25 22:31:18.990000010+02:00
1729888293.3899999,3211551200000.0,4455,2024-10-25 20:31:33.389999866+00:00,2024-10-25 22:31:33.389999866+02:00
1729888307.79,3210294200000.0,4455,2024-10-25 20:31:47.789999962+00:00,2024-10-25 22:31:47.789999962+02:00
1729888322.1899998,3225462000000.0,4455,2024-10-25 20:32:02.189999819+00:00,2024-10-25 22:32:02.189999819+02:00
1729888336.59,3237613000000.0,4455,2024-10-25 20:32:16.589999914+00:00,2024-10-25 22:32:16.589999914+02:00
1729888350.99,3226802800000.0,4455,2024-10-25 20:32:30.990000010+00:00,2024-10-25 22:32:30.990000010+02:00
1729888365.3899999,3180796600000.0,4455,2024-10-25 20:32:45.389999866+00:00,2024-10-25 22:32:45.389999866+02:00
1729888379.79,3170405400000.0,4455,2024-10-25 20:32:59.789999962+00:00,2024-10-25 22:32:59.789999962+02:00
1729888394.1899998,3220853000000.0,4455,2024-10-25 20:33:14.189999819+00:00,2024-10-25 22:33:14.189999819+02:00
1729888408.59,3222864200000.0,4455,2024-10-25 20:33:28.589999914+00:00,2024-10-25 22:33:28.589999914+02:00
1729888422.99,3205685200000.0,4455,2024-10-25 20:33:42.990000010+00:00,2024-10-25 22:33:42.990000010+02:00
1729888437.3899999,3244987400000.0,4455,2024-10-25 20:33:57.389999866+00:00,2024-10-25 22:33:57.389999866+02:00
1729888451.79,3177444600000.0,4455,2024-10-25 20:34:11.789999962+00:00,2024-10-25 22:34:11.789999962+02:00
1729888466.1899998,3175098200000.0,4455,2024-10-25 20:34:26.189999819+00:00,2024-10-25 22:34:26.189999819+02:00
1729888480.59,3185657000000.0,4455,2024-10-25 20:34:40.589999914+00:00,2024-10-25 22:34:40.589999914+02:00
1729888494.99,3222026200000.0,4455,2024-10-25 20:34:54.990000010+00:00,2024-10-25 22:34:54.990000010+02:00
1729888509.3899999,3184567600000.0,4455,2024-10-25 20:35:09.389999866+00:00,2024-10-25 22:35:09.389999866+02:00
1729888523.79,3216663000000.0,4455,2024-10-25 20:35:23.789999962+00:00,2024-10-25 22:35:23.789999962+02:00
1729888538.1899998,3159092400000.0,4455,2024-10-25 20:35:38.189999819+00:00,2024-10-25 22:35:38.189999819+02:00
1729888552.59,3189763200000.0,4455,2024-10-25 20:35:52.589999914+00:00,2024-10-25 22:35:52.589999914+02:00
1729888566.99,3189679400000.0,4455,2024-10-25 20:36:06.990000010+00:00,2024-10-25 22:36:06.990000010+02:00
1729888581.3899999,3202836000000.0,4455,2024-10-25 20:36:21.389999866+00:00,2024-10-25 22:36:21.389999866+02:00
1729888595.79,3177109400000.0,4455,2024-10-25 20:36:35.789999962+00:00,2024-10-25 22:36:35.789999962+02:00
1729888610.1899998,3189176600000.0,4455,2024-10-25 20:36:50.189999819+00:00,2024-10-25 22:36:50.189999819+02:00
1729888624.59,3186662600000.0,4455,2024-10-25 20:37:04.589999914+00:00,2024-10-25 22:37:04.589999914+02:00
1729888638.99,3189679400000.0,4455,2024-10-25 20:37:18.990000010+00:00,2024-10-25 22:37:18.990000010+02:00
1729888653.3899999,3207361200000.0,4455,2024-10-25 20:37:33.389999866+00:00,2024-10-25 22:37:33.389999866+02:00
1729888667.79,3218674200000.0,4455,2024-10-25 20:37:47.789999962+00:00,2024-10-25 22:37:47.789999962+02:00
1729888682.1899998,3204428200000.0,4455,2024-10-25 20:38:02.189999819+00:00,2024-10-25 22:38:02.189999819+02:00
1729888696.59,3216998200000.0,4455,2024-10-25 20:38:16.589999914+00:00,2024-10-25 22:38:16.589999914+02:00
1729888710.99,3203925400000.0,4455,2024-10-25 20:38:30.990000010+00:00,2024-10-25 22:38:30.990000010+02:00
1729888725.3899999,3184902800000.0,4455,2024-10-25 20:38:45.389999866+00:00,2024-10-25 22:38:45.389999866+02:00
1729888739.79,3214735600000.0,4455,2024-10-25 20:38:59.789999962+00:00,2024-10-25 22:38:59.789999962+02:00
1729888754.1899998,3145768200000.0,4455,2024-10-25 20:39:14.189999819+00:00,2024-10-25 22:39:14.189999819+02:00
1729888768.59,3151634200000.0,4455,2024-10-25 20:39:28.589999914+00:00,2024-10-25 22:39:28.589999914+02:00
1729888782.99,3201160000000.0,4455,2024-10-25 20:39:42.990000010+00:00,2024-10-25 22:39:42.990000010+02:00
1729888797.3899999,3182053600000.0,4455,2024-10-25 20:39:57.389999866+00:00,2024-10-25 22:39:57.389999866+02:00
1729888811.79,3190349800000.0,4455,2024-10-25 20:40:11.789999962+00:00,2024-10-25 22:40:11.789999962+02:00
1729888826.1899998,3192780000000.0,4455,2024-10-25 20:40:26.189999819+00:00,2024-10-25 22:40:26.189999819+02:00
1729888840.59,3221523400000.0,4455,2024-10-25 20:40:40.589999914+00:00,2024-10-25 22:40:40.589999914+02:00
1729888854.99,3202752200000.0,4455,2024-10-25 20:40:54.990000010+00:00,2024-10-25 22:40:54.990000010+02:00
1729888869.3899999,3202081800000.0,4455,2024-10-25 20:41:09.389999866+00:00,2024-10-25 22:41:09.389999866+02:00
1729888883.79,3171075800000.0,4455,2024-10-25 20:41:23.789999962+00:00,2024-10-25 22:41:23.789999962+02:00
1729888898.1899998,3198059400000.0,4455,2024-10-25 20:41:38.189999819+00:00,2024-10-25 22:41:38.189999819+02:00
1729888912.59,3199484000000.0,4455,2024-10-25 20:41:52.589999914+00:00,2024-10-25 22:41:52.589999914+02:00
1729888926.99,3205182400000.0,4455,2024-10-25 20:42:06.990000010+00:00,2024-10-25 22:42:06.990000010+02:00
1729888941.3899999,3191439200000.0,4455,2024-10-25 20:42:21.389999866+00:00,2024-10-25 22:42:21.389999866+02:00
1729888955.79,3180042400000.0,4455,2024-10-25 20:42:35.789999962+00:00,2024-10-25 22:42:35.789999962+02:00
1729888970.1899998,3175182000000.0,4455,2024-10-25 20:42:50.189999819+00:00,2024-10-25 22:42:50.189999819+02:00
1729888984.59,3194288400000.0,4455,2024-10-25 20:43:04.589999914+00:00,2024-10-25 22:43:04.589999914+02:00
1729888998.99,3228311200000.0,4455,2024-10-25 20:43:18.990000010+00:00,2024-10-25 22:43:18.990000010+02:00
1729889013.3899999,3202584600000.0,4455,2024-10-25 20:43:33.389999866+00:00,2024-10-25 22:43:33.389999866+02:00
1729889027.79,3198478400000.0,4455,2024-10-25 20:43:47.789999962+00:00,2024-10-25 22:43:47.789999962+02:00
1729889042.1899998,3176271400000.0,4455,2024-10-25 20:44:02.189999819+00:00,2024-10-25 22:44:02.189999819+02:00
1729889056.59,3156578400000.0,4455,2024-10-25 20:44:16.589999914+00:00,2024-10-25 22:44:16.589999914+02:00
1729889070.99,3207696400000.0,4455,2024-10-25 20:44:30.990000010+00:00,2024-10-25 22:44:30.990000010+02:00
1729889085.3899999,3195210200000.0,4455,2024-10-25 20:44:45.389999866+00:00,2024-10-25 22:44:45.389999866+02:00
1729889099.79,3168059000000.0,4455,2024-10-25 20:44:59.789999962+00:00,2024-10-25 22:44:59.789999962+02:00
1729889114.1899998,3196299600000.0,4455,2024-10-25 20:45:14.189999819+00:00,2024-10-25 22:45:14.189999819+02:00
1729889128.59,3169148400000.0,4455,2024-10-25 20:45:28.589999914+00:00,2024-10-25 22:45:28.589999914+02:00
1729889142.99,3168478000000.0,4455,2024-10-25 20:45:42.990000010+00:00,2024-10-25 22:45:42.990000010+02:00
1729889157.3899999,3180461400000.0,4455,2024-10-25 20:45:57.389999866+00:00,2024-10-25 22:45:57.389999866+02:00
1729889171.79,3207612600000.0,4455,2024-10-25 20:46:11.789999962+00:00,2024-10-25 22:46:11.789999962+02:00
1729889186.1899998,3200741000000.0,4455,2024-10-25 20:46:26.189999819+00:00,2024-10-25 22:46:26.189999819+02:00
1729889200.59,3197975600000.0,4455,2024-10-25 20:46:40.589999914+00:00,2024-10-25 22:46:40.589999914+02:00
1729889214.99,3201076200000.0,4455,2024-10-25 20:46:54.990000010+00:00,2024-10-25 22:46:54.990000010+02:00
1729889229.3899999,3199316400000.0,4455,2024-10-25 20:47:09.389999866+00:00,2024-10-25 22:47:09.389999866+02:00
1729889243.79,3171578600000.0,4455,2024-10-25 20:47:23.789999962+00:00,2024-10-25 22:47:23.789999962+02:00
1729889258.1899998,3209540000000.0,4455,2024-10-25 20:47:38.189999819+00:00,2024-10-25 22:47:38.189999819+02:00
1729889272.59,3194623600000.0,4455,2024-10-25 20:47:52.589999914+00:00,2024-10-25 22:47:52.589999914+02:00
1729889286.99,3215238400000.0,4455,2024-10-25 20:48:06.990000010+00:00,2024-10-25 22:48:06.990000010+02:00
1729889301.3899999,3159846600000.0,4455,2024-10-25 20:48:21.389999866+00:00,2024-10-25 22:48:21.389999866+02:00
1729889315.79,3178450200000.0,4455,2024-10-25 20:48:35.789999962+00:00,2024-10-25 22:48:35.789999962+02:00
1729889330.1899998,3179288200000.0,4455,2024-10-25 20:48:50.189999819+00:00,2024-10-25 22:48:50.189999819+02:00
1729889344.59,3198059400000.0,4455,2024-10-25 20:49:04.589999914+00:00,2024-10-25 22:49:04.589999914+02:00
1729889358.99,3210964600000.0,4455,2024-10-25 20:49:18.990000010+00:00,2024-10-25 22:49:18.990000010+02:00
1729889373.3899999,3204344400000.0,4455,2024-10-25 20:49:33.389999866+00:00,2024-10-25 22:49:33.389999866+02:00
1729889387.79,3195629200000.0,4455,2024-10-25 20:49:47.789999962+00:00,2024-10-25 22:49:47.789999962+02:00
1729889402.1899998,3096326200000.0,4455,2024-10-25 20:50:02.189999819+00:00,2024-10-25 22:50:02.189999819+02:00
1729889416.59,3120293000000.0,4455,2024-10-25 20:50:16.589999914+00:00,2024-10-25 22:50:16.589999914+02:00
1729889430.99,3077052200000.0,4455,2024-10-25 20:50:30.990000010+00:00,2024-10-25 22:50:30.990000010+02:00
1729889445.3899999,3065990600000.0,4455,2024-10-25 20:50:45.389999866+00:00,2024-10-25 22:50:45.389999866+02:00
1729889459.79,3074789600000.0,4455,2024-10-25 20:50:59.789999962+00:00,2024-10-25 22:50:59.789999962+02:00
1729889474.1899998,3087527200000.0,4455,2024-10-25 20:51:14.189999819+00:00,2024-10-25 22:51:14.189999819+02:00
1729889488.59,3100683800000.0,4455,2024-10-25 20:51:28.589999914+00:00,2024-10-25 22:51:28.589999914+02:00
1729889502.99,3095153000000.0,4455,2024-10-25 20:51:42.990000010+00:00,2024-10-25 22:51:42.990000010+02:00
1729889517.3899999,3104203400000.0,4455,2024-10-25 20:51:57.389999866+00:00,2024-10-25 22:51:57.389999866+02:00
1729889531.79,3083840000000.0,4455,2024-10-25 20:52:11.789999962+00:00,2024-10-25 22:52:11.789999962+02:00
1729889546.1899998,3110069400000.0,4455,2024-10-25 20:52:26.189999819+00:00,2024-10-25 22:52:26.189999819+02:00
1729889560.59,3113253800000.0,4455,2024-10-25 20:52:40.589999914+00:00,2024-10-25 22:52:40.589999914+02:00
1729889574.99,3074622000000.0,4455,2024-10-25 20:52:54.990000010+00:00,2024-10-25 22:52:54.990000010+02:00
1729889589.3899999,3103784400000.0,4455,2024-10-25 20:53:09.389999866+00:00,2024-10-25 22:53:09.389999866+02:00
1729889603.79,3096410000000.0,4455,2024-10-25 20:53:23.789999962+00:00,2024-10-25 22:53:23.789999962+02:00
1729889618.1899998,3045459600000.0,4455,2024-10-25 20:53:38.189999819+00:00,2024-10-25 22:53:38.189999819+02:00
1729889632.59,3041604800000.0,4455,2024-10-25 20:53:52.589999914+00:00,2024-10-25 22:53:52.589999914+02:00
1729889646.99,3051493200000.0,4455,2024-10-25 20:54:06.990000010+00:00,2024-10-25 22:54:06.990000010+02:00
1729889661.3899999,3017219000000.0,4455,2024-10-25 20:54:21.389999866+00:00,2024-10-25 22:54:21.389999866+02:00
1729889675.79,3041269600000.0,4455,2024-10-25 20:54:35.789999962+00:00,2024-10-25 22:54:35.789999962+02:00
1729889690.1899998,3047387000000.0,4455,2024-10-25 20:54:50.189999819+00:00,2024-10-25 22:54:50.189999819+02:00
1729889704.59,3001716000000.0,4455,2024-10-25 20:55:04.589999914+00:00,2024-10-25 22:55:04.589999914+02:00
1729889718.99,3049482000000.0,4455,2024-10-25 20:55:18.990000010+00:00,2024-10-25 22:55:18.990000010+02:00
1729889733.3899999,3042107600000.0,4455,2024-10-25 20:55:33.389999866+00:00,2024-10-25 22:55:33.389999866+02:00
1729889747.79,3003056800000.0,4455,2024-10-25 20:55:47.789999962+00:00,2024-10-25 22:55:47.789999962+02:00
1729889762.1899998,3063225200000.0,4455,2024-10-25 20:56:02.189999819+00:00,2024-10-25 22:56:02.189999819+02:00
1729889776.59,3046213800000.0,4455,2024-10-25 20:56:16.589999914+00:00,2024-10-25 22:56:16.589999914+02:00
1729889790.99,3015543000000.0,4455,2024-10-25 20:56:30.990000010+00:00,2024-10-25 22:56:30.990000010+02:00
1729889805.3899999,3053588200000.0,4455,2024-10-25 20:56:45.389999866+00:00,2024-10-25 22:56:45.389999866+02:00
1729889819.79,3022079400000.0,4455,2024-10-25 20:56:59.789999962+00:00,2024-10-25 22:56:59.789999962+02:00
1729889834.1899998,3012945200000.0,4455,2024-10-25 20:57:14.189999819+00:00,2024-10-25 22:57:14.189999819+02:00
1729889848.59,3045208200000.0,4455,2024-10-25 20:57:28.589999914+00:00,2024-10-25 22:57:28.589999914+02:00
1729889862.99,3040096400000.0,4455,2024-10-25 20:57:42.990000010+00:00,2024-10-25 22:57:42.990000010+02:00
1729889877.3899999,3050068600000.0,4455,2024-10-25 20:57:57.389999866+00:00,2024-10-25 22:57:57.389999866+02:00
1729889891.79,3046968000000.0,4455,2024-10-25 20:58:11.789999962+00:00,2024-10-25 22:58:11.789999962+02:00
1729889906.1899998,3031465000000.0,4455,2024-10-25 20:58:26.189999819+00:00,2024-10-25 22:58:26.189999819+02:00
1729889920.59,3029956600000.0,4455,2024-10-25 20:58:40.589999914+00:00,2024-10-25 22:58:40.589999914+02:00
1729889934.99,3133449600000.0,4455,2024-10-25 20:58:54.990000010+00:00,2024-10-25 22:58:54.990000010+02:00
1729889949.3899999,3036660600000.0,4455,2024-10-25 20:59:09.389999866+00:00,2024-10-25 22:59:09.389999866+02:00
1729889963.79,2996688000000.0,4455,2024-10-25 20:59:23.789999962+00:00,2024-10-25 22:59:23.789999962+02:00
1729889978.1899998,3037079600000.0,4455,2024-10-25 20:59:38.189999819+00:00,2024-10-25 22:59:38.189999819+02:00
1729889992.59,3054761400000.0,4455,2024-10-25 20:59:52.589999914+00:00,2024-10-25 22:59:52.589999914+02:00
1729890006.99,3045375800000.0,4455,2024-10-25 21:00:06.990000010+00:00,2024-10-25 23:00:06.990000010+02:00
1729890021.3899999,3048392600000.0,4455,2024-10-25 21:00:21.389999866+00:00,2024-10-25 23:00:21.389999866+02:00
1729890035.79,3080823200000.0,4455,2024-10-25 21:00:35.789999962+00:00,2024-10-25 23:00:35.789999962+02:00
1729890050.1899998,3056186000000.0,4455,2024-10-25 21:00:50.189999819+00:00,2024-10-25 23:00:50.189999819+02:00
1729890064.59,3064817400000.0,4455,2024-10-25 21:01:04.589999914+00:00,2024-10-25 23:01:04.589999914+02:00
1729890078.99,3053253000000.0,4455,2024-10-25 21:01:18.990000010+00:00,2024-10-25 23:01:18.990000010+02:00
1729890093.3899999,3041521000000.0,4455,2024-10-25 21:01:33.389999866+00:00,2024-10-25 23:01:33.389999866+02:00
1729890107.79,3053923400000.0,4455,2024-10-25 21:01:47.789999962+00:00,2024-10-25 23:01:47.789999962+02:00
1729890122.1899998,3040347800000.0,4455,2024-10-25 21:02:02.189999819+00:00,2024-10-25 23:02:02.189999819+02:00
1729890136.59,3072275600000.0,4455,2024-10-25 21:02:16.589999914+00:00,2024-10-25 23:02:16.589999914+02:00
1729890150.99,3051660800000.0,4455,2024-10-25 21:02:30.990000010+00:00,2024-10-25 23:02:30.990000010+02:00
1729890165.3899999,3045627200000.0,4455,2024-10-25 21:02:45.389999866+00:00,2024-10-25 23:02:45.389999866+02:00
1729890179.79,3065990600000.0,4455,2024-10-25 21:02:59.789999962+00:00,2024-10-25 23:02:59.789999962+02:00
1729890194.1899998,3052247400000.0,4455,2024-10-25 21:03:14.189999819+00:00,2024-10-25 23:03:14.189999819+02:00
1729890208.59,3053253000000.0,4455,2024-10-25 21:03:28.589999914+00:00,2024-10-25 23:03:28.589999914+02:00
1729890222.99,3059705600000.0,4455,2024-10-25 21:03:42.990000010+00:00,2024-10-25 23:03:42.990000010+02:00
1729890237.3899999,3038169000000.0,4455,2024-10-25 21:03:57.389999866+00:00,2024-10-25 23:03:57.389999866+02:00
1729890251.79,3031800200000.0,4455,2024-10-25 21:04:11.789999962+00:00,2024-10-25 23:04:11.789999962+02:00
1729890266.1899998,3040850600000.0,4455,2024-10-25 21:04:26.189999819+00:00,2024-10-25 23:04:26.189999819+02:00
1729890280.59,3037498600000.0,4455,2024-10-25 21:04:40.589999914+00:00,2024-10-25 23:04:40.589999914+02:00
1729890294.99,3078560600000.0,4455,2024-10-25 21:04:54.990000010+00:00,2024-10-25 23:04:54.990000010+02:00
1729890309.3899999,3068337000000.0,4455,2024-10-25 21:05:09.389999866+00:00,2024-10-25 23:05:09.389999866+02:00
1729890323.79,3060376000000.0,4455,2024-10-25 21:05:23.789999962+00:00,2024-10-25 23:05:23.789999962+02:00
1729890338.1899998,3055348000000.0,4455,2024-10-25 21:05:38.189999819+00:00,2024-10-25 23:05:38.189999819+02:00
1729890352.59,3082415400000.0,4455,2024-10-25 21:05:52.589999914+00:00,2024-10-25 23:05:52.589999914+02:00
1729890366.99,3044873000000.0,4455,2024-10-25 21:06:06.990000010+00:00,2024-10-25 23:06:06.990000010+02:00
1729890381.3899999,3073197400000.0,4455,2024-10-25 21:06:21.389999866+00:00,2024-10-25 23:06:21.389999866+02:00
1729890395.79,3055934600000.0,4455,2024-10-25 21:06:35.789999962+00:00,2024-10-25 23:06:35.789999962+02:00
1729890410.1899998,3075041000000.0,4455,2024-10-25 21:06:50.189999819+00:00,2024-10-25 23:06:50.189999819+02:00
1729890424.59,3063057600000.0,4455,2024-10-25 21:07:04.589999914+00:00,2024-10-25 23:07:04.589999914+02:00
1729890438.99,3084175200000.0,4455,2024-10-25 21:07:18.990000010+00:00,2024-10-25 23:07:18.990000010+02:00
1729890453.3899999,3073616400000.0,4455,2024-10-25 21:07:33.389999866+00:00,2024-10-25 23:07:33.389999866+02:00
1729890467.79,3080404200000.0,4455,2024-10-25 21:07:47.789999962+00:00,2024-10-25 23:07:47.789999962+02:00
1729890482.1899998,3087611000000.0,4455,2024-10-25 21:08:02.189999819+00:00,2024-10-25 23:08:02.189999819+02:00
1729890496.59,3072610800000.0,4455,2024-10-25 21:08:16.589999914+00:00,2024-10-25 23:08:16.589999914+02:00
1729890510.99,3040766800000.0,4455,2024-10-25 21:08:30.990000010+00:00,2024-10-25 23:08:30.990000010+02:00
1729890525.3899999,3059957000000.0,4455,2024-10-25 21:08:45.389999866+00:00,2024-10-25 23:08:45.389999866+02:00
1729890539.79,3084175200000.0,4455,2024-10-25 21:08:59.789999962+00:00,2024-10-25 23:08:59.789999962+02:00
1729890554.1899998,3048225000000.0,4455,2024-10-25 21:09:14.189999819+00:00,2024-10-25 23:09:14.189999819+02:00
1729890568.59,3080739400000.0,4455,2024-10-25 21:09:28.589999914+00:00,2024-10-25 23:09:28.589999914+02:00
1729890582.99,3073784000000.0,4455,2024-10-25 21:09:42.990000010+00:00,2024-10-25 23:09:42.990000010+02:00
1729890597.3899999,3037247200000.0,4455,2024-10-25 21:09:57.389999866+00:00,2024-10-25 23:09:57.389999866+02:00
1729890611.79,3078057800000.0,4455,2024-10-25 21:10:11.789999962+00:00,2024-10-25 23:10:11.789999962+02:00
1729890626.1899998,3048225000000.0,4455,2024-10-25 21:10:26.189999819+00:00,2024-10-25 23:10:26.189999819+02:00
1729890640.59,3067750400000.0,4455,2024-10-25 21:10:40.589999914+00:00,2024-10-25 23:10:40.589999914+02:00
1729890654.99,3054593800000.0,4455,2024-10-25 21:10:54.990000010+00:00,2024-10-25 23:10:54.990000010+02:00
1729890683.79,3096661400000.0,4455,2024-10-25 21:11:23.789999962+00:00,2024-10-25 23:11:23.789999962+02:00
1729890712.59,3121466200000.0,4455,2024-10-25 21:11:52.589999914+00:00,2024-10-25 23:11:52.589999914+02:00
1729890741.3899999,3106885000000.0,4455,2024-10-25 21:12:21.389999866+00:00,2024-10-25 23:12:21.389999866+02:00
1729890770.1899998,3103030200000.0,4455,2024-10-25 21:12:50.189999819+00:00,2024-10-25 23:12:50.189999819+02:00
1729890798.99,3104287200000.0,4455,2024-10-25 21:13:18.990000010+00:00,2024-10-25 23:13:18.990000010+02:00
1729890827.79,3103952000000.0,4455,2024-10-25 21:13:47.789999962+00:00,2024-10-25 23:13:47.789999962+02:00
1729890856.59,3092974200000.0,4455,2024-10-25 21:14:16.589999914+00:00,2024-10-25 23:14:16.589999914+02:00
1729890885.3899999,3089370800000.0,4455,2024-10-25 21:14:45.389999866+00:00,2024-10-25 23:14:45.389999866+02:00
1729890914.1899998,3071689000000.0,4455,2024-10-25 21:15:14.189999819+00:00,2024-10-25 23:15:14.189999819+02:00
1729890942.99,3094650200000.0,4455,2024-10-25 21:15:42.990000010+00:00,2024-10-25 23:15:42.990000010+02:00
1729890971.79,3060459800000.0,4455,2024-10-25 21:16:11.789999962+00:00,2024-10-25 23:16:11.789999962+02:00
1729891000.59,3063560400000.0,4455,2024-10-25 21:16:40.589999914+00:00,2024-10-25 23:16:40.589999914+02:00
1729891029.3899999,3051325600000.0,4455,2024-10-25 21:17:09.389999866+00:00,2024-10-25 23:17:09.389999866+02:00
1729891058.1899998,3028113000000.0,4455,2024-10-25 21:17:38.189999819+00:00,2024-10-25 23:17:38.189999819+02:00
1729891086.99,3044789200000.0,4455,2024-10-25 21:18:06.990000010+00:00,2024-10-25 23:18:06.990000010+02:00
1729891115.79,3080907000000.0,4455,2024-10-25 21:18:35.789999962+00:00,2024-10-25 23:18:35.789999962+02:00
1729891144.59,3085683600000.0,4455,2024-10-25 21:19:04.589999914+00:00,2024-10-25 23:19:04.589999914+02:00
1729891173.3899999,3078728200000.0,4455,2024-10-25 21:19:33.389999866+00:00,2024-10-25 23:19:33.389999866+02:00
1729891202.1899998,3032135400000.0,4455,2024-10-25 21:20:02.189999819+00:00,2024-10-25 23:20:02.189999819+02:00
1729891230.99,3042945600000.0,4455,2024-10-25 21:20:30.990000010+00:00,2024-10-25 23:20:30.990000010+02:00
1729891259.79,3054426200000.0,4455,2024-10-25 21:20:59.789999962+00:00,2024-10-25 23:20:59.789999962+02:00
1729891288.59,3053504400000.0,4455,2024-10-25 21:21:28.589999914+00:00,2024-10-25 23:21:28.589999914+02:00
1729891317.3899999,3071772800000.0,4455,2024-10-25 21:21:57.389999866+00:00,2024-10-25 23:21:57.389999866+02:00
1729891346.1899998,3041269600000.0,4455,2024-10-25 21:22:26.189999819+00:00,2024-10-25 23:22:26.189999819+02:00
1729891374.99,3053001600000.0,4455,2024-10-25 21:22:54.990000010+00:00,2024-10-25 23:22:54.990000010+02:00
1729891403.79,3064733600000.0,4455,2024-10-25 21:23:23.789999962+00:00,2024-10-25 23:23:23.789999962+02:00
1729891432.59,3038504200000.0,4455,2024-10-25 21:23:52.589999914+00:00,2024-10-25 23:23:52.589999914+02:00
1729891461.3899999,3077722600000.0,4455,2024-10-25 21:24:21.389999866+00:00,2024-10-25 23:24:21.389999866+02:00
1729891490.1899998,3047722200000.0,4455,2024-10-25 21:24:50.189999819+00:00,2024-10-25 23:24:50.189999819+02:00
1729891518.99,3060543600000.0,4455,2024-10-25 21:25:18.990000010+00:00,2024-10-25 23:25:18.990000010+02:00
1729891547.79,3044705400000.0,4455,2024-10-25 21:25:47.789999962+00:00,2024-10-25 23:25:47.789999962+02:00
1729891576.59,3058616200000.0,4455,2024-10-25 21:26:16.589999914+00:00,2024-10-25 23:26:16.589999914+02:00
1729891605.3899999,3047387000000.0,4455,2024-10-25 21:26:45.389999866+00:00,2024-10-25 23:26:45.389999866+02:00
1729891634.1899998,3068169400000.0,4455,2024-10-25 21:27:14.189999819+00:00,2024-10-25 23:27:14.189999819+02:00
1729891662.99,3025012400000.0,4455,2024-10-25 21:27:42.990000010+00:00,2024-10-25 23:27:42.990000010+02:00
1729891691.79,3043448400000.0,4455,2024-10-25 21:28:11.789999962+00:00,2024-10-25 23:28:11.789999962+02:00
1729891720.59,3045794800000.0,4455,2024-10-25 21:28:40.589999914+00:00,2024-10-25 23:28:40.589999914+02:00
1729891749.3899999,3048225000000.0,4455,2024-10-25 21:29:09.389999866+00:00,2024-10-25 23:29:09.389999866+02:00
1729891778.1899998,3071521400000.0,4455,2024-10-25 21:29:38.189999819+00:00,2024-10-25 23:29:38.189999819+02:00
1729891806.99,3077052200000.0,4455,2024-10-25 21:30:06.990000010+00:00,2024-10-25 23:30:06.990000010+02:00
1729891835.79,3048141200000.0,4455,2024-10-25 21:30:35.789999962+00:00,2024-10-25 23:30:35.789999962+02:00
1729891864.59,3026437000000.0,4455,2024-10-25 21:31:04.589999914+00:00,2024-10-25 23:31:04.589999914+02:00
1729891893.3899999,3028867200000.0,4455,2024-10-25 21:31:33.389999866+00:00,2024-10-25 23:31:33.389999866+02:00
1729891922.1899998,3036576800000.0,4455,2024-10-25 21:32:02.189999819+00:00,2024-10-25 23:32:02.189999819+02:00
1729891950.99,3011436800000.0,4455,2024-10-25 21:32:30.990000010+00:00,2024-10-25 23:32:30.990000010+02:00
1729891979.79,3042694200000.0,4455,2024-10-25 21:32:59.789999962+00:00,2024-10-25 23:32:59.789999962+02:00
1729892008.59,3056018400000.0,4455,2024-10-25 21:33:28.589999914+00:00,2024-10-25 23:33:28.589999914+02:00
1729892037.3899999,3016548600000.0,4455,2024-10-25 21:33:57.389999866+00:00,2024-10-25 23:33:57.389999866+02:00
1729892066.1899998,3026269400000.0,4455,2024-10-25 21:34:26.189999819+00:00,2024-10-25 23:34:26.189999819+02:00
1729892094.99,2995012000000.0,4455,2024-10-25 21:34:54.990000010+00:00,2024-10-25 23:34:54.990000010+02:00
1729892123.79,2981436400000.0,4455,2024-10-25 21:35:23.789999962+00:00,2024-10-25 23:35:23.789999962+02:00
1729892152.59,3029370000000.0,4455,2024-10-25 21:35:52.589999914+00:00,2024-10-25 23:35:52.589999914+02:00
1729892181.3899999,2996604200000.0,4455,2024-10-25 21:36:21.389999866+00:00,2024-10-25 23:36:21.389999866+02:00
1729892210.1899998,2999034400000.0,4455,2024-10-25 21:36:50.189999819+00:00,2024-10-25 23:36:50.189999819+02:00
1729892238.99,2983531400000.0,4455,2024-10-25 21:37:18.990000010+00:00,2024-10-25 23:37:18.990000010+02:00
1729892267.79,3017973200000.0,4455,2024-10-25 21:37:47.789999962+00:00,2024-10-25 23:37:47.789999962+02:00
1729892296.59,3003559600000.0,4455,2024-10-25 21:38:16.589999914+00:00,2024-10-25 23:38:16.589999914+02:00
1729892325.3899999,3017973200000.0,4455,2024-10-25 21:38:45.389999866+00:00,2024-10-25 23:38:45.389999866+02:00
1729892354.1899998,2975235200000.0,4455,2024-10-25 21:39:14.189999819+00:00,2024-10-25 23:39:14.189999819+02:00
1729892382.99,2964341200000.0,4455,2024-10-25 21:39:42.990000010+00:00,2024-10-25 23:39:42.990000010+02:00
1729892411.79,3020822400000.0,4455,2024-10-25 21:40:11.789999962+00:00,2024-10-25 23:40:11.789999962+02:00
1729892440.59,2992581800000.0,4455,2024-10-25 21:40:40.589999914+00:00,2024-10-25 23:40:40.589999914+02:00
1729892469.3899999,3019314000000.0,4455,2024-10-25 21:41:09.389999866+00:00,2024-10-25 23:41:09.389999866+02:00
1729892498.1899998,3011353000000.0,4455,2024-10-25 21:41:38.189999819+00:00,2024-10-25 23:41:38.189999819+02:00
1729892526.99,2991492400000.0,4455,2024-10-25 21:42:06.990000010+00:00,2024-10-25 23:42:06.990000010+02:00
1729892555.79,3002218800000.0,4455,2024-10-25 21:42:35.789999962+00:00,2024-10-25 23:42:35.789999962+02:00
1729892584.59,3009006600000.0,4455,2024-10-25 21:43:04.589999914+00:00,2024-10-25 23:43:04.589999914+02:00
1729892613.3899999,2968615000000.0,4455,2024-10-25 21:43:33.389999866+00:00,2024-10-25 23:43:33.389999866+02:00
1729892642.1899998,2975654200000.0,4455,2024-10-25 21:44:02.189999819+00:00,2024-10-25 23:44:02.189999819+02:00
1729892670.99,3011101600000.0,4455,2024-10-25 21:44:30.990000010+00:00,2024-10-25 23:44:30.990000010+02:00
1729892699.79,3001799800000.0,4455,2024-10-25 21:44:59.789999962+00:00,2024-10-25 23:44:59.789999962+02:00
1729892728.59,3007498200000.0,4455,2024-10-25 21:45:28.589999914+00:00,2024-10-25 23:45:28.589999914+02:00
1729892757.3899999,3014453600000.0,4455,2024-10-25 21:45:57.389999866+00:00,2024-10-25 23:45:57.389999866+02:00
1729892786.1899998,3019733000000.0,4455,2024-10-25 21:46:26.189999819+00:00,2024-10-25 23:46:26.189999819+02:00
1729892814.99,3032805800000.0,4455,2024-10-25 21:46:54.990000010+00:00,2024-10-25 23:46:54.990000010+02:00
1729892843.79,3014034600000.0,4455,2024-10-25 21:47:23.789999962+00:00,2024-10-25 23:47:23.789999962+02:00
1729892872.59,3021073800000.0,4455,2024-10-25 21:47:52.589999914+00:00,2024-10-25 23:47:52.589999914+02:00
1729892901.3899999,3021660400000.0,4455,2024-10-25 21:48:21.389999866+00:00,2024-10-25 23:48:21.389999866+02:00
1729892930.1899998,3028113000000.0,4455,2024-10-25 21:48:50.189999819+00:00,2024-10-25 23:48:50.189999819+02:00
1729892958.99,3032638200000.0,4455,2024-10-25 21:49:18.990000010+00:00,2024-10-25 23:49:18.990000010+02:00
1729892987.79,3024593400000.0,4455,2024-10-25 21:49:47.789999962+00:00,2024-10-25 23:49:47.789999962+02:00
1729893016.59,3033141000000.0,4455,2024-10-25 21:50:16.589999914+00:00,2024-10-25 23:50:16.589999914+02:00
1729893045.3899999,3052750200000.0,4455,2024-10-25 21:50:45.389999866+00:00,2024-10-25 23:50:45.389999866+02:00
1729893074.1899998,3032805800000.0,4455,2024-10-25 21:51:14.189999819+00:00,2024-10-25 23:51:14.189999819+02:00
1729893102.99,3026688400000.0,4455,2024-10-25 21:51:42.990000010+00:00,2024-10-25 23:51:42.990000010+02:00
1729893131.79,3028615800000.0,4455,2024-10-25 21:52:11.789999962+00:00,2024-10-25 23:52:11.789999962+02:00
1729893160.59,3050068600000.0,4455,2024-10-25 21:52:40.589999914+00:00,2024-10-25 23:52:40.589999914+02:00
1729893189.3899999,3019984400000.0,4455,2024-10-25 21:53:09.389999866+00:00,2024-10-25 23:53:09.389999866+02:00
1729893218.1899998,3054091000000.0,4455,2024-10-25 21:53:38.189999819+00:00,2024-10-25 23:53:38.189999819+02:00
1729893246.99,3034398000000.0,4455,2024-10-25 21:54:06.990000010+00:00,2024-10-25 23:54:06.990000010+02:00
1729893275.79,3050822800000.0,4455,2024-10-25 21:54:35.789999962+00:00,2024-10-25 23:54:35.789999962+02:00
1729893304.59,3000291400000.0,4455,2024-10-25 21:55:04.589999914+00:00,2024-10-25 23:55:04.589999914+02:00
1729893333.3899999,3026688400000.0,4455,2024-10-25 21:55:33.389999866+00:00,2024-10-25 23:55:33.389999866+02:00
1729893362.1899998,3030878400000.0,4455,2024-10-25 21:56:02.189999819+00:00,2024-10-25 23:56:02.189999819+02:00
1729893390.99,3033643800000.0,4455,2024-10-25 21:56:30.990000010+00:00,2024-10-25 23:56:30.990000010+02:00
1729893419.79,3020319600000.0,4455,2024-10-25 21:56:59.789999962+00:00,2024-10-25 23:56:59.789999962+02:00
1729893448.59,3021409000000.0,4455,2024-10-25 21:57:28.589999914+00:00,2024-10-25 23:57:28.589999914+02:00
1729893477.3899999,3032303000000.0,4455,2024-10-25 21:57:57.389999866+00:00,2024-10-25 23:57:57.389999866+02:00
1729893506.1899998,3013364200000.0,4455,2024-10-25 21:58:26.189999819+00:00,2024-10-25 23:58:26.189999819+02:00
1729893534.99,2997358400000.0,4455,2024-10-25 21:58:54.990000010+00:00,2024-10-25 23:58:54.990000010+02:00
1729893563.79,3015710600000.0,4455,2024-10-25 21:59:23.789999962+00:00,2024-10-25 23:59:23.789999962+02:00
1729893592.59,3020990000000.0,4455,2024-10-25 21:59:52.589999914+00:00,2024-10-25 23:59:52.589999914+02:00
1729893621.3899999,2995933800000.0,4455,2024-10-25 22:00:21.389999866+00:00,2024-10-26 00:00:21.389999866+02:00
1729893650.1899998,2976324600000.0,4455,2024-10-25 22:00:50.189999819+00:00,2024-10-26 00:00:50.189999819+02:00
1729893678.99,2975570400000.0,4455,2024-10-25 22:01:18.990000010+00:00,2024-10-26 00:01:18.990000010+02:00
1729893707.79,2950011400000.0,4455,2024-10-25 22:01:47.789999962+00:00,2024-10-26 00:01:47.789999962+02:00
1729893736.59,3011185400000.0,4455,2024-10-25 22:02:16.589999914+00:00,2024-10-26 00:02:16.589999914+02:00
1729893765.3899999,3015710600000.0,4455,2024-10-25 22:02:45.389999866+00:00,2024-10-26 00:02:45.389999866+02:00
1729893794.1899998,2994593000000.0,4455,2024-10-25 22:03:14.189999819+00:00,2024-10-26 00:03:14.189999819+02:00
1729893822.99,3001045600000.0,4455,2024-10-25 22:03:42.990000010+00:00,2024-10-26 00:03:42.990000010+02:00
1729893851.79,3008084800000.0,4455,2024-10-25 22:04:11.789999962+00:00,2024-10-26 00:04:11.789999962+02:00
1729893880.59,3063141400000.0,4455,2024-10-25 22:04:40.589999914+00:00,2024-10-26 00:04:40.589999914+02:00
1729893909.3899999,3029370000000.0,4455,2024-10-25 22:05:09.389999866+00:00,2024-10-26 00:05:09.389999866+02:00
1729893923.79,2986129200000.0,4455,2024-10-25 22:05:23.789999962+00:00,2024-10-26 00:05:23.789999962+02:00
1729893938.1899998,2977665400000.0,4455,2024-10-25 22:05:38.189999819+00:00,2024-10-26 00:05:38.189999819+02:00
1729893952.59,2987302400000.0,4455,2024-10-25 22:05:52.589999914+00:00,2024-10-26 00:05:52.589999914+02:00
1729893966.99,2822551600000.0,4455,2024-10-25 22:06:06.990000010+00:00,2024-10-26 00:06:06.990000010+02:00
1729893981.3899999,2863697400000.0,4455,2024-10-25 22:06:21.389999866+00:00,2024-10-26 00:06:21.389999866+02:00
1729893995.79,2867971200000.0,4455,2024-10-25 22:06:35.789999962+00:00,2024-10-26 00:06:35.789999962+02:00
1729894010.1899998,2883809400000.0,4455,2024-10-25 22:06:50.189999819+00:00,2024-10-26 00:06:50.189999819+02:00
1729894024.59,2839898200000.0,4455,2024-10-25 22:07:04.589999914+00:00,2024-10-26 00:07:04.589999914+02:00
1729894038.99,2861686200000.0,4455,2024-10-25 22:07:18.990000010+00:00,2024-10-26 00:07:18.990000010+02:00
1729894053.3899999,2862021400000.0,4455,2024-10-25 22:07:33.389999866+00:00,2024-10-26 00:07:33.389999866+02:00
1729894067.79,2888167000000.0,4455,2024-10-25 22:07:47.789999962+00:00,2024-10-26 00:07:47.789999962+02:00
1729894082.1899998,2913474600000.0,4455,2024-10-25 22:08:02.189999819+00:00,2024-10-26 00:08:02.189999819+02:00
1729894096.59,2879368000000.0,4455,2024-10-25 22:08:16.589999914+00:00,2024-10-26 00:08:16.589999914+02:00
1729894110.99,2901239800000.0,4455,2024-10-25 22:08:30.990000010+00:00,2024-10-26 00:08:30.990000010+02:00
1729894125.3899999,2872664000000.0,4455,2024-10-25 22:08:45.389999866+00:00,2024-10-26 00:08:45.389999866+02:00
1729894139.79,2872496400000.0,4455,2024-10-25 22:08:59.789999962+00:00,2024-10-26 00:08:59.789999962+02:00
1729894154.1899998,2932245800000.0,4455,2024-10-25 22:09:14.189999819+00:00,2024-10-26 00:09:14.189999819+02:00
1729894168.59,2954871800000.0,4455,2024-10-25 22:09:28.589999914+00:00,2024-10-26 00:09:28.589999914+02:00
1729894182.99,2966184800000.0,4455,2024-10-25 22:09:42.990000010+00:00,2024-10-26 00:09:42.990000010+02:00
1729894197.3899999,2955374600000.0,4455,2024-10-25 22:09:57.389999866+00:00,2024-10-26 00:09:57.389999866+02:00
1729894211.79,2984118000000.0,4455,2024-10-25 22:10:11.789999962+00:00,2024-10-26 00:10:11.789999962+02:00
1729894226.1899998,2953782400000.0,4455,2024-10-25 22:10:26.189999819+00:00,2024-10-26 00:10:26.189999819+02:00
1729894240.59,2932413400000.0,4455,2024-10-25 22:10:40.589999914+00:00,2024-10-26 00:10:40.589999914+02:00
1729894254.99,2946994600000.0,4455,2024-10-25 22:10:54.990000010+00:00,2024-10-26 00:10:54.990000010+02:00
1729894269.3899999,2988475600000.0,4455,2024-10-25 22:11:09.389999866+00:00,2024-10-26 00:11:09.389999866+02:00
1729894283.79,2978000600000.0,4455,2024-10-25 22:11:23.789999962+00:00,2024-10-26 00:11:23.789999962+02:00
1729894298.1899998,2956966800000.0,4455,2024-10-25 22:11:38.189999819+00:00,2024-10-26 00:11:38.189999819+02:00
1729894312.59,2958894200000.0,4455,2024-10-25 22:11:52.589999914+00:00,2024-10-26 00:11:52.589999914+02:00
1729894326.99,2955374600000.0,4455,2024-10-25 22:12:06.990000010+00:00,2024-10-26 00:12:06.990000010+02:00
1729894341.3899999,2980347000000.0,4455,2024-10-25 22:12:21.389999866+00:00,2024-10-26 00:12:21.389999866+02:00
1729894355.79,2976240800000.0,4455,2024-10-25 22:12:35.789999962+00:00,2024-10-26 00:12:35.789999962+02:00
1729894370.1899998,2939201200000.0,4455,2024-10-25 22:12:50.189999819+00:00,2024-10-26 00:12:50.189999819+02:00
1729894384.59,3005403200000.0,4455,2024-10-25 22:13:04.589999914+00:00,2024-10-26 00:13:04.589999914+02:00
1729894398.99,2954955600000.0,4455,2024-10-25 22:13:18.990000010+00:00,2024-10-26 00:13:18.990000010+02:00
1729894413.3899999,2988978400000.0,4455,2024-10-25 22:13:33.389999866+00:00,2024-10-26 00:13:33.389999866+02:00
1729894427.79,2953614800000.0,4455,2024-10-25 22:13:47.789999962+00:00,2024-10-26 00:13:47.789999962+02:00
1729894442.1899998,2963000400000.0,4455,2024-10-25 22:14:02.189999819+00:00,2024-10-26 00:14:02.189999819+02:00
1729894456.59,2983447600000.0,4455,2024-10-25 22:14:16.589999914+00:00,2024-10-26 00:14:16.589999914+02:00
1729894470.99,2937776600000.0,4455,2024-10-25 22:14:30.990000010+00:00,2024-10-26 00:14:30.990000010+02:00
1729894485.3899999,2957469600000.0,4455,2024-10-25 22:14:45.389999866+00:00,2024-10-26 00:14:45.389999866+02:00
1729894499.79,2980682200000.0,4455,2024-10-25 22:14:59.789999962+00:00,2024-10-26 00:14:59.789999962+02:00
1729894514.1899998,2984537000000.0,4455,2024-10-25 22:15:14.189999819+00:00,2024-10-26 00:15:14.189999819+02:00
1729894528.59,3007163000000.0,4455,2024-10-25 22:15:28.589999914+00:00,2024-10-26 00:15:28.589999914+02:00
1729894542.99,2989146000000.0,4455,2024-10-25 22:15:42.990000010+00:00,2024-10-26 00:15:42.990000010+02:00
1729894557.3899999,2969369200000.0,4455,2024-10-25 22:15:57.389999866+00:00,2024-10-26 00:15:57.389999866+02:00
1729894571.79,2978252000000.0,4455,2024-10-25 22:16:11.789999962+00:00,2024-10-26 00:16:11.789999962+02:00
1729894586.1899998,2996352800000.0,4455,2024-10-25 22:16:26.189999819+00:00,2024-10-26 00:16:26.189999819+02:00
1729894600.59,2995682400000.0,4455,2024-10-25 22:16:40.589999914+00:00,2024-10-26 00:16:40.589999914+02:00
1729894614.99,3007917200000.0,4455,2024-10-25 22:16:54.990000010+00:00,2024-10-26 00:16:54.990000010+02:00
1729894629.3899999,3027945400000.0,4455,2024-10-25 22:17:09.389999866+00:00,2024-10-26 00:17:09.389999866+02:00
1729894643.79,2996939400000.0,4455,2024-10-25 22:17:23.789999962+00:00,2024-10-26 00:17:23.789999962+02:00
1729894658.1899998,3018057000000.0,4455,2024-10-25 22:17:38.189999819+00:00,2024-10-26 00:17:38.189999819+02:00
1729894672.59,3008922800000.0,4455,2024-10-25 22:17:52.589999914+00:00,2024-10-26 00:17:52.589999914+02:00
1729894686.99,2993419800000.0,4455,2024-10-25 22:18:06.990000010+00:00,2024-10-26 00:18:06.990000010+02:00
1729894701.3899999,2997274600000.0,4455,2024-10-25 22:18:21.389999866+00:00,2024-10-26 00:18:21.389999866+02:00
1729894715.79,3026185600000.0,4455,2024-10-25 22:18:35.789999962+00:00,2024-10-26 00:18:35.789999962+02:00
1729894730.1899998,3009258000000.0,4455,2024-10-25 22:18:50.189999819+00:00,2024-10-26 00:18:50.189999819+02:00
1729894744.59,2985542600000.0,4455,2024-10-25 22:19:04.589999914+00:00,2024-10-26 00:19:04.589999914+02:00
1729894758.99,3000710400000.0,4455,2024-10-25 22:19:18.990000010+00:00,2024-10-26 00:19:18.990000010+02:00
1729894773.3899999,3013950800000.0,4455,2024-10-25 22:19:33.389999866+00:00,2024-10-26 00:19:33.389999866+02:00
1729894787.79,2981771600000.0,4455,2024-10-25 22:19:47.789999962+00:00,2024-10-26 00:19:47.789999962+02:00
1729894802.1899998,3003727200000.0,4455,2024-10-25 22:20:02.189999819+00:00,2024-10-26 00:20:02.189999819+02:00
1729894816.59,3009174200000.0,4455,2024-10-25 22:20:16.589999914+00:00,2024-10-26 00:20:16.589999914+02:00
1729894830.99,3003978600000.0,4455,2024-10-25 22:20:30.990000010+00:00,2024-10-26 00:20:30.990000010+02:00
1729894845.3899999,2977749200000.0,4455,2024-10-25 22:20:45.389999866+00:00,2024-10-26 00:20:45.389999866+02:00
1729894859.79,2978419600000.0,4455,2024-10-25 22:20:59.789999962+00:00,2024-10-26 00:20:59.789999962+02:00
1729894874.1899998,3004649000000.0,4455,2024-10-25 22:21:14.189999819+00:00,2024-10-26 00:21:14.189999819+02:00
1729894888.59,2991576200000.0,4455,2024-10-25 22:21:28.589999914+00:00,2024-10-26 00:21:28.589999914+02:00
1729894902.99,2990738200000.0,4455,2024-10-25 22:21:42.990000010+00:00,2024-10-26 00:21:42.990000010+02:00
1729894917.3899999,2933251400000.0,4455,2024-10-25 22:21:57.389999866+00:00,2024-10-26 00:21:57.389999866+02:00
1729894931.79,3027358800000.0,4455,2024-10-25 22:22:11.789999962+00:00,2024-10-26 00:22:11.789999962+02:00
1729894946.1899998,3064566000000.0,4455,2024-10-25 22:22:26.189999819+00:00,2024-10-26 00:22:26.189999819+02:00
1729894960.59,3179791000000.0,4455,2024-10-25 22:22:40.589999914+00:00,2024-10-26 00:22:40.589999914+02:00
1729894974.99,3145265400000.0,4455,2024-10-25 22:22:54.990000010+00:00,2024-10-26 00:22:54.990000010+02:00
1729894989.3899999,3218339000000.0,4455,2024-10-25 22:23:09.389999866+00:00,2024-10-26 00:23:09.389999866+02:00
1729895003.79,3167053400000.0,4455,2024-10-25 22:23:23.789999962+00:00,2024-10-26 00:23:23.789999962+02:00
1729895018.1899998,3205266200000.0,4455,2024-10-25 22:23:38.189999819+00:00,2024-10-26 00:23:38.189999819+02:00
1729895032.59,3267864800000.0,4455,2024-10-25 22:23:52.589999914+00:00,2024-10-26 00:23:52.589999914+02:00
1729895046.99,3254540600000.0,4455,2024-10-25 22:24:06.990000010+00:00,2024-10-26 00:24:06.990000010+02:00
1729895061.3899999,3279848200000.0,4455,2024-10-25 22:24:21.389999866+00:00,2024-10-26 00:24:21.389999866+02:00
1729895075.79,3289317600000.0,4455,2024-10-25 22:24:35.789999962+00:00,2024-10-26 00:24:35.789999962+02:00
1729895090.1899998,3322083400000.0,4455,2024-10-25 22:24:50.189999819+00:00,2024-10-26 00:24:50.189999819+02:00
1729895104.59,3286803600000.0,4455,2024-10-25 22:25:04.589999914+00:00,2024-10-26 00:25:04.589999914+02:00
1729895118.99,3295351200000.0,4455,2024-10-25 22:25:18.990000010+00:00,2024-10-26 00:25:18.990000010+02:00
1729895133.3899999,3280015800000.0,4455,2024-10-25 22:25:33.389999866+00:00,2024-10-26 00:25:33.389999866+02:00
1729895147.79,3313284400000.0,4455,2024-10-25 22:25:47.789999962+00:00,2024-10-26 00:25:47.789999962+02:00
1729895162.1899998,3258479200000.0,4455,2024-10-25 22:26:02.189999819+00:00,2024-10-26 00:26:02.189999819+02:00
1729895176.59,3283954400000.0,4455,2024-10-25 22:26:16.589999914+00:00,2024-10-26 00:26:16.589999914+02:00
1729895190.99,3268367600000.0,4455,2024-10-25 22:26:30.990000010+00:00,2024-10-26 00:26:30.990000010+02:00
1729895205.3899999,3288312000000.0,4455,2024-10-25 22:26:45.389999866+00:00,2024-10-26 00:26:45.389999866+02:00
1729895219.79,3308759200000.0,4455,2024-10-25 22:26:59.789999962+00:00,2024-10-26 00:26:59.789999962+02:00
1729895234.1899998,3258060200000.0,4455,2024-10-25 22:27:14.189999819+00:00,2024-10-26 00:27:14.189999819+02:00
1729895248.59,3309848600000.0,4455,2024-10-25 22:27:28.589999914+00:00,2024-10-26 00:27:28.589999914+02:00
1729895262.99,3302809400000.0,4455,2024-10-25 22:27:42.990000010+00:00,2024-10-26 00:27:42.990000010+02:00
1729895277.3899999,3276580000000.0,4455,2024-10-25 22:27:57.389999866+00:00,2024-10-26 00:27:57.389999866+02:00
1729895291.79,3264680400000.0,4455,2024-10-25 22:28:11.789999962+00:00,2024-10-26 00:28:11.789999962+02:00
1729895306.1899998,3290071800000.0,4455,2024-10-25 22:28:26.189999819+00:00,2024-10-26 00:28:26.189999819+02:00
1729895320.59,3299206000000.0,4455,2024-10-25 22:28:40.589999914+00:00,2024-10-26 00:28:40.589999914+02:00
1729895334.99,3310435200000.0,4455,2024-10-25 22:28:54.990000010+00:00,2024-10-26 00:28:54.990000010+02:00
1729895349.3899999,3367000200000.0,4455,2024-10-25 22:29:09.389999866+00:00,2024-10-26 00:29:09.389999866+02:00
1729895363.79,3315966000000.0,4455,2024-10-25 22:29:23.789999962+00:00,2024-10-26 00:29:23.789999962+02:00
1729895378.1899998,3316217400000.0,4455,2024-10-25 22:29:38.189999819+00:00,2024-10-26 00:29:38.189999819+02:00
1729895392.59,3261412200000.0,4455,2024-10-25 22:29:52.589999914+00:00,2024-10-26 00:29:52.589999914+02:00
1729895406.99,3279010200000.0,4455,2024-10-25 22:30:06.990000010+00:00,2024-10-26 00:30:06.990000010+02:00
1729895421.3899999,3313284400000.0,4455,2024-10-25 22:30:21.389999866+00:00,2024-10-26 00:30:21.389999866+02:00
1729895435.79,3287893000000.0,4455,2024-10-25 22:30:35.789999962+00:00,2024-10-26 00:30:35.789999962+02:00
1729895450.1899998,3281859400000.0,4455,2024-10-25 22:30:50.189999819+00:00,2024-10-26 00:30:50.189999819+02:00
1729895464.59,3287893000000.0,4455,2024-10-25 22:31:04.589999914+00:00,2024-10-26 00:31:04.589999914+02:00
1729895478.99,3275742000000.0,4455,2024-10-25 22:31:18.990000010+00:00,2024-10-26 00:31:18.990000010+02:00
1729895493.3899999,3321999600000.0,4455,2024-10-25 22:31:33.389999866+00:00,2024-10-26 00:31:33.389999866+02:00
1729895507.79,3292166800000.0,4455,2024-10-25 22:31:47.789999962+00:00,2024-10-26 00:31:47.789999962+02:00
1729895522.1899998,3274066000000.0,4455,2024-10-25 22:32:02.189999819+00:00,2024-10-26 00:32:02.189999819+02:00
1729895536.59,3272473800000.0,4455,2024-10-25 22:32:16.589999914+00:00,2024-10-26 00:32:16.589999914+02:00
1729895550.99,3288144400000.0,4455,2024-10-25 22:32:30.990000010+00:00,2024-10-26 00:32:30.990000010+02:00
1729895565.3899999,3282948800000.0,4455,2024-10-25 22:32:45.389999866+00:00,2024-10-26 00:32:45.389999866+02:00
1729895579.79,3299122200000.0,4455,2024-10-25 22:32:59.789999962+00:00,2024-10-26 00:32:59.789999962+02:00
1729895594.1899998,3296273000000.0,4455,2024-10-25 22:33:14.189999819+00:00,2024-10-26 00:33:14.189999819+02:00
1729895608.59,3303060800000.0,4455,2024-10-25 22:33:28.589999914+00:00,2024-10-26 00:33:28.589999914+02:00
1729895622.99,3270546400000.0,4455,2024-10-25 22:33:42.990000010+00:00,2024-10-26 00:33:42.990000010+02:00
1729895637.3899999,3299122200000.0,4455,2024-10-25 22:33:57.389999866+00:00,2024-10-26 00:33:57.389999866+02:00
1729895651.79,3288814800000.0,4455,2024-10-25 22:34:11.789999962+00:00,2024-10-26 00:34:11.789999962+02:00
1729895666.1899998,3298284200000.0,4455,2024-10-25 22:34:26.189999819+00:00,2024-10-26 00:34:26.189999819+02:00
1729895680.59,3309597200000.0,4455,2024-10-25 22:34:40.589999914+00:00,2024-10-26 00:34:40.589999914+02:00
1729895694.99,3288312000000.0,4455,2024-10-25 22:34:54.990000010+00:00,2024-10-26 00:34:54.990000010+02:00
1729895709.3899999,3278926400000.0,4455,2024-10-25 22:35:09.389999866+00:00,2024-10-26 00:35:09.389999866+02:00
1729895723.79,3212305400000.0,4455,2024-10-25 22:35:23.789999962+00:00,2024-10-26 00:35:23.789999962+02:00
1729895738.1899998,3321999600000.0,4455,2024-10-25 22:35:38.189999819+00:00,2024-10-26 00:35:38.189999819+02:00
1729895752.59,3278423600000.0,4455,2024-10-25 22:35:52.589999914+00:00,2024-10-26 00:35:52.589999914+02:00
1729895766.99,3270295000000.0,4455,2024-10-25 22:36:06.990000010+00:00,2024-10-26 00:36:06.990000010+02:00
1729895781.3899999,3286384600000.0,4455,2024-10-25 22:36:21.389999866+00:00,2024-10-26 00:36:21.389999866+02:00
1729895795.79,3337418800000.0,4455,2024-10-25 22:36:35.789999962+00:00,2024-10-26 00:36:35.789999962+02:00
1729895810.1899998,3281440400000.0,4455,2024-10-25 22:36:50.189999819+00:00,2024-10-26 00:36:50.189999819+02:00
1729895824.59,3293423800000.0,4455,2024-10-25 22:37:04.589999914+00:00,2024-10-26 00:37:04.589999914+02:00
1729895838.99,3273563200000.0,4455,2024-10-25 22:37:18.990000010+00:00,2024-10-26 00:37:18.990000010+02:00
1729895853.3899999,3268619000000.0,4455,2024-10-25 22:37:33.389999866+00:00,2024-10-26 00:37:33.389999866+02:00
1729895867.79,3256216600000.0,4455,2024-10-25 22:37:47.789999962+00:00,2024-10-26 00:37:47.789999962+02:00
1729895882.1899998,3284205800000.0,4455,2024-10-25 22:38:02.189999819+00:00,2024-10-26 00:38:02.189999819+02:00
1729895896.59,3293088600000.0,4455,2024-10-25 22:38:16.589999914+00:00,2024-10-26 00:38:16.589999914+02:00
1729895910.99,3266105000000.0,4455,2024-10-25 22:38:30.990000010+00:00,2024-10-26 00:38:30.990000010+02:00
1729895925.3899999,3260239000000.0,4455,2024-10-25 22:38:45.389999866+00:00,2024-10-26 00:38:45.389999866+02:00
1729895939.79,3255713800000.0,4455,2024-10-25 22:38:59.789999962+00:00,2024-10-26 00:38:59.789999962+02:00
1729895954.1899998,3254289200000.0,4455,2024-10-25 22:39:14.189999819+00:00,2024-10-26 00:39:14.189999819+02:00
1729895968.59,3271635800000.0,4455,2024-10-25 22:39:28.589999914+00:00,2024-10-26 00:39:28.589999914+02:00
1729895982.99,3317306800000.0,4455,2024-10-25 22:39:42.990000010+00:00,2024-10-26 00:39:42.990000010+02:00
1729895997.3899999,3302893200000.0,4455,2024-10-25 22:39:57.389999866+00:00,2024-10-26 00:39:57.389999866+02:00
1729896011.79,3282278400000.0,4455,2024-10-25 22:40:11.789999962+00:00,2024-10-26 00:40:11.789999962+02:00
1729896026.1899998,3296273000000.0,4455,2024-10-25 22:40:26.189999819+00:00,2024-10-26 00:40:26.189999819+02:00
1729896040.59,3302809400000.0,4455,2024-10-25 22:40:40.589999914+00:00,2024-10-26 00:40:40.589999914+02:00
1729896054.99,3277837000000.0,4455,2024-10-25 22:40:54.990000010+00:00,2024-10-26 00:40:54.990000010+02:00
1729896069.3899999,3270546400000.0,4455,2024-10-25 22:41:09.389999866+00:00,2024-10-26 00:41:09.389999866+02:00
1729896083.79,3272222400000.0,4455,2024-10-25 22:41:23.789999962+00:00,2024-10-26 00:41:23.789999962+02:00
1729896098.1899998,3277082800000.0,4455,2024-10-25 22:41:38.189999819+00:00,2024-10-26 00:41:38.189999819+02:00
1729896112.59,3307586000000.0,4455,2024-10-25 22:41:52.589999914+00:00,2024-10-26 00:41:52.589999914+02:00
1729896126.99,3274568800000.0,4455,2024-10-25 22:42:06.990000010+00:00,2024-10-26 00:42:06.990000010+02:00
1729896141.3899999,3284373400000.0,4455,2024-10-25 22:42:21.389999866+00:00,2024-10-26 00:42:21.389999866+02:00
1729896155.79,3270127400000.0,4455,2024-10-25 22:42:35.789999962+00:00,2024-10-26 00:42:35.789999962+02:00
1729896170.1899998,3303982600000.0,4455,2024-10-25 22:42:50.189999819+00:00,2024-10-26 00:42:50.189999819+02:00
1729896184.59,3274904000000.0,4455,2024-10-25 22:43:04.589999914+00:00,2024-10-26 00:43:04.589999914+02:00
1729896198.99,3292166800000.0,4455,2024-10-25 22:43:18.990000010+00:00,2024-10-26 00:43:18.990000010+02:00
1729896213.3899999,3273982200000.0,4455,2024-10-25 22:43:33.389999866+00:00,2024-10-26 00:43:33.389999866+02:00
1729896227.79,3293926600000.0,4455,2024-10-25 22:43:47.789999962+00:00,2024-10-26 00:43:47.789999962+02:00
1729896242.1899998,3286887400000.0,4455,2024-10-25 22:44:02.189999819+00:00,2024-10-26 00:44:02.189999819+02:00
1729896256.59,3277585600000.0,4455,2024-10-25 22:44:16.589999914+00:00,2024-10-26 00:44:16.589999914+02:00
1729896270.99,3258060200000.0,4455,2024-10-25 22:44:30.990000010+00:00,2024-10-26 00:44:30.990000010+02:00
1729896285.3899999,3330714800000.0,4455,2024-10-25 22:44:45.389999866+00:00,2024-10-26 00:44:45.389999866+02:00
1729896299.79,3280183400000.0,4455,2024-10-25 22:44:59.789999962+00:00,2024-10-26 00:44:59.789999962+02:00
1729896314.1899998,3272557600000.0,4455,2024-10-25 22:45:14.189999819+00:00,2024-10-26 00:45:14.189999819+02:00
1729896328.59,3276580000000.0,4455,2024-10-25 22:45:28.589999914+00:00,2024-10-26 00:45:28.589999914+02:00
1729896342.99,3263423400000.0,4455,2024-10-25 22:45:42.990000010+00:00,2024-10-26 00:45:42.990000010+02:00
1729896357.3899999,3263004400000.0,4455,2024-10-25 22:45:57.389999866+00:00,2024-10-26 00:45:57.389999866+02:00
1729896371.79,3272976600000.0,4455,2024-10-25 22:46:11.789999962+00:00,2024-10-26 00:46:11.789999962+02:00
1729896386.1899998,3250853400000.0,4455,2024-10-25 22:46:26.189999819+00:00,2024-10-26 00:46:26.189999819+02:00
1729896400.59,3279932000000.0,4455,2024-10-25 22:46:40.589999914+00:00,2024-10-26 00:46:40.589999914+02:00
1729896414.99,3292669600000.0,4455,2024-10-25 22:46:54.990000010+00:00,2024-10-26 00:46:54.990000010+02:00
1729896429.3899999,3314122400000.0,4455,2024-10-25 22:47:09.389999866+00:00,2024-10-26 00:47:09.389999866+02:00
1729896443.79,3324429800000.0,4455,2024-10-25 22:47:23.789999962+00:00,2024-10-26 00:47:23.789999962+02:00
1729896458.1899998,3306580400000.0,4455,2024-10-25 22:47:38.189999819+00:00,2024-10-26 00:47:38.189999819+02:00
1729896472.59,3286887400000.0,4455,2024-10-25 22:47:52.589999914+00:00,2024-10-26 00:47:52.589999914+02:00
1729896486.99,3287641600000.0,4455,2024-10-25 22:48:06.990000010+00:00,2024-10-26 00:48:06.990000010+02:00
1729896501.3899999,3303815000000.0,4455,2024-10-25 22:48:21.389999866+00:00,2024-10-26 00:48:21.389999866+02:00
1729896515.79,3316887800000.0,4455,2024-10-25 22:48:35.789999962+00:00,2024-10-26 00:48:35.789999962+02:00
1729896530.1899998,3320239800000.0,4455,2024-10-25 22:48:50.189999819+00:00,2024-10-26 00:48:50.189999819+02:00
1729896544.59,3310854200000.0,4455,2024-10-25 22:49:04.589999914+00:00,2024-10-26 00:49:04.589999914+02:00
1729896558.99,3292669600000.0,4455,2024-10-25 22:49:18.990000010+00:00,2024-10-26 00:49:18.990000010+02:00
1729896573.3899999,3328117000000.0,4455,2024-10-25 22:49:33.389999866+00:00,2024-10-26 00:49:33.389999866+02:00
1729896587.79,3249428800000.0,4455,2024-10-25 22:49:47.789999962+00:00,2024-10-26 00:49:47.789999962+02:00
1729896602.1899998,3312697800000.0,4455,2024-10-25 22:50:02.189999819+00:00,2024-10-26 00:50:02.189999819+02:00
1729896616.59,3290993600000.0,4455,2024-10-25 22:50:16.589999914+00:00,2024-10-26 00:50:16.589999914+02:00
1729896630.99,3311692200000.0,4455,2024-10-25 22:50:30.990000010+00:00,2024-10-26 00:50:30.990000010+02:00
1729896645.3899999,3295770200000.0,4455,2024-10-25 22:50:45.389999866+00:00,2024-10-26 00:50:45.389999866+02:00
1729896659.79,3297613800000.0,4455,2024-10-25 22:50:59.789999962+00:00,2024-10-26 00:50:59.789999962+02:00
1729896674.1899998,3315044200000.0,4455,2024-10-25 22:51:14.189999819+00:00,2024-10-26 00:51:14.189999819+02:00
1729896688.59,3281356600000.0,4455,2024-10-25 22:51:28.589999914+00:00,2024-10-26 00:51:28.589999914+02:00
1729896702.99,3298116600000.0,4455,2024-10-25 22:51:42.990000010+00:00,2024-10-26 00:51:42.990000010+02:00
1729896717.3899999,3338927200000.0,4455,2024-10-25 22:51:57.389999866+00:00,2024-10-26 00:51:57.389999866+02:00
1729896731.79,3296859600000.0,4455,2024-10-25 22:52:11.789999962+00:00,2024-10-26 00:52:11.789999962+02:00
1729896746.1899998,3326441000000.0,4455,2024-10-25 22:52:26.189999819+00:00,2024-10-26 00:52:26.189999819+02:00
1729896760.59,3311189400000.0,4455,2024-10-25 22:52:40.589999914+00:00,2024-10-26 00:52:40.589999914+02:00
1729896774.99,3300630600000.0,4455,2024-10-25 22:52:54.990000010+00:00,2024-10-26 00:52:54.990000010+02:00
1729896789.3899999,3308843000000.0,4455,2024-10-25 22:53:09.389999866+00:00,2024-10-26 00:53:09.389999866+02:00
1729896803.79,3325938200000.0,4455,2024-10-25 22:53:23.789999962+00:00,2024-10-26 00:53:23.789999962+02:00
1729896818.1899998,3313619600000.0,4455,2024-10-25 22:53:38.189999819+00:00,2024-10-26 00:53:38.189999819+02:00
1729896832.59,3337837800000.0,4455,2024-10-25 22:53:52.589999914+00:00,2024-10-26 00:53:52.589999914+02:00
1729896846.99,3324010800000.0,4455,2024-10-25 22:54:06.990000010+00:00,2024-10-26 00:54:06.990000010+02:00
1729896861.3899999,3298116600000.0,4455,2024-10-25 22:54:21.389999866+00:00,2024-10-26 00:54:21.389999866+02:00
1729896875.79,3321580600000.0,4455,2024-10-25 22:54:35.789999962+00:00,2024-10-26 00:54:35.789999962+02:00
1729896890.1899998,3316552600000.0,4455,2024-10-25 22:54:50.189999819+00:00,2024-10-26 00:54:50.189999819+02:00
1729896904.59,3349569800000.0,4455,2024-10-25 22:55:04.589999914+00:00,2024-10-26 00:55:04.589999914+02:00
1729896918.99,3324346000000.0,4455,2024-10-25 22:55:18.990000010+00:00,2024-10-26 00:55:18.990000010+02:00
1729896933.3899999,3331888000000.0,4455,2024-10-25 22:55:33.389999866+00:00,2024-10-26 00:55:33.389999866+02:00
1729896947.79,3315798400000.0,4455,2024-10-25 22:55:47.789999962+00:00,2024-10-26 00:55:47.789999962+02:00
1729896962.1899998,3324010800000.0,4455,2024-10-25 22:56:02.189999819+00:00,2024-10-26 00:56:02.189999819+02:00
1729896976.59,3332558400000.0,4455,2024-10-25 22:56:16.589999914+00:00,2024-10-26 00:56:16.589999914+02:00
1729896990.99,3312530200000.0,4455,2024-10-25 22:56:30.990000010+00:00,2024-10-26 00:56:30.990000010+02:00
1729897005.3899999,3321999600000.0,4455,2024-10-25 22:56:45.389999866+00:00,2024-10-26 00:56:45.389999866+02:00
1729897019.79,3339346200000.0,4455,2024-10-25 22:56:59.789999962+00:00,2024-10-26 00:56:59.789999962+02:00
1729897034.1899998,3345463600000.0,4455,2024-10-25 22:57:14.189999819+00:00,2024-10-26 00:57:14.189999819+02:00
1729897048.59,3325184000000.0,4455,2024-10-25 22:57:28.589999914+00:00,2024-10-26 00:57:28.589999914+02:00
1729897062.99,3322921400000.0,4455,2024-10-25 22:57:42.990000010+00:00,2024-10-26 00:57:42.990000010+02:00
1729897077.3899999,3338340600000.0,4455,2024-10-25 22:57:57.389999866+00:00,2024-10-26 00:57:57.389999866+02:00
1729897091.79,3309262000000.0,4455,2024-10-25 22:58:11.789999962+00:00,2024-10-26 00:58:11.789999962+02:00
1729897106.1899998,3335575200000.0,4455,2024-10-25 22:58:26.189999819+00:00,2024-10-26 00:58:26.189999819+02:00
1729897120.59,3316636400000.0,4455,2024-10-25 22:58:40.589999914+00:00,2024-10-26 00:58:40.589999914+02:00
1729897134.99,3313787200000.0,4455,2024-10-25 22:58:54.990000010+00:00,2024-10-26 00:58:54.990000010+02:00
1729897149.3899999,3325519200000.0,4455,2024-10-25 22:59:09.389999866+00:00,2024-10-26 00:59:09.389999866+02:00
1729897163.79,3313535800000.0,4455,2024-10-25 22:59:23.789999962+00:00,2024-10-26 00:59:23.789999962+02:00
1729897178.1899998,3351916200000.0,4455,2024-10-25 22:59:38.189999819+00:00,2024-10-26 00:59:38.189999819+02:00
1729897192.59,3327614200000.0,4455,2024-10-25 22:59:52.589999914+00:00,2024-10-26 00:59:52.589999914+02:00
1729897206.99,3325100200000.0,4455,2024-10-25 23:00:06.990000010+00:00,2024-10-26 01:00:06.990000010+02:00
1729897221.3899999,3312949200000.0,4455,2024-10-25 23:00:21.389999866+00:00,2024-10-26 01:00:21.389999866+02:00
1729897235.79,3327446600000.0,4455,2024-10-25 23:00:35.789999962+00:00,2024-10-26 01:00:35.789999962+02:00
1729897250.1899998,0.0,4455,2024-10-25 23:00:50.189999819+00:00,2024-10-26 01:00:50.189999819+02:00
1729897264.59,0.0,4455,2024-10-25 23:01:04.589999914+00:00,2024-10-26 01:01:04.589999914+02:00
1729897278.99,3298535600000.0,4455,2024-10-25 23:01:18.990000010+00:00,2024-10-26 01:01:18.990000010+02:00
1729897293.3899999,3266524000000.0,4455,2024-10-25 23:01:33.389999866+00:00,2024-10-26 01:01:33.389999866+02:00
1729897307.79,3287306400000.0,4455,2024-10-25 23:01:47.789999962+00:00,2024-10-26 01:01:47.789999962+02:00
1729897322.1899998,3288731000000.0,4455,2024-10-25 23:02:02.189999819+00:00,2024-10-26 01:02:02.189999819+02:00
1729897336.59,3308843000000.0,4455,2024-10-25 23:02:16.589999914+00:00,2024-10-26 01:02:16.589999914+02:00
1729897350.99,3312614000000.0,4455,2024-10-25 23:02:30.990000010+00:00,2024-10-26 01:02:30.990000010+02:00
1729897365.3899999,3334485800000.0,4455,2024-10-25 23:02:45.389999866+00:00,2024-10-26 01:02:45.389999866+02:00
1729897379.79,3303228400000.0,4455,2024-10-25 23:02:59.789999962+00:00,2024-10-26 01:02:59.789999962+02:00
1729897394.1899998,251400000.0,4455,2024-10-25 23:03:14.189999819+00:00,2024-10-26 01:03:14.189999819+02:00
1729897408.59,3296692000000.0,4455,2024-10-25 23:03:28.589999914+00:00,2024-10-26 01:03:28.589999914+02:00
1729897422.99,3321580600000.0,4455,2024-10-25 23:03:42.990000010+00:00,2024-10-26 01:03:42.990000010+02:00
1729897437.3899999,3319066600000.0,4455,2024-10-25 23:03:57.389999866+00:00,2024-10-26 01:03:57.389999866+02:00
1729897451.79,3300630600000.0,4455,2024-10-25 23:04:11.789999962+00:00,2024-10-26 01:04:11.789999962+02:00
1729897466.1899998,3307669800000.0,4455,2024-10-25 23:04:26.189999819+00:00,2024-10-26 01:04:26.189999819+02:00
1729897480.59,0.0,4455,2024-10-25 23:04:40.589999914+00:00,2024-10-26 01:04:40.589999914+02:00
1729897494.99,3100600000.0,4455,2024-10-25 23:04:54.990000010+00:00,2024-10-26 01:04:54.990000010+02:00
1729897509.3899999,3244903600000.0,4455,2024-10-25 23:05:09.389999866+00:00,2024-10-26 01:05:09.389999866+02:00
1729897523.79,3260658000000.0,4455,2024-10-25 23:05:23.789999962+00:00,2024-10-26 01:05:23.789999962+02:00
1729897538.1899998,3282865000000.0,4455,2024-10-25 23:05:38.189999819+00:00,2024-10-26 01:05:38.189999819+02:00
1729897552.59,3269205600000.0,4455,2024-10-25 23:05:52.589999914+00:00,2024-10-26 01:05:52.589999914+02:00
1729897566.99,3281524200000.0,4455,2024-10-25 23:06:06.990000010+00:00,2024-10-26 01:06:06.990000010+02:00
1729897581.3899999,3303898800000.0,4455,2024-10-25 23:06:21.389999866+00:00,2024-10-26 01:06:21.389999866+02:00
1729897595.79,2262600000.0,4455,2024-10-25 23:06:35.789999962+00:00,2024-10-26 01:06:35.789999962+02:00
1729897610.1899998,0.0,4455,2024-10-25 23:06:50.189999819+00:00,2024-10-26 01:06:50.189999819+02:00
1729897624.59,3293759000000.0,4455,2024-10-25 23:07:04.589999914+00:00,2024-10-26 01:07:04.589999914+02:00
1729897638.99,3290071800000.0,4455,2024-10-25 23:07:18.990000010+00:00,2024-10-26 01:07:18.990000010+02:00
1729897653.3899999,3314373800000.0,4455,2024-10-25 23:07:33.389999866+00:00,2024-10-26 01:07:33.389999866+02:00
1729897667.79,3300211600000.0,4455,2024-10-25 23:07:47.789999962+00:00,2024-10-26 01:07:47.789999962+02:00
1729897682.1899998,0.0,4455,2024-10-25 23:08:02.189999819+00:00,2024-10-26 01:08:02.189999819+02:00
1729897696.59,0.0,4455,2024-10-25 23:08:16.589999914+00:00,2024-10-26 01:08:16.589999914+02:00
1729897710.99,3317139200000.0,4455,2024-10-25 23:08:30.990000010+00:00,2024-10-26 01:08:30.990000010+02:00
1729897725.3899999,3282362200000.0,4455,2024-10-25 23:08:45.389999866+00:00,2024-10-26 01:08:45.389999866+02:00
1729897739.79,3280686200000.0,4455,2024-10-25 23:08:59.789999962+00:00,2024-10-26 01:08:59.789999962+02:00
1729897754.1899998,0.0,4455,2024-10-25 23:09:14.189999819+00:00,2024-10-26 01:09:14.189999819+02:00
1729897768.59,3240294600000.0,4455,2024-10-25 23:09:28.589999914+00:00,2024-10-26 01:09:28.589999914+02:00
1729897782.99,1005600000.0,4455,2024-10-25 23:09:42.990000010+00:00,2024-10-26 01:09:42.990000010+02:00
1729897797.3899999,3352000000.0,4455,2024-10-25 23:09:57.389999866+00:00,2024-10-26 01:09:57.389999866+02:00
1729897811.79,3267864800000.0,4455,2024-10-25 23:10:11.789999962+00:00,2024-10-26 01:10:11.789999962+02:00
1729897826.1899998,3271887200000.0,4455,2024-10-25 23:10:26.189999819+00:00,2024-10-26 01:10:26.189999819+02:00
1729897840.59,3303982600000.0,4455,2024-10-25 23:10:40.589999914+00:00,2024-10-26 01:10:40.589999914+02:00
1729897854.99,3272473800000.0,4455,2024-10-25 23:10:54.990000010+00:00,2024-10-26 01:10:54.990000010+02:00
1729897869.3899999,3286468400000.0,4455,2024-10-25 23:11:09.389999866+00:00,2024-10-26 01:11:09.389999866+02:00
1729897883.79,3272222400000.0,4455,2024-10-25 23:11:23.789999962+00:00,2024-10-26 01:11:23.789999962+02:00
1729897898.1899998,3297865200000.0,4455,2024-10-25 23:11:38.189999819+00:00,2024-10-26 01:11:38.189999819+02:00
1729897912.59,3348983200000.0,4455,2024-10-25 23:11:52.589999914+00:00,2024-10-26 01:11:52.589999914+02:00
1729897926.99,3300211600000.0,4455,2024-10-25 23:12:06.990000010+00:00,2024-10-26 01:12:06.990000010+02:00
1729897941.3899999,3295099800000.0,4455,2024-10-25 23:12:21.389999866+00:00,2024-10-26 01:12:21.389999866+02:00
1729897955.79,3292418200000.0,4455,2024-10-25 23:12:35.789999962+00:00,2024-10-26 01:12:35.789999962+02:00
1729897970.1899998,3293842800000.0,4455,2024-10-25 23:12:50.189999819+00:00,2024-10-26 01:12:50.189999819+02:00
1729897998.99,3031297400000.0,4455,2024-10-25 23:13:18.990000010+00:00,2024-10-26 01:13:18.990000010+02:00
1729898027.79,3386693200000.0,4455,2024-10-25 23:13:47.789999962+00:00,2024-10-26 01:13:47.789999962+02:00
1729898056.59,3373452800000.0,4455,2024-10-25 23:14:16.589999914+00:00,2024-10-26 01:14:16.589999914+02:00
1729898085.3899999,3356106200000.0,4455,2024-10-25 23:14:45.389999866+00:00,2024-10-26 01:14:45.389999866+02:00
1729898114.1899998,3380827200000.0,4455,2024-10-25 23:15:14.189999819+00:00,2024-10-26 01:15:14.189999819+02:00
1729898142.99,3343117200000.0,4455,2024-10-25 23:15:42.990000010+00:00,2024-10-26 01:15:42.990000010+02:00
1729898171.79,3330631000000.0,4455,2024-10-25 23:16:11.789999962+00:00,2024-10-26 01:16:11.789999962+02:00
1729898186.1899998,3353173200000.0,4455,2024-10-25 23:16:26.189999819+00:00,2024-10-26 01:16:26.189999819+02:00
1729898200.59,3208199200000.0,4455,2024-10-25 23:16:40.589999914+00:00,2024-10-26 01:16:40.589999914+02:00
1729898214.99,3236775000000.0,4455,2024-10-25 23:16:54.990000010+00:00,2024-10-26 01:16:54.990000010+02:00
1729898229.3899999,3237613000000.0,4455,2024-10-25 23:17:09.389999866+00:00,2024-10-26 01:17:09.389999866+02:00
1729898243.79,0.0,4455,2024-10-25 23:17:23.789999962+00:00,2024-10-26 01:17:23.789999962+02:00
1729898258.1899998,0.0,4455,2024-10-25 23:17:38.189999819+00:00,2024-10-26 01:17:38.189999819+02:00
1729898272.59,3218003800000.0,4455,2024-10-25 23:17:52.589999914+00:00,2024-10-26 01:17:52.589999914+02:00
1729898286.99,3231495600000.0,4455,2024-10-25 23:18:06.990000010+00:00,2024-10-26 01:18:06.990000010+02:00
1729898301.3899999,3264680400000.0,4455,2024-10-25 23:18:21.389999866+00:00,2024-10-26 01:18:21.389999866+02:00
1729898315.79,3239708000000.0,4455,2024-10-25 23:18:35.789999962+00:00,2024-10-26 01:18:35.789999962+02:00
1729898330.1899998,3238032000000.0,4455,2024-10-25 23:18:50.189999819+00:00,2024-10-26 01:18:50.189999819+02:00
1729898344.59,3253451200000.0,4455,2024-10-25 23:19:04.589999914+00:00,2024-10-26 01:19:04.589999914+02:00
1729898358.99,3271803400000.0,4455,2024-10-25 23:19:18.990000010+00:00,2024-10-26 01:19:18.990000010+02:00
1729898373.3899999,3288898600000.0,4455,2024-10-25 23:19:33.389999866+00:00,2024-10-26 01:19:33.389999866+02:00
1729898387.79,3288563400000.0,4455,2024-10-25 23:19:47.789999962+00:00,2024-10-26 01:19:47.789999962+02:00
1729898402.1899998,3269959800000.0,4455,2024-10-25 23:20:02.189999819+00:00,2024-10-26 01:20:02.189999819+02:00
1729898416.59,3315379400000.0,4455,2024-10-25 23:20:16.589999914+00:00,2024-10-26 01:20:16.589999914+02:00
1729898430.99,3284960000000.0,4455,2024-10-25 23:20:30.990000010+00:00,2024-10-26 01:20:30.990000010+02:00
1729898445.3899999,3263758600000.0,4455,2024-10-25 23:20:45.389999866+00:00,2024-10-26 01:20:45.389999866+02:00
1729898459.79,3291580200000.0,4455,2024-10-25 23:20:59.789999962+00:00,2024-10-26 01:20:59.789999962+02:00
1729898474.1899998,3257389800000.0,4455,2024-10-25 23:21:14.189999819+00:00,2024-10-26 01:21:14.189999819+02:00
1729898488.59,3274401200000.0,4455,2024-10-25 23:21:28.589999914+00:00,2024-10-26 01:21:28.589999914+02:00
1729898502.99,3305155800000.0,4455,2024-10-25 23:21:42.990000010+00:00,2024-10-26 01:21:42.990000010+02:00
1729898517.3899999,3273730800000.0,4455,2024-10-25 23:21:57.389999866+00:00,2024-10-26 01:21:57.389999866+02:00
1729898531.79,3296775800000.0,4455,2024-10-25 23:22:11.789999962+00:00,2024-10-26 01:22:11.789999962+02:00
1729898546.1899998,3294932200000.0,4455,2024-10-25 23:22:26.189999819+00:00,2024-10-26 01:22:26.189999819+02:00
1729898560.59,0.0,4455,2024-10-25 23:22:40.589999914+00:00,2024-10-26 01:22:40.589999914+02:00
1729898574.99,3771000000.0,4455,2024-10-25 23:22:54.990000010+00:00,2024-10-26 01:22:54.990000010+02:00
1729898589.3899999,3306161400000.0,4455,2024-10-25 23:23:09.389999866+00:00,2024-10-26 01:23:09.389999866+02:00
1729898603.79,3283032600000.0,4455,2024-10-25 23:23:23.789999962+00:00,2024-10-26 01:23:23.789999962+02:00
1729898618.1899998,3265518400000.0,4455,2024-10-25 23:23:38.189999819+00:00,2024-10-26 01:23:38.189999819+02:00
1729898632.59,3251523800000.0,4455,2024-10-25 23:23:52.589999914+00:00,2024-10-26 01:23:52.589999914+02:00
1729898646.99,3284205800000.0,4455,2024-10-25 23:24:06.990000010+00:00,2024-10-26 01:24:06.990000010+02:00
1729898661.3899999,3252361800000.0,4455,2024-10-25 23:24:21.389999866+00:00,2024-10-26 01:24:21.389999866+02:00
1729898675.79,3290155600000.0,4455,2024-10-25 23:24:35.789999962+00:00,2024-10-26 01:24:35.789999962+02:00
1729898690.1899998,3278423600000.0,4455,2024-10-25 23:24:50.189999819+00:00,2024-10-26 01:24:50.189999819+02:00
1729898704.59,3293423800000.0,4455,2024-10-25 23:25:04.589999914+00:00,2024-10-26 01:25:04.589999914+02:00
1729898718.99,3278004600000.0,4455,2024-10-25 23:25:18.990000010+00:00,2024-10-26 01:25:18.990000010+02:00
1729898733.3899999,3016800000.0,4455,2024-10-25 23:25:33.389999866+00:00,2024-10-26 01:25:33.389999866+02:00
1729898747.79,4022400000.0,4455,2024-10-25 23:25:47.789999962+00:00,2024-10-26 01:25:47.789999962+02:00
1729898762.1899998,3275574400000.0,4455,2024-10-25 23:26:02.189999819+00:00,2024-10-26 01:26:02.189999819+02:00
1729898776.59,3298451800000.0,4455,2024-10-25 23:26:16.589999914+00:00,2024-10-26 01:26:16.589999914+02:00
1729898790.99,3298703200000.0,4455,2024-10-25 23:26:30.990000010+00:00,2024-10-26 01:26:30.990000010+02:00
1729898805.3899999,3315547000000.0,4455,2024-10-25 23:26:45.389999866+00:00,2024-10-26 01:26:45.389999866+02:00
1729898819.79,3303479800000.0,4455,2024-10-25 23:26:59.789999962+00:00,2024-10-26 01:26:59.789999962+02:00
1729898834.1899998,3264848000000.0,4455,2024-10-25 23:27:14.189999819+00:00,2024-10-26 01:27:14.189999819+02:00
1729898848.59,3314960400000.0,4455,2024-10-25 23:27:28.589999914+00:00,2024-10-26 01:27:28.589999914+02:00
1729898862.99,0.0,4455,2024-10-25 23:27:42.990000010+00:00,2024-10-26 01:27:42.990000010+02:00
1729898877.3899999,0.0,4455,2024-10-25 23:27:57.389999866+00:00,2024-10-26 01:27:57.389999866+02:00
1729898891.79,3269373200000.0,4455,2024-10-25 23:28:11.789999962+00:00,2024-10-26 01:28:11.789999962+02:00
1729898906.1899998,3276244800000.0,4455,2024-10-25 23:28:26.189999819+00:00,2024-10-26 01:28:26.189999819+02:00
1729898920.59,0.0,4455,2024-10-25 23:28:40.589999914+00:00,2024-10-26 01:28:40.589999914+02:00
1729898934.99,3687200000.0,4455,2024-10-25 23:28:54.990000010+00:00,2024-10-26 01:28:54.990000010+02:00
1729898949.3899999,3257557400000.0,4455,2024-10-25 23:29:09.389999866+00:00,2024-10-26 01:29:09.389999866+02:00
1729898963.79,3277082800000.0,4455,2024-10-25 23:29:23.789999962+00:00,2024-10-26 01:29:23.789999962+02:00
1729898978.1899998,3273898400000.0,4455,2024-10-25 23:29:38.189999819+00:00,2024-10-26 01:29:38.189999819+02:00
1729898992.59,3274233600000.0,4455,2024-10-25 23:29:52.589999914+00:00,2024-10-26 01:29:52.589999914+02:00
1729899006.99,3264010000000.0,4455,2024-10-25 23:30:06.990000010+00:00,2024-10-26 01:30:06.990000010+02:00
1729899021.3899999,3297194800000.0,4455,2024-10-25 23:30:21.389999866+00:00,2024-10-26 01:30:21.389999866+02:00
1729899035.79,3310602800000.0,4455,2024-10-25 23:30:35.789999962+00:00,2024-10-26 01:30:35.789999962+02:00
1729899050.1899998,3278172200000.0,4455,2024-10-25 23:30:50.189999819+00:00,2024-10-26 01:30:50.189999819+02:00
1729899064.59,3277669400000.0,4455,2024-10-25 23:31:04.589999914+00:00,2024-10-26 01:31:04.589999914+02:00
1729899078.99,3262753000000.0,4455,2024-10-25 23:31:18.990000010+00:00,2024-10-26 01:31:18.990000010+02:00
1729899093.3899999,3292166800000.0,4455,2024-10-25 23:31:33.389999866+00:00,2024-10-26 01:31:33.389999866+02:00
1729899107.79,3268283800000.0,4455,2024-10-25 23:31:47.789999962+00:00,2024-10-26 01:31:47.789999962+02:00
1729899122.1899998,3280351000000.0,4455,2024-10-25 23:32:02.189999819+00:00,2024-10-26 01:32:02.189999819+02:00
1729899136.59,3288228200000.0,4455,2024-10-25 23:32:16.589999914+00:00,2024-10-26 01:32:16.589999914+02:00
1729899150.99,3301636200000.0,4455,2024-10-25 23:32:30.990000010+00:00,2024-10-26 01:32:30.990000010+02:00
1729899165.3899999,3248758400000.0,4455,2024-10-25 23:32:45.389999866+00:00,2024-10-26 01:32:45.389999866+02:00
1729899179.79,3235434200000.0,4455,2024-10-25 23:32:59.789999962+00:00,2024-10-26 01:32:59.789999962+02:00
1729899194.1899998,3231663200000.0,4455,2024-10-25 23:33:14.189999819+00:00,2024-10-26 01:33:14.189999819+02:00
1729899208.59,3274066000000.0,4455,2024-10-25 23:33:28.589999914+00:00,2024-10-26 01:33:28.589999914+02:00
1729899222.99,3255797600000.0,4455,2024-10-25 23:33:42.990000010+00:00,2024-10-26 01:33:42.990000010+02:00
1729899237.3899999,3285965600000.0,4455,2024-10-25 23:33:57.389999866+00:00,2024-10-26 01:33:57.389999866+02:00
1729899251.79,3277418000000.0,4455,2024-10-25 23:34:11.789999962+00:00,2024-10-26 01:34:11.789999962+02:00
1729899266.1899998,3258814400000.0,4455,2024-10-25 23:34:26.189999819+00:00,2024-10-26 01:34:26.189999819+02:00
1729899280.59,3278758800000.0,4455,2024-10-25 23:34:40.589999914+00:00,2024-10-26 01:34:40.589999914+02:00
1729899294.99,3308005000000.0,4455,2024-10-25 23:34:54.990000010+00:00,2024-10-26 01:34:54.990000010+02:00
1729899309.3899999,3275239200000.0,4455,2024-10-25 23:35:09.389999866+00:00,2024-10-26 01:35:09.389999866+02:00
1729899323.79,3287390200000.0,4455,2024-10-25 23:35:23.789999962+00:00,2024-10-26 01:35:23.789999962+02:00
1729899338.1899998,3284122000000.0,4455,2024-10-25 23:35:38.189999819+00:00,2024-10-26 01:35:38.189999819+02:00
1729899352.59,3283367800000.0,4455,2024-10-25 23:35:52.589999914+00:00,2024-10-26 01:35:52.589999914+02:00
1729899366.99,3307921200000.0,4455,2024-10-25 23:36:06.990000010+00:00,2024-10-26 01:36:06.990000010+02:00
1729899381.3899999,3278926400000.0,4455,2024-10-25 23:36:21.389999866+00:00,2024-10-26 01:36:21.389999866+02:00
1729899395.79,3247501400000.0,4455,2024-10-25 23:36:35.789999962+00:00,2024-10-26 01:36:35.789999962+02:00
1729899410.1899998,3300630600000.0,4455,2024-10-25 23:36:50.189999819+00:00,2024-10-26 01:36:50.189999819+02:00
1729899424.59,3295770200000.0,4455,2024-10-25 23:37:04.589999914+00:00,2024-10-26 01:37:04.589999914+02:00
1729899438.99,3291245000000.0,4455,2024-10-25 23:37:18.990000010+00:00,2024-10-26 01:37:18.990000010+02:00
1729899453.3899999,3303815000000.0,4455,2024-10-25 23:37:33.389999866+00:00,2024-10-26 01:37:33.389999866+02:00
1729899467.79,3297613800000.0,4455,2024-10-25 23:37:47.789999962+00:00,2024-10-26 01:37:47.789999962+02:00
1729899482.1899998,3284792400000.0,4455,2024-10-25 23:38:02.189999819+00:00,2024-10-26 01:38:02.189999819+02:00
1729899496.59,3304317800000.0,4455,2024-10-25 23:38:16.589999914+00:00,2024-10-26 01:38:16.589999914+02:00
1729899510.99,3340268000000.0,4455,2024-10-25 23:38:30.990000010+00:00,2024-10-26 01:38:30.990000010+02:00
1729899525.3899999,3296105400000.0,4455,2024-10-25 23:38:45.389999866+00:00,2024-10-26 01:38:45.389999866+02:00
1729899539.79,3261412200000.0,4455,2024-10-25 23:38:59.789999962+00:00,2024-10-26 01:38:59.789999962+02:00
1729899554.1899998,3309764800000.0,4455,2024-10-25 23:39:14.189999819+00:00,2024-10-26 01:39:14.189999819+02:00
1729899568.59,3371441600000.0,4455,2024-10-25 23:39:28.589999914+00:00,2024-10-26 01:39:28.589999914+02:00
1729899582.99,3279010200000.0,4455,2024-10-25 23:39:42.990000010+00:00,2024-10-26 01:39:42.990000010+02:00
1729899597.3899999,3302055200000.0,4455,2024-10-25 23:39:57.389999866+00:00,2024-10-26 01:39:57.389999866+02:00
1729899611.79,3290742200000.0,4455,2024-10-25 23:40:11.789999962+00:00,2024-10-26 01:40:11.789999962+02:00
1729899626.1899998,3292585800000.0,4455,2024-10-25 23:40:26.189999819+00:00,2024-10-26 01:40:26.189999819+02:00
1729899640.59,0.0,4455,2024-10-25 23:40:40.589999914+00:00,2024-10-26 01:40:40.589999914+02:00
1729899654.99,0.0,4455,2024-10-25 23:40:54.990000010+00:00,2024-10-26 01:40:54.990000010+02:00
1729899669.3899999,0.0,4455,2024-10-25 23:41:09.389999866+00:00,2024-10-26 01:41:09.389999866+02:00
1729899683.79,0.0,4455,2024-10-25 23:41:23.789999962+00:00,2024-10-26 01:41:23.789999962+02:00
1729899698.1899998,0.0,4455,2024-10-25 23:41:38.189999819+00:00,2024-10-26 01:41:38.189999819+02:00
1729899712.59,3284038200000.0,4455,2024-10-25 23:41:52.589999914+00:00,2024-10-26 01:41:52.589999914+02:00
1729899726.99,3286887400000.0,4455,2024-10-25 23:42:06.990000010+00:00,2024-10-26 01:42:06.990000010+02:00
1729899741.3899999,3278004600000.0,4455,2024-10-25 23:42:21.389999866+00:00,2024-10-26 01:42:21.389999866+02:00
1729899755.79,3262417800000.0,4455,2024-10-25 23:42:35.789999962+00:00,2024-10-26 01:42:35.789999962+02:00
1729899770.1899998,3300295400000.0,4455,2024-10-25 23:42:50.189999819+00:00,2024-10-26 01:42:50.189999819+02:00
1729899784.59,3282781200000.0,4455,2024-10-25 23:43:04.589999914+00:00,2024-10-26 01:43:04.589999914+02:00
1729899798.99,3280853800000.0,4455,2024-10-25 23:43:18.990000010+00:00,2024-10-26 01:43:18.990000010+02:00
1729899813.3899999,3285043800000.0,4455,2024-10-25 23:43:33.389999866+00:00,2024-10-26 01:43:33.389999866+02:00
1729899827.79,3271719600000.0,4455,2024-10-25 23:43:47.789999962+00:00,2024-10-26 01:43:47.789999962+02:00
1729899842.1899998,3310351400000.0,4455,2024-10-25 23:44:02.189999819+00:00,2024-10-26 01:44:02.189999819+02:00
1729899856.59,3239205200000.0,4455,2024-10-25 23:44:16.589999914+00:00,2024-10-26 01:44:16.589999914+02:00
1729899870.99,3278256000000.0,4455,2024-10-25 23:44:30.990000010+00:00,2024-10-26 01:44:30.990000010+02:00
1729899885.3899999,3260490400000.0,4455,2024-10-25 23:44:45.389999866+00:00,2024-10-26 01:44:45.389999866+02:00
1729899899.79,3295351200000.0,4455,2024-10-25 23:44:59.789999962+00:00,2024-10-26 01:44:59.789999962+02:00
1729899914.1899998,3273982200000.0,4455,2024-10-25 23:45:14.189999819+00:00,2024-10-26 01:45:14.189999819+02:00
1729899928.59,3298200400000.0,4455,2024-10-25 23:45:28.589999914+00:00,2024-10-26 01:45:28.589999914+02:00
1729899942.99,3271133000000.0,4455,2024-10-25 23:45:42.990000010+00:00,2024-10-26 01:45:42.990000010+02:00
1729899957.3899999,3275490600000.0,4455,2024-10-25 23:45:57.389999866+00:00,2024-10-26 01:45:57.389999866+02:00
1729899971.79,3294345600000.0,4455,2024-10-25 23:46:11.789999962+00:00,2024-10-26 01:46:11.789999962+02:00
1729899986.1899998,3271468200000.0,4455,2024-10-25 23:46:26.189999819+00:00,2024-10-26 01:46:26.189999819+02:00
1729900014.99,3383173600000.0,4455,2024-10-25 23:46:54.990000010+00:00,2024-10-26 01:46:54.990000010+02:00
1729900043.79,3371776800000.0,4455,2024-10-25 23:47:23.789999962+00:00,2024-10-26 01:47:23.789999962+02:00
1729900072.59,3370268400000.0,4455,2024-10-25 23:47:52.589999914+00:00,2024-10-26 01:47:52.589999914+02:00
1729900101.3899999,3380743400000.0,4455,2024-10-25 23:48:21.389999866+00:00,2024-10-26 01:48:21.389999866+02:00
1729900130.1899998,3377642800000.0,4455,2024-10-25 23:48:50.189999819+00:00,2024-10-26 01:48:50.189999819+02:00
1729900158.99,3354681600000.0,4455,2024-10-25 23:49:18.990000010+00:00,2024-10-26 01:49:18.990000010+02:00
1729900187.79,3380408200000.0,4455,2024-10-25 23:49:47.789999962+00:00,2024-10-26 01:49:47.789999962+02:00
1729900216.59,3376469600000.0,4455,2024-10-25 23:50:16.589999914+00:00,2024-10-26 01:50:16.589999914+02:00
1729900245.3899999,3363061600000.0,4455,2024-10-25 23:50:45.389999866+00:00,2024-10-26 01:50:45.389999866+02:00
1729900274.1899998,3381162400000.0,4455,2024-10-25 23:51:14.189999819+00:00,2024-10-26 01:51:14.189999819+02:00
1729900302.99,3344793200000.0,4455,2024-10-25 23:51:42.990000010+00:00,2024-10-26 01:51:42.990000010+02:00
1729900331.79,3369179000000.0,4455,2024-10-25 23:52:11.789999962+00:00,2024-10-26 01:52:11.789999962+02:00
1729900360.59,3351078200000.0,4455,2024-10-25 23:52:40.589999914+00:00,2024-10-26 01:52:40.589999914+02:00
1729900389.3899999,3372614800000.0,4455,2024-10-25 23:53:09.389999866+00:00,2024-10-26 01:53:09.389999866+02:00
1729900418.1899998,3335407600000.0,4455,2024-10-25 23:53:38.189999819+00:00,2024-10-26 01:53:38.189999819+02:00
1729900446.99,3375296400000.0,4455,2024-10-25 23:54:06.990000010+00:00,2024-10-26 01:54:06.990000010+02:00
1729900475.79,3370436000000.0,4455,2024-10-25 23:54:35.789999962+00:00,2024-10-26 01:54:35.789999962+02:00
1729900504.59,3356022400000.0,4455,2024-10-25 23:55:04.589999914+00:00,2024-10-26 01:55:04.589999914+02:00
1729900533.3899999,3364570000000.0,4455,2024-10-25 23:55:33.389999866+00:00,2024-10-26 01:55:33.389999866+02:00
1729900562.1899998,3353759800000.0,4455,2024-10-25 23:56:02.189999819+00:00,2024-10-26 01:56:02.189999819+02:00
1729900590.99,3385268600000.0,4455,2024-10-25 23:56:30.990000010+00:00,2024-10-26 01:56:30.990000010+02:00
1729900619.79,3343284800000.0,4455,2024-10-25 23:56:59.789999962+00:00,2024-10-26 01:56:59.789999962+02:00
1729900648.59,3347391000000.0,4455,2024-10-25 23:57:28.589999914+00:00,2024-10-26 01:57:28.589999914+02:00
1729900677.3899999,3372950000000.0,4455,2024-10-25 23:57:57.389999866+00:00,2024-10-26 01:57:57.389999866+02:00
1729900706.1899998,3343787600000.0,4455,2024-10-25 23:58:26.189999819+00:00,2024-10-26 01:58:26.189999819+02:00
1729900734.99,3338424400000.0,4455,2024-10-25 23:58:54.990000010+00:00,2024-10-26 01:58:54.990000010+02:00
1729900763.79,3331720400000.0,4455,2024-10-25 23:59:23.789999962+00:00,2024-10-26 01:59:23.789999962+02:00
1729900792.59,3358033600000.0,4455,2024-10-25 23:59:52.589999914+00:00,2024-10-26 01:59:52.589999914+02:00
1729900821.3899999,3353257000000.0,4455,2024-10-26 00:00:21.389999866+00:00,2024-10-26 02:00:21.389999866+02:00
1729900850.1899998,3357111800000.0,4455,2024-10-26 00:00:50.189999819+00:00,2024-10-26 02:00:50.189999819+02:00
1729900878.99,3352838000000.0,4455,2024-10-26 00:01:18.990000010+00:00,2024-10-26 02:01:18.990000010+02:00
1729900907.79,3345966400000.0,4455,2024-10-26 00:01:47.789999962+00:00,2024-10-26 02:01:47.789999962+02:00
1729900936.59,3360044800000.0,4455,2024-10-26 00:02:16.589999914+00:00,2024-10-26 02:02:16.589999914+02:00
1729900965.3899999,3364737600000.0,4455,2024-10-26 00:02:45.389999866+00:00,2024-10-26 02:02:45.389999866+02:00
1729900994.1899998,3333312600000.0,4455,2024-10-26 00:03:14.189999819+00:00,2024-10-26 02:03:14.189999819+02:00
1729901022.99,3345128400000.0,4455,2024-10-26 00:03:42.990000010+00:00,2024-10-26 02:03:42.990000010+02:00
1729901051.79,3345798800000.0,4455,2024-10-26 00:04:11.789999962+00:00,2024-10-26 02:04:11.789999962+02:00
1729901080.59,3370771200000.0,4455,2024-10-26 00:04:40.589999914+00:00,2024-10-26 02:04:40.589999914+02:00
1729901109.3899999,3354011200000.0,4455,2024-10-26 00:05:09.389999866+00:00,2024-10-26 02:05:09.389999866+02:00
1729901138.1899998,3360882800000.0,4455,2024-10-26 00:05:38.189999819+00:00,2024-10-26 02:05:38.189999819+02:00
1729901166.99,3361553200000.0,4455,2024-10-26 00:06:06.990000010+00:00,2024-10-26 02:06:06.990000010+02:00
1729901181.3899999,3319318000000.0,4455,2024-10-26 00:06:21.389999866+00:00,2024-10-26 02:06:21.389999866+02:00
1729901195.79,3285798000000.0,4455,2024-10-26 00:06:35.789999962+00:00,2024-10-26 02:06:35.789999962+02:00
1729901210.1899998,3202081800000.0,4455,2024-10-26 00:06:50.189999819+00:00,2024-10-26 02:06:50.189999819+02:00
1729901224.59,3202500800000.0,4455,2024-10-26 00:07:04.589999914+00:00,2024-10-26 02:07:04.589999914+02:00
1729901238.99,3205098600000.0,4455,2024-10-26 00:07:18.990000010+00:00,2024-10-26 02:07:18.990000010+02:00
1729901253.3899999,3222948000000.0,4455,2024-10-26 00:07:33.389999866+00:00,2024-10-26 02:07:33.389999866+02:00
1729901267.79,3176439000000.0,4455,2024-10-26 00:07:47.789999962+00:00,2024-10-26 02:07:47.789999962+02:00
1729901282.1899998,3245322600000.0,4455,2024-10-26 00:08:02.189999819+00:00,2024-10-26 02:08:02.189999819+02:00
1729901296.59,3241551600000.0,4455,2024-10-26 00:08:16.589999914+00:00,2024-10-26 02:08:16.589999914+02:00
1729901310.99,3240881200000.0,4455,2024-10-26 00:08:30.990000010+00:00,2024-10-26 02:08:30.990000010+02:00
1729901325.3899999,3214568000000.0,4455,2024-10-26 00:08:45.389999866+00:00,2024-10-26 02:08:45.389999866+02:00
1729901339.79,3211383600000.0,4455,2024-10-26 00:08:59.789999962+00:00,2024-10-26 02:08:59.789999962+02:00
1729901354.1899998,3208534400000.0,4455,2024-10-26 00:09:14.189999819+00:00,2024-10-26 02:09:14.189999819+02:00
1729901368.59,3235434200000.0,4455,2024-10-26 00:09:28.589999914+00:00,2024-10-26 02:09:28.589999914+02:00
1729901382.99,3218003800000.0,4455,2024-10-26 00:09:42.990000010+00:00,2024-10-26 02:09:42.990000010+02:00
1729901397.3899999,3200657200000.0,4455,2024-10-26 00:09:57.389999866+00:00,2024-10-26 02:09:57.389999866+02:00
1729901411.79,3233423000000.0,4455,2024-10-26 00:10:11.789999962+00:00,2024-10-26 02:10:11.789999962+02:00
1729901426.1899998,3252445600000.0,4455,2024-10-26 00:10:26.189999819+00:00,2024-10-26 02:10:26.189999819+02:00
1729901440.59,3236104600000.0,4455,2024-10-26 00:10:40.589999914+00:00,2024-10-26 02:10:40.589999914+02:00
1729901454.99,3252613200000.0,4455,2024-10-26 00:10:54.990000010+00:00,2024-10-26 02:10:54.990000010+02:00
1729901469.3899999,3233171600000.0,4455,2024-10-26 00:11:09.389999866+00:00,2024-10-26 02:11:09.389999866+02:00
1729901483.79,3259903800000.0,4455,2024-10-26 00:11:23.789999962+00:00,2024-10-26 02:11:23.789999962+02:00
1729901498.1899998,3233087800000.0,4455,2024-10-26 00:11:38.189999819+00:00,2024-10-26 02:11:38.189999819+02:00
1729901512.59,3235853200000.0,4455,2024-10-26 00:11:52.589999914+00:00,2024-10-26 02:11:52.589999914+02:00
1729901526.99,3250099200000.0,4455,2024-10-26 00:12:06.990000010+00:00,2024-10-26 02:12:06.990000010+02:00
1729901541.3899999,3256384200000.0,4455,2024-10-26 00:12:21.389999866+00:00,2024-10-26 02:12:21.389999866+02:00
1729901555.79,3252780800000.0,4455,2024-10-26 00:12:35.789999962+00:00,2024-10-26 02:12:35.789999962+02:00
1729901570.1899998,3251607600000.0,4455,2024-10-26 00:12:50.189999819+00:00,2024-10-26 02:12:50.189999819+02:00
1729901584.59,3273730800000.0,4455,2024-10-26 00:13:04.589999914+00:00,2024-10-26 02:13:04.589999914+02:00
1729901598.99,3271887200000.0,4455,2024-10-26 00:13:18.990000010+00:00,2024-10-26 02:13:18.990000010+02:00
1729901613.3899999,3252948400000.0,4455,2024-10-26 00:13:33.389999866+00:00,2024-10-26 02:13:33.389999866+02:00
1729901627.79,3287055000000.0,4455,2024-10-26 00:13:47.789999962+00:00,2024-10-26 02:13:47.789999962+02:00
1729901642.1899998,3260322800000.0,4455,2024-10-26 00:14:02.189999819+00:00,2024-10-26 02:14:02.189999819+02:00
1729901656.59,3283451600000.0,4455,2024-10-26 00:14:16.589999914+00:00,2024-10-26 02:14:16.589999914+02:00
1729901670.99,3275993400000.0,4455,2024-10-26 00:14:30.990000010+00:00,2024-10-26 02:14:30.990000010+02:00
1729901685.3899999,3260909400000.0,4455,2024-10-26 00:14:45.389999866+00:00,2024-10-26 02:14:45.389999866+02:00
1729901699.79,3271300600000.0,4455,2024-10-26 00:14:59.789999962+00:00,2024-10-26 02:14:59.789999962+02:00
1729901714.1899998,3253032200000.0,4455,2024-10-26 00:15:14.189999819+00:00,2024-10-26 02:15:14.189999819+02:00
1729901728.59,3263842400000.0,4455,2024-10-26 00:15:28.589999914+00:00,2024-10-26 02:15:28.589999914+02:00
1729901742.99,3260909400000.0,4455,2024-10-26 00:15:42.990000010+00:00,2024-10-26 02:15:42.990000010+02:00
1729901757.3899999,3262753000000.0,4455,2024-10-26 00:15:57.389999866+00:00,2024-10-26 02:15:57.389999866+02:00
1729901771.79,3286552200000.0,4455,2024-10-26 00:16:11.789999962+00:00,2024-10-26 02:16:11.789999962+02:00
1729901786.1899998,3270881600000.0,4455,2024-10-26 00:16:26.189999819+00:00,2024-10-26 02:16:26.189999819+02:00
1729901800.59,3265602200000.0,4455,2024-10-26 00:16:40.589999914+00:00,2024-10-26 02:16:40.589999914+02:00
1729901814.99,3279010200000.0,4455,2024-10-26 00:16:54.990000010+00:00,2024-10-26 02:16:54.990000010+02:00
1729901829.3899999,3294429400000.0,4455,2024-10-26 00:17:09.389999866+00:00,2024-10-26 02:17:09.389999866+02:00
1729901843.79,3263591000000.0,4455,2024-10-26 00:17:23.789999962+00:00,2024-10-26 02:17:23.789999962+02:00
1729901858.1899998,3260658000000.0,4455,2024-10-26 00:17:38.189999819+00:00,2024-10-26 02:17:38.189999819+02:00
1729901872.59,3290155600000.0,4455,2024-10-26 00:17:52.589999914+00:00,2024-10-26 02:17:52.589999914+02:00
1729901886.99,3278926400000.0,4455,2024-10-26 00:18:06.990000010+00:00,2024-10-26 02:18:06.990000010+02:00
1729901901.3899999,3265602200000.0,4455,2024-10-26 00:18:21.389999866+00:00,2024-10-26 02:18:21.389999866+02:00
1729901915.79,3264261400000.0,4455,2024-10-26 00:18:35.789999962+00:00,2024-10-26 02:18:35.789999962+02:00
1729901930.1899998,3302390400000.0,4455,2024-10-26 00:18:50.189999819+00:00,2024-10-26 02:18:50.189999819+02:00
1729901944.59,3277837000000.0,4455,2024-10-26 00:19:04.589999914+00:00,2024-10-26 02:19:04.589999914+02:00
1729901958.99,3252026600000.0,4455,2024-10-26 00:19:18.990000010+00:00,2024-10-26 02:19:18.990000010+02:00
1729901973.3899999,3268786600000.0,4455,2024-10-26 00:19:33.389999866+00:00,2024-10-26 02:19:33.389999866+02:00
1729901987.79,3286384600000.0,4455,2024-10-26 00:19:47.789999962+00:00,2024-10-26 02:19:47.789999962+02:00
1729902002.1899998,3256635600000.0,4455,2024-10-26 00:20:02.189999819+00:00,2024-10-26 02:20:02.189999819+02:00
1729902016.59,3302558000000.0,4455,2024-10-26 00:20:16.589999914+00:00,2024-10-26 02:20:16.589999914+02:00
1729902030.99,3329374000000.0,4455,2024-10-26 00:20:30.990000010+00:00,2024-10-26 02:20:30.990000010+02:00
1729902045.3899999,3306412800000.0,4455,2024-10-26 00:20:45.389999866+00:00,2024-10-26 02:20:45.389999866+02:00
1729902059.79,3284373400000.0,4455,2024-10-26 00:20:59.789999962+00:00,2024-10-26 02:20:59.789999962+02:00
1729902074.1899998,3305155800000.0,4455,2024-10-26 00:21:14.189999819+00:00,2024-10-26 02:21:14.189999819+02:00
1729902088.59,3274066000000.0,4455,2024-10-26 00:21:28.589999914+00:00,2024-10-26 02:21:28.589999914+02:00
1729902102.99,3293172400000.0,4455,2024-10-26 00:21:42.990000010+00:00,2024-10-26 02:21:42.990000010+02:00
1729902117.3899999,3313116800000.0,4455,2024-10-26 00:21:57.389999866+00:00,2024-10-26 02:21:57.389999866+02:00
1729902131.79,3305155800000.0,4455,2024-10-26 00:22:11.789999962+00:00,2024-10-26 02:22:11.789999962+02:00
1729902146.1899998,3268619000000.0,4455,2024-10-26 00:22:26.189999819+00:00,2024-10-26 02:22:26.189999819+02:00
1729902160.59,3264931800000.0,4455,2024-10-26 00:22:40.589999914+00:00,2024-10-26 02:22:40.589999914+02:00
1729902174.99,3282865000000.0,4455,2024-10-26 00:22:54.990000010+00:00,2024-10-26 02:22:54.990000010+02:00
1729902189.3899999,3284289600000.0,4455,2024-10-26 00:23:09.389999866+00:00,2024-10-26 02:23:09.389999866+02:00
1729902203.79,3263339600000.0,4455,2024-10-26 00:23:23.789999962+00:00,2024-10-26 02:23:23.789999962+02:00
1729902218.1899998,3260741800000.0,4455,2024-10-26 00:23:38.189999819+00:00,2024-10-26 02:23:38.189999819+02:00
1729902232.59,3282362200000.0,4455,2024-10-26 00:23:52.589999914+00:00,2024-10-26 02:23:52.589999914+02:00
1729902246.99,3269876000000.0,4455,2024-10-26 00:24:06.990000010+00:00,2024-10-26 02:24:06.990000010+02:00
1729902261.3899999,3268619000000.0,4455,2024-10-26 00:24:21.389999866+00:00,2024-10-26 02:24:21.389999866+02:00
1729902275.79,3240378400000.0,4455,2024-10-26 00:24:35.789999962+00:00,2024-10-26 02:24:35.789999962+02:00
1729902290.1899998,3289150000000.0,4455,2024-10-26 00:24:50.189999819+00:00,2024-10-26 02:24:50.189999819+02:00
1729902304.59,3278507400000.0,4455,2024-10-26 00:25:04.589999914+00:00,2024-10-26 02:25:04.589999914+02:00
1729902318.99,3278004600000.0,4455,2024-10-26 00:25:18.990000010+00:00,2024-10-26 02:25:18.990000010+02:00
1729902333.3899999,3288144400000.0,4455,2024-10-26 00:25:33.389999866+00:00,2024-10-26 02:25:33.389999866+02:00
1729902347.79,3292669600000.0,4455,2024-10-26 00:25:47.789999962+00:00,2024-10-26 02:25:47.789999962+02:00
1729902362.1899998,3308088800000.0,4455,2024-10-26 00:26:02.189999819+00:00,2024-10-26 02:26:02.189999819+02:00
1729902376.59,3326860000000.0,4455,2024-10-26 00:26:16.589999914+00:00,2024-10-26 02:26:16.589999914+02:00
1729902390.99,3309345800000.0,4455,2024-10-26 00:26:30.990000010+00:00,2024-10-26 02:26:30.990000010+02:00
1729902405.3899999,3308340200000.0,4455,2024-10-26 00:26:45.389999866+00:00,2024-10-26 02:26:45.389999866+02:00
1729902419.79,3289233800000.0,4455,2024-10-26 00:26:59.789999962+00:00,2024-10-26 02:26:59.789999962+02:00
1729902434.1899998,3280518600000.0,4455,2024-10-26 00:27:14.189999819+00:00,2024-10-26 02:27:14.189999819+02:00
1729902448.59,3292418200000.0,4455,2024-10-26 00:27:28.589999914+00:00,2024-10-26 02:27:28.589999914+02:00
1729902462.99,3305574800000.0,4455,2024-10-26 00:27:42.990000010+00:00,2024-10-26 02:27:42.990000010+02:00
1729902477.3899999,3297027200000.0,4455,2024-10-26 00:27:57.389999866+00:00,2024-10-26 02:27:57.389999866+02:00
1729902491.79,3307502200000.0,4455,2024-10-26 00:28:11.789999962+00:00,2024-10-26 02:28:11.789999962+02:00
1729902506.1899998,3312111200000.0,4455,2024-10-26 00:28:26.189999819+00:00,2024-10-26 02:28:26.189999819+02:00
1729902520.59,3339681400000.0,4455,2024-10-26 00:28:40.589999914+00:00,2024-10-26 02:28:40.589999914+02:00
1729902534.99,3305910000000.0,4455,2024-10-26 00:28:54.990000010+00:00,2024-10-26 02:28:54.990000010+02:00
1729902549.3899999,3299373600000.0,4455,2024-10-26 00:29:09.389999866+00:00,2024-10-26 02:29:09.389999866+02:00
1729902563.79,3243981800000.0,4455,2024-10-26 00:29:23.789999962+00:00,2024-10-26 02:29:23.789999962+02:00
1729902578.1899998,3307418400000.0,4455,2024-10-26 00:29:38.189999819+00:00,2024-10-26 02:29:38.189999819+02:00
1729902592.59,3312362600000.0,4455,2024-10-26 00:29:52.589999914+00:00,2024-10-26 02:29:52.589999914+02:00
1729902606.99,3307167000000.0,4455,2024-10-26 00:30:06.990000010+00:00,2024-10-26 02:30:06.990000010+02:00
1729902621.3899999,3310770400000.0,4455,2024-10-26 00:30:21.389999866+00:00,2024-10-26 02:30:21.389999866+02:00
1729902635.79,3277501800000.0,4455,2024-10-26 00:30:35.789999962+00:00,2024-10-26 02:30:35.789999962+02:00
1729902650.1899998,3293256200000.0,4455,2024-10-26 00:30:50.189999819+00:00,2024-10-26 02:30:50.189999819+02:00
1729902664.59,3311524600000.0,4455,2024-10-26 00:31:04.589999914+00:00,2024-10-26 02:31:04.589999914+02:00
1729902678.99,3306580400000.0,4455,2024-10-26 00:31:18.990000010+00:00,2024-10-26 02:31:18.990000010+02:00
1729902693.3899999,3303060800000.0,4455,2024-10-26 00:31:33.389999866+00:00,2024-10-26 02:31:33.389999866+02:00
1729902707.79,3328033200000.0,4455,2024-10-26 00:31:47.789999962+00:00,2024-10-26 02:31:47.789999962+02:00
1729902722.1899998,3312446400000.0,4455,2024-10-26 00:32:02.189999819+00:00,2024-10-26 02:32:02.189999819+02:00
1729902736.59,3321496800000.0,4455,2024-10-26 00:32:16.589999914+00:00,2024-10-26 02:32:16.589999914+02:00
1729902750.99,3301552400000.0,4455,2024-10-26 00:32:30.990000010+00:00,2024-10-26 02:32:30.990000010+02:00
1729902765.3899999,3339178600000.0,4455,2024-10-26 00:32:45.389999866+00:00,2024-10-26 02:32:45.389999866+02:00
1729902779.79,3319988400000.0,4455,2024-10-26 00:32:59.789999962+00:00,2024-10-26 02:32:59.789999962+02:00
1729902794.1899998,3323759400000.0,4455,2024-10-26 00:33:14.189999819+00:00,2024-10-26 02:33:14.189999819+02:00
1729902808.59,3361888400000.0,4455,2024-10-26 00:33:28.589999914+00:00,2024-10-26 02:33:28.589999914+02:00
1729902822.99,3317055400000.0,4455,2024-10-26 00:33:42.990000010+00:00,2024-10-26 02:33:42.990000010+02:00
1729902837.3899999,3306245200000.0,4455,2024-10-26 00:33:57.389999866+00:00,2024-10-26 02:33:57.389999866+02:00
1729902851.79,3347139600000.0,4455,2024-10-26 00:34:11.789999962+00:00,2024-10-26 02:34:11.789999962+02:00
1729902866.1899998,3290407000000.0,4455,2024-10-26 00:34:26.189999819+00:00,2024-10-26 02:34:26.189999819+02:00
1729902880.59,3323172800000.0,4455,2024-10-26 00:34:40.589999914+00:00,2024-10-26 02:34:40.589999914+02:00
1729902894.99,3333815400000.0,4455,2024-10-26 00:34:54.990000010+00:00,2024-10-26 02:34:54.990000010+02:00
1729902909.3899999,3330212000000.0,4455,2024-10-26 00:35:09.389999866+00:00,2024-10-26 02:35:09.389999866+02:00
1729902923.79,3325184000000.0,4455,2024-10-26 00:35:23.789999962+00:00,2024-10-26 02:35:23.789999962+02:00
1729902938.1899998,3335910400000.0,4455,2024-10-26 00:35:38.189999819+00:00,2024-10-26 02:35:38.189999819+02:00
1729902952.59,3328955000000.0,4455,2024-10-26 00:35:52.589999914+00:00,2024-10-26 02:35:52.589999914+02:00
1729902966.99,3310770400000.0,4455,2024-10-26 00:36:06.990000010+00:00,2024-10-26 02:36:06.990000010+02:00
1729902981.3899999,3362726400000.0,4455,2024-10-26 00:36:21.389999866+00:00,2024-10-26 02:36:21.389999866+02:00
1729902995.79,3313619600000.0,4455,2024-10-26 00:36:35.789999962+00:00,2024-10-26 02:36:35.789999962+02:00
1729903010.1899998,3311608400000.0,4455,2024-10-26 00:36:50.189999819+00:00,2024-10-26 02:36:50.189999819+02:00
1729903024.59,3331971800000.0,4455,2024-10-26 00:37:04.589999914+00:00,2024-10-26 02:37:04.589999914+02:00
1729903038.99,3336664600000.0,4455,2024-10-26 00:37:18.990000010+00:00,2024-10-26 02:37:18.990000010+02:00
1729903053.3899999,3344290400000.0,4455,2024-10-26 00:37:33.389999866+00:00,2024-10-26 02:37:33.389999866+02:00
1729903067.79,3335910400000.0,4455,2024-10-26 00:37:47.789999962+00:00,2024-10-26 02:37:47.789999962+02:00
1729903082.1899998,3322334800000.0,4455,2024-10-26 00:38:02.189999819+00:00,2024-10-26 02:38:02.189999819+02:00
1729903096.59,3320491200000.0,4455,2024-10-26 00:38:16.589999914+00:00,2024-10-26 02:38:16.589999914+02:00
1729903110.99,3336413200000.0,4455,2024-10-26 00:38:30.990000010+00:00,2024-10-26 02:38:30.990000010+02:00
1729903125.3899999,3323005200000.0,4455,2024-10-26 00:38:45.389999866+00:00,2024-10-26 02:38:45.389999866+02:00
1729903139.79,3341106000000.0,4455,2024-10-26 00:38:59.789999962+00:00,2024-10-26 02:38:59.789999962+02:00
1729903154.1899998,3308088800000.0,4455,2024-10-26 00:39:14.189999819+00:00,2024-10-26 02:39:14.189999819+02:00
1729903168.59,3324262200000.0,4455,2024-10-26 00:39:28.589999914+00:00,2024-10-26 02:39:28.589999914+02:00
1729903182.99,3311357000000.0,4455,2024-10-26 00:39:42.990000010+00:00,2024-10-26 02:39:42.990000010+02:00
1729903197.3899999,3339597600000.0,4455,2024-10-26 00:39:57.389999866+00:00,2024-10-26 02:39:57.389999866+02:00
1729903211.79,3333228800000.0,4455,2024-10-26 00:40:11.789999962+00:00,2024-10-26 02:40:11.789999962+02:00
1729903226.1899998,3319569400000.0,4455,2024-10-26 00:40:26.189999819+00:00,2024-10-26 02:40:26.189999819+02:00
1729903240.59,3348396600000.0,4455,2024-10-26 00:40:40.589999914+00:00,2024-10-26 02:40:40.589999914+02:00
1729903254.99,3308591600000.0,4455,2024-10-26 00:40:54.990000010+00:00,2024-10-26 02:40:54.990000010+02:00
1729903269.3899999,3267529600000.0,4455,2024-10-26 00:41:09.389999866+00:00,2024-10-26 02:41:09.389999866+02:00
1729903283.79,3307586000000.0,4455,2024-10-26 00:41:23.789999962+00:00,2024-10-26 02:41:23.789999962+02:00
1729903298.1899998,3321413000000.0,4455,2024-10-26 00:41:38.189999819+00:00,2024-10-26 02:41:38.189999819+02:00
1729903312.59,3328871200000.0,4455,2024-10-26 00:41:52.589999914+00:00,2024-10-26 02:41:52.589999914+02:00
1729903326.99,3354933000000.0,4455,2024-10-26 00:42:06.990000010+00:00,2024-10-26 02:42:06.990000010+02:00
1729903341.3899999,3311692200000.0,4455,2024-10-26 00:42:21.389999866+00:00,2024-10-26 02:42:21.389999866+02:00
1729903355.79,3342195400000.0,4455,2024-10-26 00:42:35.789999962+00:00,2024-10-26 02:42:35.789999962+02:00
1729903370.1899998,3347474800000.0,4455,2024-10-26 00:42:50.189999819+00:00,2024-10-26 02:42:50.189999819+02:00
1729903384.59,3364234800000.0,4455,2024-10-26 00:43:04.589999914+00:00,2024-10-26 02:43:04.589999914+02:00
1729903398.99,3334485800000.0,4455,2024-10-26 00:43:18.990000010+00:00,2024-10-26 02:43:18.990000010+02:00
1729903413.3899999,3338173000000.0,4455,2024-10-26 00:43:33.389999866+00:00,2024-10-26 02:43:33.389999866+02:00
1729903427.79,3301552400000.0,4455,2024-10-26 00:43:47.789999962+00:00,2024-10-26 02:43:47.789999962+02:00
1729903442.1899998,3333815400000.0,4455,2024-10-26 00:44:02.189999819+00:00,2024-10-26 02:44:02.189999819+02:00
1729903456.59,3332055600000.0,4455,2024-10-26 00:44:16.589999914+00:00,2024-10-26 02:44:16.589999914+02:00
1729903470.99,3306831800000.0,4455,2024-10-26 00:44:30.990000010+00:00,2024-10-26 02:44:30.990000010+02:00
1729903485.3899999,3340435600000.0,4455,2024-10-26 00:44:45.389999866+00:00,2024-10-26 02:44:45.389999866+02:00
1729903499.79,3334569600000.0,4455,2024-10-26 00:44:59.789999962+00:00,2024-10-26 02:44:59.789999962+02:00
1729903514.1899998,3282697400000.0,4455,2024-10-26 00:45:14.189999819+00:00,2024-10-26 02:45:14.189999819+02:00
1729903528.59,3340854600000.0,4455,2024-10-26 00:45:28.589999914+00:00,2024-10-26 02:45:28.589999914+02:00
1729903542.99,3340938400000.0,4455,2024-10-26 00:45:42.990000010+00:00,2024-10-26 02:45:42.990000010+02:00
1729903557.3899999,3325854400000.0,4455,2024-10-26 00:45:57.389999866+00:00,2024-10-26 02:45:57.389999866+02:00
1729903571.79,3316971600000.0,4455,2024-10-26 00:46:11.789999962+00:00,2024-10-26 02:46:11.789999962+02:00
1729903586.1899998,3338340600000.0,4455,2024-10-26 00:46:26.189999819+00:00,2024-10-26 02:46:26.189999819+02:00
1729903600.59,3320575000000.0,4455,2024-10-26 00:46:40.589999914+00:00,2024-10-26 02:46:40.589999914+02:00
1729903614.99,3311943600000.0,4455,2024-10-26 00:46:54.990000010+00:00,2024-10-26 02:46:54.990000010+02:00
1729903629.3899999,3348480400000.0,4455,2024-10-26 00:47:09.389999866+00:00,2024-10-26 02:47:09.389999866+02:00
1729903643.79,3302139000000.0,4455,2024-10-26 00:47:23.789999962+00:00,2024-10-26 02:47:23.789999962+02:00
1729903658.1899998,3317223000000.0,4455,2024-10-26 00:47:38.189999819+00:00,2024-10-26 02:47:38.189999819+02:00
1729903672.59,3313535800000.0,4455,2024-10-26 00:47:52.589999914+00:00,2024-10-26 02:47:52.589999914+02:00
1729903686.99,3327195200000.0,4455,2024-10-26 00:48:06.990000010+00:00,2024-10-26 02:48:06.990000010+02:00
1729903701.3899999,3307586000000.0,4455,2024-10-26 00:48:21.389999866+00:00,2024-10-26 02:48:21.389999866+02:00
1729903715.79,3305239600000.0,4455,2024-10-26 00:48:35.789999962+00:00,2024-10-26 02:48:35.789999962+02:00
1729903730.1899998,3320826400000.0,4455,2024-10-26 00:48:50.189999819+00:00,2024-10-26 02:48:50.189999819+02:00
1729903744.59,3315128000000.0,4455,2024-10-26 00:49:04.589999914+00:00,2024-10-26 02:49:04.589999914+02:00
1729903758.99,3319150400000.0,4455,2024-10-26 00:49:18.990000010+00:00,2024-10-26 02:49:18.990000010+02:00
1729903773.3899999,3314457600000.0,4455,2024-10-26 00:49:33.389999866+00:00,2024-10-26 02:49:33.389999866+02:00
1729903787.79,3325016400000.0,4455,2024-10-26 00:49:47.789999962+00:00,2024-10-26 02:49:47.789999962+02:00
1729903802.1899998,3314876600000.0,4455,2024-10-26 00:50:02.189999819+00:00,2024-10-26 02:50:02.189999819+02:00
1729903816.59,3333815400000.0,4455,2024-10-26 00:50:16.589999914+00:00,2024-10-26 02:50:16.589999914+02:00
1729903830.99,3326776200000.0,4455,2024-10-26 00:50:30.990000010+00:00,2024-10-26 02:50:30.990000010+02:00
1729903845.3899999,3309764800000.0,4455,2024-10-26 00:50:45.389999866+00:00,2024-10-26 02:50:45.389999866+02:00
1729903859.79,3331888000000.0,4455,2024-10-26 00:50:59.789999962+00:00,2024-10-26 02:50:59.789999962+02:00
1729903874.1899998,3339849000000.0,4455,2024-10-26 00:51:14.189999819+00:00,2024-10-26 02:51:14.189999819+02:00
1729903888.59,3318396200000.0,4455,2024-10-26 00:51:28.589999914+00:00,2024-10-26 02:51:28.589999914+02:00
1729903902.99,3301384800000.0,4455,2024-10-26 00:51:42.990000010+00:00,2024-10-26 02:51:42.990000010+02:00
1729903917.3899999,3348731800000.0,4455,2024-10-26 00:51:57.389999866+00:00,2024-10-26 02:51:57.389999866+02:00
1729903931.79,3346301600000.0,4455,2024-10-26 00:52:11.789999962+00:00,2024-10-26 02:52:11.789999962+02:00
1729903946.1899998,3354011200000.0,4455,2024-10-26 00:52:26.189999819+00:00,2024-10-26 02:52:26.189999819+02:00
1729903960.59,3340268000000.0,4455,2024-10-26 00:52:40.589999914+00:00,2024-10-26 02:52:40.589999914+02:00
1729903974.99,3338843400000.0,4455,2024-10-26 00:52:54.990000010+00:00,2024-10-26 02:52:54.990000010+02:00
1729903989.3899999,3348229000000.0,4455,2024-10-26 00:53:09.389999866+00:00,2024-10-26 02:53:09.389999866+02:00
1729904003.79,3315714600000.0,4455,2024-10-26 00:53:23.789999962+00:00,2024-10-26 02:53:23.789999962+02:00
1729904018.1899998,3327614200000.0,4455,2024-10-26 00:53:38.189999819+00:00,2024-10-26 02:53:38.189999819+02:00
1729904032.59,3326441000000.0,4455,2024-10-26 00:53:52.589999914+00:00,2024-10-26 02:53:52.589999914+02:00
1729904046.99,3305993800000.0,4455,2024-10-26 00:54:06.990000010+00:00,2024-10-26 02:54:06.990000010+02:00
1729904061.3899999,3334402000000.0,4455,2024-10-26 00:54:21.389999866+00:00,2024-10-26 02:54:21.389999866+02:00
1729904075.79,3324513600000.0,4455,2024-10-26 00:54:35.789999962+00:00,2024-10-26 02:54:35.789999962+02:00
1729904090.1899998,3318563800000.0,4455,2024-10-26 00:54:50.189999819+00:00,2024-10-26 02:54:50.189999819+02:00
1729904104.59,3272222400000.0,4455,2024-10-26 00:55:04.589999914+00:00,2024-10-26 02:55:04.589999914+02:00
1729904118.99,3333899200000.0,4455,2024-10-26 00:55:18.990000010+00:00,2024-10-26 02:55:18.990000010+02:00
1729904133.3899999,3322837600000.0,4455,2024-10-26 00:55:33.389999866+00:00,2024-10-26 02:55:33.389999866+02:00
1729904147.79,3314373800000.0,4455,2024-10-26 00:55:47.789999962+00:00,2024-10-26 02:55:47.789999962+02:00
1729904162.1899998,3308256400000.0,4455,2024-10-26 00:56:02.189999819+00:00,2024-10-26 02:56:02.189999819+02:00
1729904176.59,3329793000000.0,4455,2024-10-26 00:56:16.589999914+00:00,2024-10-26 02:56:16.589999914+02:00
1729904190.99,3339346200000.0,4455,2024-10-26 00:56:30.990000010+00:00,2024-10-26 02:56:30.990000010+02:00
1729904205.3899999,3349150800000.0,4455,2024-10-26 00:56:45.389999866+00:00,2024-10-26 02:56:45.389999866+02:00
1729904219.79,3333061200000.0,4455,2024-10-26 00:56:59.789999962+00:00,2024-10-26 02:56:59.789999962+02:00
1729904234.1899998,3356441400000.0,4455,2024-10-26 00:57:14.189999819+00:00,2024-10-26 02:57:14.189999819+02:00
1729904248.59,3350575400000.0,4455,2024-10-26 00:57:28.589999914+00:00,2024-10-26 02:57:28.589999914+02:00
1729904262.99,3338089200000.0,4455,2024-10-26 00:57:42.990000010+00:00,2024-10-26 02:57:42.990000010+02:00
1729904277.3899999,3361385600000.0,4455,2024-10-26 00:57:57.389999866+00:00,2024-10-26 02:57:57.389999866+02:00
1729904291.79,3341441200000.0,4455,2024-10-26 00:58:11.789999962+00:00,2024-10-26 02:58:11.789999962+02:00
1729904306.1899998,3344793200000.0,4455,2024-10-26 00:58:26.189999819+00:00,2024-10-26 02:58:26.189999819+02:00
1729904320.59,3377307600000.0,4455,2024-10-26 00:58:40.589999914+00:00,2024-10-26 02:58:40.589999914+02:00
1729904334.99,3323172800000.0,4455,2024-10-26 00:58:54.990000010+00:00,2024-10-26 02:58:54.990000010+02:00
1729904349.3899999,3330547200000.0,4455,2024-10-26 00:59:09.389999866+00:00,2024-10-26 02:59:09.389999866+02:00
1729904363.79,3343452400000.0,4455,2024-10-26 00:59:23.789999962+00:00,2024-10-26 02:59:23.789999962+02:00
1729904378.1899998,3318563800000.0,4455,2024-10-26 00:59:38.189999819+00:00,2024-10-26 02:59:38.189999819+02:00
1729904392.59,3323927000000.0,4455,2024-10-26 00:59:52.589999914+00:00,2024-10-26 02:59:52.589999914+02:00
1729904406.99,3351664800000.0,4455,2024-10-26 01:00:06.990000010+00:00,2024-10-26 03:00:06.990000010+02:00
1729904421.3899999,3311943600000.0,4455,2024-10-26 01:00:21.389999866+00:00,2024-10-26 03:00:21.389999866+02:00
1729904435.79,3334821000000.0,4455,2024-10-26 01:00:35.789999962+00:00,2024-10-26 03:00:35.789999962+02:00
1729904450.1899998,3344458000000.0,4455,2024-10-26 01:00:50.189999819+00:00,2024-10-26 03:00:50.189999819+02:00
1729904464.59,3321329200000.0,4455,2024-10-26 01:01:04.589999914+00:00,2024-10-26 03:01:04.589999914+02:00
1729904478.99,3340016600000.0,4455,2024-10-26 01:01:18.990000010+00:00,2024-10-26 03:01:18.990000010+02:00
1729904493.3899999,3357698400000.0,4455,2024-10-26 01:01:33.389999866+00:00,2024-10-26 03:01:33.389999866+02:00
1729904507.79,3338843400000.0,4455,2024-10-26 01:01:47.789999962+00:00,2024-10-26 03:01:47.789999962+02:00
1729904522.1899998,3334150600000.0,4455,2024-10-26 01:02:02.189999819+00:00,2024-10-26 03:02:02.189999819+02:00
1729904536.59,3355268200000.0,4455,2024-10-26 01:02:16.589999914+00:00,2024-10-26 03:02:16.589999914+02:00
1729904550.99,3367419200000.0,4455,2024-10-26 01:02:30.990000010+00:00,2024-10-26 03:02:30.990000010+02:00
1729904565.3899999,3355100600000.0,4455,2024-10-26 01:02:45.389999866+00:00,2024-10-26 03:02:45.389999866+02:00
1729904579.79,3365827000000.0,4455,2024-10-26 01:02:59.789999962+00:00,2024-10-26 03:02:59.789999962+02:00
1729904594.1899998,3368424800000.0,4455,2024-10-26 01:03:14.189999819+00:00,2024-10-26 03:03:14.189999819+02:00
1729904608.59,3361720800000.0,4455,2024-10-26 01:03:28.589999914+00:00,2024-10-26 03:03:28.589999914+02:00
1729904622.99,3349150800000.0,4455,2024-10-26 01:03:42.990000010+00:00,2024-10-26 03:03:42.990000010+02:00
1729904637.3899999,3348564200000.0,4455,2024-10-26 01:03:57.389999866+00:00,2024-10-26 03:03:57.389999866+02:00
1729904651.79,3350743000000.0,4455,2024-10-26 01:04:11.789999962+00:00,2024-10-26 03:04:11.789999962+02:00
1729904666.1899998,3362894000000.0,4455,2024-10-26 01:04:26.189999819+00:00,2024-10-26 03:04:26.189999819+02:00
1729904680.59,3350072600000.0,4455,2024-10-26 01:04:40.589999914+00:00,2024-10-26 03:04:40.589999914+02:00
1729904694.99,3347893800000.0,4455,2024-10-26 01:04:54.990000010+00:00,2024-10-26 03:04:54.990000010+02:00
1729904709.3899999,3346553000000.0,4455,2024-10-26 01:05:09.389999866+00:00,2024-10-26 03:05:09.389999866+02:00
1729904723.79,3313200600000.0,4455,2024-10-26 01:05:23.789999962+00:00,2024-10-26 03:05:23.789999962+02:00
1729904738.1899998,3316552600000.0,4455,2024-10-26 01:05:38.189999819+00:00,2024-10-26 03:05:38.189999819+02:00
1729904752.59,3335742800000.0,4455,2024-10-26 01:05:52.589999914+00:00,2024-10-26 03:05:52.589999914+02:00
1729904766.99,3344793200000.0,4455,2024-10-26 01:06:06.990000010+00:00,2024-10-26 03:06:06.990000010+02:00
1729904781.3899999,3350491600000.0,4455,2024-10-26 01:06:21.389999866+00:00,2024-10-26 03:06:21.389999866+02:00
1729904795.79,3342446800000.0,4455,2024-10-26 01:06:35.789999962+00:00,2024-10-26 03:06:35.789999962+02:00
1729904810.1899998,3357698400000.0,4455,2024-10-26 01:06:50.189999819+00:00,2024-10-26 03:06:50.189999819+02:00
1729904824.59,3308424000000.0,4455,2024-10-26 01:07:04.589999914+00:00,2024-10-26 03:07:04.589999914+02:00
1729904838.99,3321748200000.0,4455,2024-10-26 01:07:18.990000010+00:00,2024-10-26 03:07:18.990000010+02:00
1729904853.3899999,3325351600000.0,4455,2024-10-26 01:07:33.389999866+00:00,2024-10-26 03:07:33.389999866+02:00
1729904867.79,3356273800000.0,4455,2024-10-26 01:07:47.789999962+00:00,2024-10-26 03:07:47.789999962+02:00
1729904882.1899998,3355268200000.0,4455,2024-10-26 01:08:02.189999819+00:00,2024-10-26 03:08:02.189999819+02:00
1729904896.59,3327781800000.0,4455,2024-10-26 01:08:16.589999914+00:00,2024-10-26 03:08:16.589999914+02:00
1729904910.99,3367335400000.0,4455,2024-10-26 01:08:30.990000010+00:00,2024-10-26 03:08:30.990000010+02:00
1729904925.3899999,3380994800000.0,4455,2024-10-26 01:08:45.389999866+00:00,2024-10-26 03:08:45.389999866+02:00
1729904939.79,3356357600000.0,4455,2024-10-26 01:08:59.789999962+00:00,2024-10-26 03:08:59.789999962+02:00
1729904954.1899998,3319988400000.0,4455,2024-10-26 01:09:14.189999819+00:00,2024-10-26 03:09:14.189999819+02:00
1729904968.59,3348648000000.0,4455,2024-10-26 01:09:28.589999914+00:00,2024-10-26 03:09:28.589999914+02:00
1729904982.99,3350826800000.0,4455,2024-10-26 01:09:42.990000010+00:00,2024-10-26 03:09:42.990000010+02:00
1729904997.3899999,3356441400000.0,4455,2024-10-26 01:09:57.389999866+00:00,2024-10-26 03:09:57.389999866+02:00
1729905011.79,3362894000000.0,4455,2024-10-26 01:10:11.789999962+00:00,2024-10-26 03:10:11.789999962+02:00
1729905026.1899998,3325351600000.0,4455,2024-10-26 01:10:26.189999819+00:00,2024-10-26 03:10:26.189999819+02:00
1729905040.59,3327530400000.0,4455,2024-10-26 01:10:40.589999914+00:00,2024-10-26 03:10:40.589999914+02:00
1729905054.99,3359374400000.0,4455,2024-10-26 01:10:54.990000010+00:00,2024-10-26 03:10:54.990000010+02:00
1729905069.3899999,3362726400000.0,4455,2024-10-26 01:11:09.389999866+00:00,2024-10-26 03:11:09.389999866+02:00
1729905083.79,3336580800000.0,4455,2024-10-26 01:11:23.789999962+00:00,2024-10-26 03:11:23.789999962+02:00
1729905098.1899998,3350491600000.0,4455,2024-10-26 01:11:38.189999819+00:00,2024-10-26 03:11:38.189999819+02:00
1729905112.59,3342782000000.0,4455,2024-10-26 01:11:52.589999914+00:00,2024-10-26 03:11:52.589999914+02:00
1729905126.99,3343033400000.0,4455,2024-10-26 01:12:06.990000010+00:00,2024-10-26 03:12:06.990000010+02:00
1729905141.3899999,3362810200000.0,4455,2024-10-26 01:12:21.389999866+00:00,2024-10-26 03:12:21.389999866+02:00
1729905155.79,3369681800000.0,4455,2024-10-26 01:12:35.789999962+00:00,2024-10-26 03:12:35.789999962+02:00
1729905170.1899998,3357614600000.0,4455,2024-10-26 01:12:50.189999819+00:00,2024-10-26 03:12:50.189999819+02:00
1729905184.59,3361972200000.0,4455,2024-10-26 01:13:04.589999914+00:00,2024-10-26 03:13:04.589999914+02:00
1729905198.99,3364821400000.0,4455,2024-10-26 01:13:18.990000010+00:00,2024-10-26 03:13:18.990000010+02:00
1729905213.3899999,3353759800000.0,4455,2024-10-26 01:13:33.389999866+00:00,2024-10-26 03:13:33.389999866+02:00
1729905227.79,3338424400000.0,4455,2024-10-26 01:13:47.789999962+00:00,2024-10-26 03:13:47.789999962+02:00
1729905242.1899998,3341608800000.0,4455,2024-10-26 01:14:02.189999819+00:00,2024-10-26 03:14:02.189999819+02:00
1729905256.59,3350910600000.0,4455,2024-10-26 01:14:16.589999914+00:00,2024-10-26 03:14:16.589999914+02:00
1729905270.99,3375045000000.0,4455,2024-10-26 01:14:30.990000010+00:00,2024-10-26 03:14:30.990000010+02:00
1729905285.3899999,3339597600000.0,4455,2024-10-26 01:14:45.389999866+00:00,2024-10-26 03:14:45.389999866+02:00
1729905299.79,3333396400000.0,4455,2024-10-26 01:14:59.789999962+00:00,2024-10-26 03:14:59.789999962+02:00
1729905314.1899998,3344793200000.0,4455,2024-10-26 01:15:14.189999819+00:00,2024-10-26 03:15:14.189999819+02:00
1729905328.59,3349150800000.0,4455,2024-10-26 01:15:28.589999914+00:00,2024-10-26 03:15:28.589999914+02:00
1729905342.99,3373620400000.0,4455,2024-10-26 01:15:42.990000010+00:00,2024-10-26 03:15:42.990000010+02:00
1729905357.3899999,3332139400000.0,4455,2024-10-26 01:15:57.389999866+00:00,2024-10-26 03:15:57.389999866+02:00
1729905371.79,3357782200000.0,4455,2024-10-26 01:16:11.789999962+00:00,2024-10-26 03:16:11.789999962+02:00
1729905386.1899998,3364486200000.0,4455,2024-10-26 01:16:26.189999819+00:00,2024-10-26 03:16:26.189999819+02:00
1729905400.59,3336245600000.0,4455,2024-10-26 01:16:40.589999914+00:00,2024-10-26 03:16:40.589999914+02:00
1729905414.99,3353173200000.0,4455,2024-10-26 01:16:54.990000010+00:00,2024-10-26 03:16:54.990000010+02:00
1729905429.3899999,3363396800000.0,4455,2024-10-26 01:17:09.389999866+00:00,2024-10-26 03:17:09.389999866+02:00
1729905443.79,3351916200000.0,4455,2024-10-26 01:17:23.789999962+00:00,2024-10-26 03:17:23.789999962+02:00
1729905458.1899998,3347810000000.0,4455,2024-10-26 01:17:38.189999819+00:00,2024-10-26 03:17:38.189999819+02:00
1729905472.59,3351664800000.0,4455,2024-10-26 01:17:52.589999914+00:00,2024-10-26 03:17:52.589999914+02:00
1729905486.99,3367670600000.0,4455,2024-10-26 01:18:06.990000010+00:00,2024-10-26 03:18:06.990000010+02:00
1729905501.3899999,3371860600000.0,4455,2024-10-26 01:18:21.389999866+00:00,2024-10-26 03:18:21.389999866+02:00
1729905515.79,3364486200000.0,4455,2024-10-26 01:18:35.789999962+00:00,2024-10-26 03:18:35.789999962+02:00
1729905530.1899998,3374626000000.0,4455,2024-10-26 01:18:50.189999819+00:00,2024-10-26 03:18:50.189999819+02:00
1729905544.59,3354765400000.0,4455,2024-10-26 01:19:04.589999914+00:00,2024-10-26 03:19:04.589999914+02:00
1729905558.99,3368592400000.0,4455,2024-10-26 01:19:18.990000010+00:00,2024-10-26 03:19:18.990000010+02:00
1729905573.3899999,3368173400000.0,4455,2024-10-26 01:19:33.389999866+00:00,2024-10-26 03:19:33.389999866+02:00
1729905587.79,3341776400000.0,4455,2024-10-26 01:19:47.789999962+00:00,2024-10-26 03:19:47.789999962+02:00
1729905602.1899998,3361134200000.0,4455,2024-10-26 01:20:02.189999819+00:00,2024-10-26 03:20:02.189999819+02:00
1729905616.59,3376637200000.0,4455,2024-10-26 01:20:16.589999914+00:00,2024-10-26 03:20:16.589999914+02:00
1729905630.99,3346217800000.0,4455,2024-10-26 01:20:30.990000010+00:00,2024-10-26 03:20:30.990000010+02:00
1729905645.3899999,3385603800000.0,4455,2024-10-26 01:20:45.389999866+00:00,2024-10-26 03:20:45.389999866+02:00
1729905659.79,3352167600000.0,4455,2024-10-26 01:20:59.789999962+00:00,2024-10-26 03:20:59.789999962+02:00
1729905674.1899998,3353508400000.0,4455,2024-10-26 01:21:14.189999819+00:00,2024-10-26 03:21:14.189999819+02:00
1729905688.59,3367084000000.0,4455,2024-10-26 01:21:28.589999914+00:00,2024-10-26 03:21:28.589999914+02:00
1729905702.99,3391050800000.0,4455,2024-10-26 01:21:42.990000010+00:00,2024-10-26 03:21:42.990000010+02:00
1729905717.3899999,3341106000000.0,4455,2024-10-26 01:21:57.389999866+00:00,2024-10-26 03:21:57.389999866+02:00
1729905731.79,3388536800000.0,4455,2024-10-26 01:22:11.789999962+00:00,2024-10-26 03:22:11.789999962+02:00
1729905746.1899998,3387279800000.0,4455,2024-10-26 01:22:26.189999819+00:00,2024-10-26 03:22:26.189999819+02:00
1729905760.59,3393564800000.0,4455,2024-10-26 01:22:40.589999914+00:00,2024-10-26 03:22:40.589999914+02:00
1729905774.99,3352251400000.0,4455,2024-10-26 01:22:54.990000010+00:00,2024-10-26 03:22:54.990000010+02:00
1729905789.3899999,3364318600000.0,4455,2024-10-26 01:23:09.389999866+00:00,2024-10-26 03:23:09.389999866+02:00
1729905803.79,3358620200000.0,4455,2024-10-26 01:23:23.789999962+00:00,2024-10-26 03:23:23.789999962+02:00
1729905818.1899998,3371441600000.0,4455,2024-10-26 01:23:38.189999819+00:00,2024-10-26 03:23:38.189999819+02:00
1729905832.59,3400101200000.0,4455,2024-10-26 01:23:52.589999914+00:00,2024-10-26 03:23:52.589999914+02:00
1729905846.99,3387531200000.0,4455,2024-10-26 01:24:06.990000010+00:00,2024-10-26 03:24:06.990000010+02:00
1729905861.3899999,3357111800000.0,4455,2024-10-26 01:24:21.389999866+00:00,2024-10-26 03:24:21.389999866+02:00
1729905875.79,3373033800000.0,4455,2024-10-26 01:24:35.789999962+00:00,2024-10-26 03:24:35.789999962+02:00
1729905890.1899998,3371357800000.0,4455,2024-10-26 01:24:50.189999819+00:00,2024-10-26 03:24:50.189999819+02:00
1729905904.59,3336832200000.0,4455,2024-10-26 01:25:04.589999914+00:00,2024-10-26 03:25:04.589999914+02:00
1729905918.99,3385939000000.0,4455,2024-10-26 01:25:18.990000010+00:00,2024-10-26 03:25:18.990000010+02:00
1729905933.3899999,3344625600000.0,4455,2024-10-26 01:25:33.389999866+00:00,2024-10-26 03:25:33.389999866+02:00
1729905947.79,3345212200000.0,4455,2024-10-26 01:25:47.789999962+00:00,2024-10-26 03:25:47.789999962+02:00
1729905962.1899998,3393648600000.0,4455,2024-10-26 01:26:02.189999819+00:00,2024-10-26 03:26:02.189999819+02:00
1729905976.59,3377978000000.0,4455,2024-10-26 01:26:16.589999914+00:00,2024-10-26 03:26:16.589999914+02:00
1729905990.99,3366246000000.0,4455,2024-10-26 01:26:30.990000010+00:00,2024-10-26 03:26:30.990000010+02:00
1729906005.3899999,3393816200000.0,4455,2024-10-26 01:26:45.389999866+00:00,2024-10-26 03:26:45.389999866+02:00
1729906019.79,3379235000000.0,4455,2024-10-26 01:26:59.789999962+00:00,2024-10-26 03:26:59.789999962+02:00
1729906034.1899998,3374961200000.0,4455,2024-10-26 01:27:14.189999819+00:00,2024-10-26 03:27:14.189999819+02:00
1729906048.59,3387615000000.0,4455,2024-10-26 01:27:28.589999914+00:00,2024-10-26 03:27:28.589999914+02:00
1729906062.99,3350994400000.0,4455,2024-10-26 01:27:42.990000010+00:00,2024-10-26 03:27:42.990000010+02:00
1729906077.3899999,3361469400000.0,4455,2024-10-26 01:27:57.389999866+00:00,2024-10-26 03:27:57.389999866+02:00
1729906091.79,3342698200000.0,4455,2024-10-26 01:28:11.789999962+00:00,2024-10-26 03:28:11.789999962+02:00
1729906106.1899998,3347474800000.0,4455,2024-10-26 01:28:26.189999819+00:00,2024-10-26 03:28:26.189999819+02:00
1729906120.59,3329541600000.0,4455,2024-10-26 01:28:40.589999914+00:00,2024-10-26 03:28:40.589999914+02:00
1729906134.99,3326357200000.0,4455,2024-10-26 01:28:54.990000010+00:00,2024-10-26 03:28:54.990000010+02:00
1729906149.3899999,3340268000000.0,4455,2024-10-26 01:29:09.389999866+00:00,2024-10-26 03:29:09.389999866+02:00
1729906163.79,3374123200000.0,4455,2024-10-26 01:29:23.789999962+00:00,2024-10-26 03:29:23.789999962+02:00
1729906178.1899998,3369011400000.0,4455,2024-10-26 01:29:38.189999819+00:00,2024-10-26 03:29:38.189999819+02:00
1729906192.59,3415352800000.0,4455,2024-10-26 01:29:52.589999914+00:00,2024-10-26 03:29:52.589999914+02:00
1729906206.99,3397671000000.0,4455,2024-10-26 01:30:06.990000010+00:00,2024-10-26 03:30:06.990000010+02:00
1729906221.3899999,3402531400000.0,4455,2024-10-26 01:30:21.389999866+00:00,2024-10-26 03:30:21.389999866+02:00
1729906235.79,3374207000000.0,4455,2024-10-26 01:30:35.789999962+00:00,2024-10-26 03:30:35.789999962+02:00
1729906250.1899998,3368173400000.0,4455,2024-10-26 01:30:50.189999819+00:00,2024-10-26 03:30:50.189999819+02:00
1729906264.59,3362223600000.0,4455,2024-10-26 01:31:04.589999914+00:00,2024-10-26 03:31:04.589999914+02:00
1729906278.99,3344793200000.0,4455,2024-10-26 01:31:18.990000010+00:00,2024-10-26 03:31:18.990000010+02:00
1729906293.3899999,3417783000000.0,4455,2024-10-26 01:31:33.389999866+00:00,2024-10-26 03:31:33.389999866+02:00
1729906307.79,3390967000000.0,4455,2024-10-26 01:31:47.789999962+00:00,2024-10-26 03:31:47.789999962+02:00
1729906322.1899998,3386358000000.0,4455,2024-10-26 01:32:02.189999819+00:00,2024-10-26 03:32:02.189999819+02:00
1729906336.59,3367922000000.0,4455,2024-10-26 01:32:16.589999914+00:00,2024-10-26 03:32:16.589999914+02:00
1729906350.99,3380911000000.0,4455,2024-10-26 01:32:30.990000010+00:00,2024-10-26 03:32:30.990000010+02:00
1729906365.3899999,3385687600000.0,4455,2024-10-26 01:32:45.389999866+00:00,2024-10-26 03:32:45.389999866+02:00
1729906379.79,3408146000000.0,4455,2024-10-26 01:32:59.789999962+00:00,2024-10-26 03:32:59.789999962+02:00
1729906394.1899998,3414263400000.0,4455,2024-10-26 01:33:14.189999819+00:00,2024-10-26 03:33:14.189999819+02:00
1729906408.59,3354095000000.0,4455,2024-10-26 01:33:28.589999914+00:00,2024-10-26 03:33:28.589999914+02:00
1729906422.99,3414263400000.0,4455,2024-10-26 01:33:42.990000010+00:00,2024-10-26 03:33:42.990000010+02:00
1729906437.3899999,3402363800000.0,4455,2024-10-26 01:33:57.389999866+00:00,2024-10-26 03:33:57.389999866+02:00
1729906451.79,3392643000000.0,4455,2024-10-26 01:34:11.789999962+00:00,2024-10-26 03:34:11.789999962+02:00
1729906466.1899998,3379235000000.0,4455,2024-10-26 01:34:26.189999819+00:00,2024-10-26 03:34:26.189999819+02:00
1729906480.59,3391553600000.0,4455,2024-10-26 01:34:40.589999914+00:00,2024-10-26 03:34:40.589999914+02:00
1729906494.99,3380994800000.0,4455,2024-10-26 01:34:54.990000010+00:00,2024-10-26 03:34:54.990000010+02:00
1729906509.3899999,3418202000000.0,4455,2024-10-26 01:35:09.389999866+00:00,2024-10-26 03:35:09.389999866+02:00
1729906523.79,3394905600000.0,4455,2024-10-26 01:35:23.789999962+00:00,2024-10-26 03:35:23.789999962+02:00
1729906538.1899998,3401944800000.0,4455,2024-10-26 01:35:38.189999819+00:00,2024-10-26 03:35:38.189999819+02:00
1729906552.59,3385268600000.0,4455,2024-10-26 01:35:52.589999914+00:00,2024-10-26 03:35:52.589999914+02:00
1729906566.99,3421470200000.0,4455,2024-10-26 01:36:06.990000010+00:00,2024-10-26 03:36:06.990000010+02:00
1729906581.3899999,3405715800000.0,4455,2024-10-26 01:36:21.389999866+00:00,2024-10-26 03:36:21.389999866+02:00
1729906595.79,3393732400000.0,4455,2024-10-26 01:36:35.789999962+00:00,2024-10-26 03:36:35.789999962+02:00
1729906610.1899998,3399933600000.0,4455,2024-10-26 01:36:50.189999819+00:00,2024-10-26 03:36:50.189999819+02:00
1729906624.59,3412587400000.0,4455,2024-10-26 01:37:04.589999914+00:00,2024-10-26 03:37:04.589999914+02:00
1729906638.99,3409486800000.0,4455,2024-10-26 01:37:18.990000010+00:00,2024-10-26 03:37:18.990000010+02:00
1729906653.3899999,3423062400000.0,4455,2024-10-26 01:37:33.389999866+00:00,2024-10-26 03:37:33.389999866+02:00
1729906667.79,3404877800000.0,4455,2024-10-26 01:37:47.789999962+00:00,2024-10-26 03:37:47.789999962+02:00
1729906682.1899998,3399011800000.0,4455,2024-10-26 01:38:02.189999819+00:00,2024-10-26 03:38:02.189999819+02:00
1729906696.59,3400771600000.0,4455,2024-10-26 01:38:16.589999914+00:00,2024-10-26 03:38:16.589999914+02:00
1729906710.99,3421637800000.0,4455,2024-10-26 01:38:30.990000010+00:00,2024-10-26 03:38:30.990000010+02:00
1729906725.3899999,3399011800000.0,4455,2024-10-26 01:38:45.389999866+00:00,2024-10-26 03:38:45.389999866+02:00
1729906739.79,3446694000000.0,4455,2024-10-26 01:38:59.789999962+00:00,2024-10-26 03:38:59.789999962+02:00
1729906754.1899998,3369346600000.0,4455,2024-10-26 01:39:14.189999819+00:00,2024-10-26 03:39:14.189999819+02:00
1729906768.59,3402196200000.0,4455,2024-10-26 01:39:28.589999914+00:00,2024-10-26 03:39:28.589999914+02:00
1729906782.99,3421470200000.0,4455,2024-10-26 01:39:42.990000010+00:00,2024-10-26 03:39:42.990000010+02:00
1729906797.3899999,3437811200000.0,4455,2024-10-26 01:39:57.389999866+00:00,2024-10-26 03:39:57.389999866+02:00
1729906811.79,3395073200000.0,4455,2024-10-26 01:40:11.789999962+00:00,2024-10-26 03:40:11.789999962+02:00
1729906826.1899998,3409570600000.0,4455,2024-10-26 01:40:26.189999819+00:00,2024-10-26 03:40:26.189999819+02:00
1729906840.59,3423062400000.0,4455,2024-10-26 01:40:40.589999914+00:00,2024-10-26 03:40:40.589999914+02:00
1729906854.99,3439990000000.0,4455,2024-10-26 01:40:54.990000010+00:00,2024-10-26 03:40:54.990000010+02:00
1729906869.3899999,3406386200000.0,4455,2024-10-26 01:41:09.389999866+00:00,2024-10-26 03:41:09.389999866+02:00
1729906883.79,3423481400000.0,4455,2024-10-26 01:41:23.789999962+00:00,2024-10-26 03:41:23.789999962+02:00
1729906898.1899998,3356190000000.0,4455,2024-10-26 01:41:38.189999819+00:00,2024-10-26 03:41:38.189999819+02:00
1729906912.59,3457252800000.0,4455,2024-10-26 01:41:52.589999914+00:00,2024-10-26 03:41:52.589999914+02:00
1729906926.99,3396414000000.0,4455,2024-10-26 01:42:06.990000010+00:00,2024-10-26 03:42:06.990000010+02:00
1729906941.3899999,3405967200000.0,4455,2024-10-26 01:42:21.389999866+00:00,2024-10-26 03:42:21.389999866+02:00
1729906955.79,3408732600000.0,4455,2024-10-26 01:42:35.789999962+00:00,2024-10-26 03:42:35.789999962+02:00
1729906970.1899998,3425073600000.0,4455,2024-10-26 01:42:50.189999819+00:00,2024-10-26 03:42:50.189999819+02:00
1729906984.59,3377894200000.0,4455,2024-10-26 01:43:04.589999914+00:00,2024-10-26 03:43:04.589999914+02:00
1729906998.99,3386190400000.0,4455,2024-10-26 01:43:18.990000010+00:00,2024-10-26 03:43:18.990000010+02:00
1729907013.3899999,3401190600000.0,4455,2024-10-26 01:43:33.389999866+00:00,2024-10-26 03:43:33.389999866+02:00
1729907027.79,3435548600000.0,4455,2024-10-26 01:43:47.789999962+00:00,2024-10-26 03:43:47.789999962+02:00
1729907042.1899998,3393062000000.0,4455,2024-10-26 01:44:02.189999819+00:00,2024-10-26 03:44:02.189999819+02:00
1729907056.59,3409151600000.0,4455,2024-10-26 01:44:16.589999914+00:00,2024-10-26 03:44:16.589999914+02:00
1729907070.99,3407391800000.0,4455,2024-10-26 01:44:30.990000010+00:00,2024-10-26 03:44:30.990000010+02:00
1729907085.3899999,3403453200000.0,4455,2024-10-26 01:44:45.389999866+00:00,2024-10-26 03:44:45.389999866+02:00
1729907099.79,3426665800000.0,4455,2024-10-26 01:44:59.789999962+00:00,2024-10-26 03:44:59.789999962+02:00
1729907114.1899998,3418788600000.0,4455,2024-10-26 01:45:14.189999819+00:00,2024-10-26 03:45:14.189999819+02:00
1729907128.59,3362726400000.0,4455,2024-10-26 01:45:28.589999914+00:00,2024-10-26 03:45:28.589999914+02:00
1729907142.99,3397084400000.0,4455,2024-10-26 01:45:42.990000010+00:00,2024-10-26 03:45:42.990000010+02:00
1729907157.3899999,3400520200000.0,4455,2024-10-26 01:45:57.389999866+00:00,2024-10-26 03:45:57.389999866+02:00
1729907171.79,3406302400000.0,4455,2024-10-26 01:46:11.789999962+00:00,2024-10-26 03:46:11.789999962+02:00
1729907186.1899998,3378145600000.0,4455,2024-10-26 01:46:26.189999819+00:00,2024-10-26 03:46:26.189999819+02:00
1729907200.59,3403956000000.0,4455,2024-10-26 01:46:40.589999914+00:00,2024-10-26 03:46:40.589999914+02:00
1729907214.99,3394905600000.0,4455,2024-10-26 01:46:54.990000010+00:00,2024-10-26 03:46:54.990000010+02:00
1729907229.3899999,3432950800000.0,4455,2024-10-26 01:47:09.389999866+00:00,2024-10-26 03:47:09.389999866+02:00
1729907243.79,3367586800000.0,4455,2024-10-26 01:47:23.789999962+00:00,2024-10-26 03:47:23.789999962+02:00
1729907258.1899998,3384263000000.0,4455,2024-10-26 01:47:38.189999819+00:00,2024-10-26 03:47:38.189999819+02:00
1729907272.59,3383173600000.0,4455,2024-10-26 01:47:52.589999914+00:00,2024-10-26 03:47:52.589999914+02:00
1729907286.99,3369179000000.0,4455,2024-10-26 01:48:06.990000010+00:00,2024-10-26 03:48:06.990000010+02:00
1729907301.3899999,3407140400000.0,4455,2024-10-26 01:48:21.389999866+00:00,2024-10-26 03:48:21.389999866+02:00
1729907315.79,3396665400000.0,4455,2024-10-26 01:48:35.789999962+00:00,2024-10-26 03:48:35.789999962+02:00
1729907330.1899998,3407308000000.0,4455,2024-10-26 01:48:50.189999819+00:00,2024-10-26 03:48:50.189999819+02:00
1729907344.59,3436219000000.0,4455,2024-10-26 01:49:04.589999914+00:00,2024-10-26 03:49:04.589999914+02:00
1729907358.99,3359793400000.0,4455,2024-10-26 01:49:18.990000010+00:00,2024-10-26 03:49:18.990000010+02:00
1729907373.3899999,3385771400000.0,4455,2024-10-26 01:49:33.389999866+00:00,2024-10-26 03:49:33.389999866+02:00
1729907387.79,3402782800000.0,4455,2024-10-26 01:49:47.789999962+00:00,2024-10-26 03:49:47.789999962+02:00
1729907402.1899998,3405715800000.0,4455,2024-10-26 01:50:02.189999819+00:00,2024-10-26 03:50:02.189999819+02:00
1729907416.59,3393397200000.0,4455,2024-10-26 01:50:16.589999914+00:00,2024-10-26 03:50:16.589999914+02:00
1729907430.99,3411833200000.0,4455,2024-10-26 01:50:30.990000010+00:00,2024-10-26 03:50:30.990000010+02:00
1729907445.3899999,3406386200000.0,4455,2024-10-26 01:50:45.389999866+00:00,2024-10-26 03:50:45.389999866+02:00
1729907459.79,3399263200000.0,4455,2024-10-26 01:50:59.789999962+00:00,2024-10-26 03:50:59.789999962+02:00
1729907474.1899998,3451889600000.0,4455,2024-10-26 01:51:14.189999819+00:00,2024-10-26 03:51:14.189999819+02:00
1729907488.59,3431693800000.0,4455,2024-10-26 01:51:28.589999914+00:00,2024-10-26 03:51:28.589999914+02:00
1729907502.99,3391386000000.0,4455,2024-10-26 01:51:42.990000010+00:00,2024-10-26 03:51:42.990000010+02:00
1729907517.3899999,3420297000000.0,4455,2024-10-26 01:51:57.389999866+00:00,2024-10-26 03:51:57.389999866+02:00
1729907531.79,3427839000000.0,4455,2024-10-26 01:52:11.789999962+00:00,2024-10-26 03:52:11.789999962+02:00
1729907546.1899998,3412168400000.0,4455,2024-10-26 01:52:26.189999819+00:00,2024-10-26 03:52:26.189999819+02:00
1729907560.59,3400604000000.0,4455,2024-10-26 01:52:40.589999914+00:00,2024-10-26 03:52:40.589999914+02:00
1729907574.99,3440660400000.0,4455,2024-10-26 01:52:54.990000010+00:00,2024-10-26 03:52:54.990000010+02:00
1729907589.3899999,3435464800000.0,4455,2024-10-26 01:53:09.389999866+00:00,2024-10-26 03:53:09.389999866+02:00
1729907603.79,3425576400000.0,4455,2024-10-26 01:53:23.789999962+00:00,2024-10-26 03:53:23.789999962+02:00
1729907618.1899998,3422224400000.0,4455,2024-10-26 01:53:38.189999819+00:00,2024-10-26 03:53:38.189999819+02:00
1729907632.59,3396833000000.0,4455,2024-10-26 01:53:52.589999914+00:00,2024-10-26 03:53:52.589999914+02:00
1729907646.99,3412252200000.0,4455,2024-10-26 01:54:06.990000010+00:00,2024-10-26 03:54:06.990000010+02:00
1729907661.3899999,3407727000000.0,4455,2024-10-26 01:54:21.389999866+00:00,2024-10-26 03:54:21.389999866+02:00
1729907675.79,3403285600000.0,4455,2024-10-26 01:54:35.789999962+00:00,2024-10-26 03:54:35.789999962+02:00
1729907690.1899998,3438565400000.0,4455,2024-10-26 01:54:50.189999819+00:00,2024-10-26 03:54:50.189999819+02:00
1729907704.59,3401023000000.0,4455,2024-10-26 01:55:04.589999914+00:00,2024-10-26 03:55:04.589999914+02:00
1729907718.99,3389793800000.0,4455,2024-10-26 01:55:18.990000010+00:00,2024-10-26 03:55:18.990000010+02:00
1729907733.3899999,3397335800000.0,4455,2024-10-26 01:55:33.389999866+00:00,2024-10-26 03:55:33.389999866+02:00
1729907747.79,3408229800000.0,4455,2024-10-26 01:55:47.789999962+00:00,2024-10-26 03:55:47.789999962+02:00
1729907762.1899998,3397838600000.0,4455,2024-10-26 01:56:02.189999819+00:00,2024-10-26 03:56:02.189999819+02:00
1729907776.59,3415771800000.0,4455,2024-10-26 01:56:16.589999914+00:00,2024-10-26 03:56:16.589999914+02:00
1729907790.99,3419207600000.0,4455,2024-10-26 01:56:30.990000010+00:00,2024-10-26 03:56:30.990000010+02:00
1729907805.3899999,3409905800000.0,4455,2024-10-26 01:56:45.389999866+00:00,2024-10-26 03:56:45.389999866+02:00
1729907819.79,3450800200000.0,4455,2024-10-26 01:56:59.789999962+00:00,2024-10-26 03:56:59.789999962+02:00
1729907834.1899998,3439319600000.0,4455,2024-10-26 01:57:14.189999819+00:00,2024-10-26 03:57:14.189999819+02:00
1729907848.59,3426498200000.0,4455,2024-10-26 01:57:28.589999914+00:00,2024-10-26 03:57:28.589999914+02:00
1729907862.99,3430855800000.0,4455,2024-10-26 01:57:42.990000010+00:00,2024-10-26 03:57:42.990000010+02:00
1729907877.3899999,3370938800000.0,4455,2024-10-26 01:57:57.389999866+00:00,2024-10-26 03:57:57.389999866+02:00
1729907891.79,3412838800000.0,4455,2024-10-26 01:58:11.789999962+00:00,2024-10-26 03:58:11.789999962+02:00
1729907906.1899998,3416777400000.0,4455,2024-10-26 01:58:26.189999819+00:00,2024-10-26 03:58:26.189999819+02:00
1729907920.59,3401358200000.0,4455,2024-10-26 01:58:40.589999914+00:00,2024-10-26 03:58:40.589999914+02:00
1729907934.99,3401777200000.0,4455,2024-10-26 01:58:54.990000010+00:00,2024-10-26 03:58:54.990000010+02:00
1729907949.3899999,3440995600000.0,4455,2024-10-26 01:59:09.389999866+00:00,2024-10-26 03:59:09.389999866+02:00
1729907963.79,3414766200000.0,4455,2024-10-26 01:59:23.789999962+00:00,2024-10-26 03:59:23.789999962+02:00
1729907978.1899998,3415604200000.0,4455,2024-10-26 01:59:38.189999819+00:00,2024-10-26 03:59:38.189999819+02:00
1729907992.59,3394570400000.0,4455,2024-10-26 01:59:52.589999914+00:00,2024-10-26 03:59:52.589999914+02:00
1729908006.99,3443342000000.0,4455,2024-10-26 02:00:06.990000010+00:00,2024-10-26 04:00:06.990000010+02:00
1729908021.3899999,3422978600000.0,4455,2024-10-26 02:00:21.389999866+00:00,2024-10-26 04:00:21.389999866+02:00
1729908035.79,3442923000000.0,4455,2024-10-26 02:00:35.789999962+00:00,2024-10-26 04:00:35.789999962+02:00
1729908050.1899998,3436721800000.0,4455,2024-10-26 02:00:50.189999819+00:00,2024-10-26 04:00:50.189999819+02:00
1729908064.59,3394402800000.0,4455,2024-10-26 02:01:04.589999914+00:00,2024-10-26 04:01:04.589999914+02:00
1729908078.99,3433453600000.0,4455,2024-10-26 02:01:18.990000010+00:00,2024-10-26 04:01:18.990000010+02:00
1729908093.3899999,3435716200000.0,4455,2024-10-26 02:01:33.389999866+00:00,2024-10-26 04:01:33.389999866+02:00
1729908107.79,3435045800000.0,4455,2024-10-26 02:01:47.789999962+00:00,2024-10-26 04:01:47.789999962+02:00
1729908122.1899998,3430855800000.0,4455,2024-10-26 02:02:02.189999819+00:00,2024-10-26 04:02:02.189999819+02:00
1729908136.59,3419123800000.0,4455,2024-10-26 02:02:16.589999914+00:00,2024-10-26 04:02:16.589999914+02:00
1729908150.99,3391637400000.0,4455,2024-10-26 02:02:30.990000010+00:00,2024-10-26 04:02:30.990000010+02:00
1729908165.3899999,3450297400000.0,4455,2024-10-26 02:02:45.389999866+00:00,2024-10-26 04:02:45.389999866+02:00
1729908179.79,3418788600000.0,4455,2024-10-26 02:02:59.789999962+00:00,2024-10-26 04:02:59.789999962+02:00
1729908194.1899998,3421135000000.0,4455,2024-10-26 02:03:14.189999819+00:00,2024-10-26 04:03:14.189999819+02:00
1729908208.59,3425576400000.0,4455,2024-10-26 02:03:28.589999914+00:00,2024-10-26 04:03:28.589999914+02:00
1729908222.99,3406386200000.0,4455,2024-10-26 02:03:42.990000010+00:00,2024-10-26 04:03:42.990000010+02:00
1729908237.3899999,3414514800000.0,4455,2024-10-26 02:03:57.389999866+00:00,2024-10-26 04:03:57.389999866+02:00
1729908251.79,3414933800000.0,4455,2024-10-26 02:04:11.789999962+00:00,2024-10-26 04:04:11.789999962+02:00
1729908266.1899998,3444347600000.0,4455,2024-10-26 02:04:26.189999819+00:00,2024-10-26 04:04:26.189999819+02:00
1729908280.59,3458761200000.0,4455,2024-10-26 02:04:40.589999914+00:00,2024-10-26 04:04:40.589999914+02:00
1729908294.99,3436721800000.0,4455,2024-10-26 02:04:54.990000010+00:00,2024-10-26 04:04:54.990000010+02:00
1729908309.3899999,3441833600000.0,4455,2024-10-26 02:05:09.389999866+00:00,2024-10-26 04:05:09.389999866+02:00
1729908323.79,3435632400000.0,4455,2024-10-26 02:05:23.789999962+00:00,2024-10-26 04:05:23.789999962+02:00
1729908338.1899998,3455828200000.0,4455,2024-10-26 02:05:38.189999819+00:00,2024-10-26 04:05:38.189999819+02:00
1729908352.59,3437895000000.0,4455,2024-10-26 02:05:52.589999914+00:00,2024-10-26 04:05:52.589999914+02:00
1729908366.99,3437224600000.0,4455,2024-10-26 02:06:06.990000010+00:00,2024-10-26 04:06:06.990000010+02:00
1729908381.3899999,3460856200000.0,4455,2024-10-26 02:06:21.389999866+00:00,2024-10-26 04:06:21.389999866+02:00
1729908395.79,3412755000000.0,4455,2024-10-26 02:06:35.789999962+00:00,2024-10-26 04:06:35.789999962+02:00
1729908410.1899998,3434375400000.0,4455,2024-10-26 02:06:50.189999819+00:00,2024-10-26 04:06:50.189999819+02:00
1729908424.59,3437811200000.0,4455,2024-10-26 02:07:04.589999914+00:00,2024-10-26 04:07:04.589999914+02:00
1729908438.99,3416107000000.0,4455,2024-10-26 02:07:18.990000010+00:00,2024-10-26 04:07:18.990000010+02:00
1729908453.3899999,3411162800000.0,4455,2024-10-26 02:07:33.389999866+00:00,2024-10-26 04:07:33.389999866+02:00
1729908467.79,3427922800000.0,4455,2024-10-26 02:07:47.789999962+00:00,2024-10-26 04:07:47.789999962+02:00
1729908482.1899998,3491443200000.0,4455,2024-10-26 02:08:02.189999819+00:00,2024-10-26 04:08:02.189999819+02:00
1729908496.59,3431945200000.0,4455,2024-10-26 02:08:16.589999914+00:00,2024-10-26 04:08:16.589999914+02:00
1729908510.99,3424151800000.0,4455,2024-10-26 02:08:30.990000010+00:00,2024-10-26 04:08:30.990000010+02:00
1729908525.3899999,3405967200000.0,4455,2024-10-26 02:08:45.389999866+00:00,2024-10-26 04:08:45.389999866+02:00
1729908539.79,3396497800000.0,4455,2024-10-26 02:08:59.789999962+00:00,2024-10-26 04:08:59.789999962+02:00
1729908554.1899998,3438062600000.0,4455,2024-10-26 02:09:14.189999819+00:00,2024-10-26 04:09:14.189999819+02:00
1729908568.59,3406553800000.0,4455,2024-10-26 02:09:28.589999914+00:00,2024-10-26 04:09:28.589999914+02:00
1729908582.99,3426582000000.0,4455,2024-10-26 02:09:42.990000010+00:00,2024-10-26 04:09:42.990000010+02:00
1729908597.3899999,3428760800000.0,4455,2024-10-26 02:09:57.389999866+00:00,2024-10-26 04:09:57.389999866+02:00
1729908611.79,3431442400000.0,4455,2024-10-26 02:10:11.789999962+00:00,2024-10-26 04:10:11.789999962+02:00
1729908626.1899998,3431861400000.0,4455,2024-10-26 02:10:26.189999819+00:00,2024-10-26 04:10:26.189999819+02:00
1729908640.59,3454068400000.0,4455,2024-10-26 02:10:40.589999914+00:00,2024-10-26 04:10:40.589999914+02:00
1729908654.99,3431777600000.0,4455,2024-10-26 02:10:54.990000010+00:00,2024-10-26 04:10:54.990000010+02:00
1729908669.3899999,3415101400000.0,4455,2024-10-26 02:11:09.389999866+00:00,2024-10-26 04:11:09.389999866+02:00
1729908683.79,3432950800000.0,4455,2024-10-26 02:11:23.789999962+00:00,2024-10-26 04:11:23.789999962+02:00
1729908698.1899998,3413006400000.0,4455,2024-10-26 02:11:38.189999819+00:00,2024-10-26 04:11:38.189999819+02:00
1729908712.59,3422308200000.0,4455,2024-10-26 02:11:52.589999914+00:00,2024-10-26 04:11:52.589999914+02:00
1729908726.99,3438816800000.0,4455,2024-10-26 02:12:06.990000010+00:00,2024-10-26 04:12:06.990000010+02:00
1729908741.3899999,3442252600000.0,4455,2024-10-26 02:12:21.389999866+00:00,2024-10-26 04:12:21.389999866+02:00
1729908755.79,3444934200000.0,4455,2024-10-26 02:12:35.789999962+00:00,2024-10-26 04:12:35.789999962+02:00
1729908770.1899998,3448202400000.0,4455,2024-10-26 02:12:50.189999819+00:00,2024-10-26 04:12:50.189999819+02:00
1729908784.59,3415436600000.0,4455,2024-10-26 02:13:04.589999914+00:00,2024-10-26 04:13:04.589999914+02:00
1729908798.99,3433788800000.0,4455,2024-10-26 02:13:18.990000010+00:00,2024-10-26 04:13:18.990000010+02:00
1729908813.3899999,3426833400000.0,4455,2024-10-26 02:13:33.389999866+00:00,2024-10-26 04:13:33.389999866+02:00
1729908827.79,3440157600000.0,4455,2024-10-26 02:13:47.789999962+00:00,2024-10-26 04:13:47.789999962+02:00
1729908842.1899998,3425408800000.0,4455,2024-10-26 02:14:02.189999819+00:00,2024-10-26 04:14:02.189999819+02:00
1729908856.59,3430772000000.0,4455,2024-10-26 02:14:16.589999914+00:00,2024-10-26 04:14:16.589999914+02:00
1729908870.99,3425911600000.0,4455,2024-10-26 02:14:30.990000010+00:00,2024-10-26 04:14:30.990000010+02:00
1729908885.3899999,3428928400000.0,4455,2024-10-26 02:14:45.389999866+00:00,2024-10-26 04:14:45.389999866+02:00
1729908899.79,3424403200000.0,4455,2024-10-26 02:14:59.789999962+00:00,2024-10-26 04:14:59.789999962+02:00
1729908914.1899998,3418453400000.0,4455,2024-10-26 02:15:14.189999819+00:00,2024-10-26 04:15:14.189999819+02:00
1729908928.59,3425325000000.0,4455,2024-10-26 02:15:28.589999914+00:00,2024-10-26 04:15:28.589999914+02:00
1729908942.99,3438733000000.0,4455,2024-10-26 02:15:42.990000010+00:00,2024-10-26 04:15:42.990000010+02:00
1729908957.3899999,3419291400000.0,4455,2024-10-26 02:15:57.389999866+00:00,2024-10-26 04:15:57.389999866+02:00
1729908971.79,3436219000000.0,4455,2024-10-26 02:16:11.789999962+00:00,2024-10-26 04:16:11.789999962+02:00
1729908986.1899998,3428844600000.0,4455,2024-10-26 02:16:26.189999819+00:00,2024-10-26 04:16:26.189999819+02:00
1729909000.59,3427839000000.0,4455,2024-10-26 02:16:40.589999914+00:00,2024-10-26 04:16:40.589999914+02:00
1729909014.99,3401358200000.0,4455,2024-10-26 02:16:54.990000010+00:00,2024-10-26 04:16:54.990000010+02:00
1729909029.3899999,3437559800000.0,4455,2024-10-26 02:17:09.389999866+00:00,2024-10-26 04:17:09.389999866+02:00
1729909043.79,3476526800000.0,4455,2024-10-26 02:17:23.789999962+00:00,2024-10-26 04:17:23.789999962+02:00
1729909058.1899998,3435129600000.0,4455,2024-10-26 02:17:38.189999819+00:00,2024-10-26 04:17:38.189999819+02:00
1729909072.59,3455828200000.0,4455,2024-10-26 02:17:52.589999914+00:00,2024-10-26 04:17:52.589999914+02:00
1729909086.99,3463202600000.0,4455,2024-10-26 02:18:06.990000010+00:00,2024-10-26 04:18:06.990000010+02:00
1729909101.3899999,3452224800000.0,4455,2024-10-26 02:18:21.389999866+00:00,2024-10-26 04:18:21.389999866+02:00
1729909115.79,3432531800000.0,4455,2024-10-26 02:18:35.789999962+00:00,2024-10-26 04:18:35.789999962+02:00
1729909130.1899998,3431861400000.0,4455,2024-10-26 02:18:50.189999819+00:00,2024-10-26 04:18:50.189999819+02:00
1729909144.59,3436889400000.0,4455,2024-10-26 02:19:04.589999914+00:00,2024-10-26 04:19:04.589999914+02:00
1729909158.99,3470996000000.0,4455,2024-10-26 02:19:18.990000010+00:00,2024-10-26 04:19:18.990000010+02:00
1729909173.3899999,3466889800000.0,4455,2024-10-26 02:19:33.389999866+00:00,2024-10-26 04:19:33.389999866+02:00
1729909187.79,3451470600000.0,4455,2024-10-26 02:19:47.789999962+00:00,2024-10-26 04:19:47.789999962+02:00
1729909202.1899998,3444263800000.0,4455,2024-10-26 02:20:02.189999819+00:00,2024-10-26 04:20:02.189999819+02:00
1729909216.59,3456247200000.0,4455,2024-10-26 02:20:16.589999914+00:00,2024-10-26 04:20:16.589999914+02:00
1729909230.99,3415855600000.0,4455,2024-10-26 02:20:30.990000010+00:00,2024-10-26 04:20:30.990000010+02:00
1729909245.3899999,3437811200000.0,4455,2024-10-26 02:20:45.389999866+00:00,2024-10-26 04:20:45.389999866+02:00
1729909259.79,3432280400000.0,4455,2024-10-26 02:20:59.789999962+00:00,2024-10-26 04:20:59.789999962+02:00
1729909274.1899998,3412168400000.0,4455,2024-10-26 02:21:14.189999819+00:00,2024-10-26 04:21:14.189999819+02:00
1729909288.59,3440073800000.0,4455,2024-10-26 02:21:28.589999914+00:00,2024-10-26 04:21:28.589999914+02:00
1729909302.99,3440828000000.0,4455,2024-10-26 02:21:42.990000010+00:00,2024-10-26 04:21:42.990000010+02:00
1729909317.3899999,3425325000000.0,4455,2024-10-26 02:21:57.389999866+00:00,2024-10-26 04:21:57.389999866+02:00
1729909331.79,3463035000000.0,4455,2024-10-26 02:22:11.789999962+00:00,2024-10-26 04:22:11.789999962+02:00
1729909346.1899998,3456247200000.0,4455,2024-10-26 02:22:26.189999819+00:00,2024-10-26 04:22:26.189999819+02:00
1729909360.59,3440157600000.0,4455,2024-10-26 02:22:40.589999914+00:00,2024-10-26 04:22:40.589999914+02:00
1729909374.99,3465297600000.0,4455,2024-10-26 02:22:54.990000010+00:00,2024-10-26 04:22:54.990000010+02:00
1729909389.3899999,3452308600000.0,4455,2024-10-26 02:23:09.389999866+00:00,2024-10-26 04:23:09.389999866+02:00
1729909403.79,3456666200000.0,4455,2024-10-26 02:23:23.789999962+00:00,2024-10-26 04:23:23.789999962+02:00
1729909418.1899998,3465297600000.0,4455,2024-10-26 02:23:38.189999819+00:00,2024-10-26 04:23:38.189999819+02:00
1729909432.59,3417196400000.0,4455,2024-10-26 02:23:52.589999914+00:00,2024-10-26 04:23:52.589999914+02:00
1729909446.99,3433788800000.0,4455,2024-10-26 02:24:06.990000010+00:00,2024-10-26 04:24:06.990000010+02:00
1729909461.3899999,3442168800000.0,4455,2024-10-26 02:24:21.389999866+00:00,2024-10-26 04:24:21.389999866+02:00
1729909475.79,3431861400000.0,4455,2024-10-26 02:24:35.789999962+00:00,2024-10-26 04:24:35.789999962+02:00
1729909490.1899998,3446442600000.0,4455,2024-10-26 02:24:50.189999819+00:00,2024-10-26 04:24:50.189999819+02:00
1729909504.59,3436135200000.0,4455,2024-10-26 02:25:04.589999914+00:00,2024-10-26 04:25:04.589999914+02:00
1729909518.99,3440995600000.0,4455,2024-10-26 02:25:18.990000010+00:00,2024-10-26 04:25:18.990000010+02:00
1729909533.3899999,3446610200000.0,4455,2024-10-26 02:25:33.389999866+00:00,2024-10-26 04:25:33.389999866+02:00
1729909547.79,3435464800000.0,4455,2024-10-26 02:25:47.789999962+00:00,2024-10-26 04:25:47.789999962+02:00
1729909562.1899998,3446526400000.0,4455,2024-10-26 02:26:02.189999819+00:00,2024-10-26 04:26:02.189999819+02:00
1729909576.59,3457839400000.0,4455,2024-10-26 02:26:16.589999914+00:00,2024-10-26 04:26:16.589999914+02:00
1729909590.99,3422978600000.0,4455,2024-10-26 02:26:30.990000010+00:00,2024-10-26 04:26:30.990000010+02:00
1729909605.3899999,3456498600000.0,4455,2024-10-26 02:26:45.389999866+00:00,2024-10-26 04:26:45.389999866+02:00
1729909619.79,3445856000000.0,4455,2024-10-26 02:26:59.789999962+00:00,2024-10-26 04:26:59.789999962+02:00
1729909634.1899998,3455828200000.0,4455,2024-10-26 02:27:14.189999819+00:00,2024-10-26 04:27:14.189999819+02:00
1729909648.59,3442587800000.0,4455,2024-10-26 02:27:28.589999914+00:00,2024-10-26 04:27:28.589999914+02:00
1729909662.99,3458342200000.0,4455,2024-10-26 02:27:42.990000010+00:00,2024-10-26 04:27:42.990000010+02:00
1729909677.3899999,3478621800000.0,4455,2024-10-26 02:27:57.389999866+00:00,2024-10-26 04:27:57.389999866+02:00
1729909691.79,3459766800000.0,4455,2024-10-26 02:28:11.789999962+00:00,2024-10-26 04:28:11.789999962+02:00
1729909706.1899998,3475353600000.0,4455,2024-10-26 02:28:26.189999819+00:00,2024-10-26 04:28:26.189999819+02:00
1729909720.59,3465465200000.0,4455,2024-10-26 02:28:40.589999914+00:00,2024-10-26 04:28:40.589999914+02:00
1729909734.99,3437476000000.0,4455,2024-10-26 02:28:54.990000010+00:00,2024-10-26 04:28:54.990000010+02:00
1729909749.3899999,3484487800000.0,4455,2024-10-26 02:29:09.389999866+00:00,2024-10-26 04:29:09.389999866+02:00
1729909763.79,3479124600000.0,4455,2024-10-26 02:29:23.789999962+00:00,2024-10-26 04:29:23.789999962+02:00
1729909778.1899998,3470744600000.0,4455,2024-10-26 02:29:38.189999819+00:00,2024-10-26 04:29:38.189999819+02:00
1729909792.59,3468063000000.0,4455,2024-10-26 02:29:52.589999914+00:00,2024-10-26 04:29:52.589999914+02:00
1729909806.99,3462867400000.0,4455,2024-10-26 02:30:06.990000010+00:00,2024-10-26 04:30:06.990000010+02:00
1729909821.3899999,3482225200000.0,4455,2024-10-26 02:30:21.389999866+00:00,2024-10-26 04:30:21.389999866+02:00
1729909835.79,3476275400000.0,4455,2024-10-26 02:30:35.789999962+00:00,2024-10-26 04:30:35.789999962+02:00
1729909850.1899998,3476862000000.0,4455,2024-10-26 02:30:50.189999819+00:00,2024-10-26 04:30:50.189999819+02:00
1729909864.59,3481973800000.0,4455,2024-10-26 02:31:04.589999914+00:00,2024-10-26 04:31:04.589999914+02:00
1729909878.99,3474515600000.0,4455,2024-10-26 02:31:18.990000010+00:00,2024-10-26 04:31:18.990000010+02:00
1729909893.3899999,3446107400000.0,4455,2024-10-26 02:31:33.389999866+00:00,2024-10-26 04:31:33.389999866+02:00
1729909907.79,3463956800000.0,4455,2024-10-26 02:31:47.789999962+00:00,2024-10-26 04:31:47.789999962+02:00
1729909922.1899998,3446442600000.0,4455,2024-10-26 02:32:02.189999819+00:00,2024-10-26 04:32:02.189999819+02:00
1729909936.59,3475688800000.0,4455,2024-10-26 02:32:16.589999914+00:00,2024-10-26 04:32:16.589999914+02:00
1729909950.99,3466135600000.0,4455,2024-10-26 02:32:30.990000010+00:00,2024-10-26 04:32:30.990000010+02:00
1729909965.3899999,3476694400000.0,4455,2024-10-26 02:32:45.389999866+00:00,2024-10-26 04:32:45.389999866+02:00
1729909979.79,3477029600000.0,4455,2024-10-26 02:32:59.789999962+00:00,2024-10-26 04:32:59.789999962+02:00
1729909994.1899998,3506862400000.0,4455,2024-10-26 02:33:14.189999819+00:00,2024-10-26 04:33:14.189999819+02:00
1729910008.59,3467895400000.0,4455,2024-10-26 02:33:28.589999914+00:00,2024-10-26 04:33:28.589999914+02:00
1729910022.99,3462532200000.0,4455,2024-10-26 02:33:42.990000010+00:00,2024-10-26 04:33:42.990000010+02:00
1729910037.3899999,3496555000000.0,4455,2024-10-26 02:33:57.389999866+00:00,2024-10-26 04:33:57.389999866+02:00
1729910051.79,3467057400000.0,4455,2024-10-26 02:34:11.789999962+00:00,2024-10-26 04:34:11.789999962+02:00
1729910066.1899998,3444934200000.0,4455,2024-10-26 02:34:26.189999819+00:00,2024-10-26 04:34:26.189999819+02:00
1729910080.59,3380743400000.0,4455,2024-10-26 02:34:40.589999914+00:00,2024-10-26 04:34:40.589999914+02:00
1729910094.99,3440576600000.0,4455,2024-10-26 02:34:54.990000010+00:00,2024-10-26 04:34:54.990000010+02:00
1729910109.3899999,3462616000000.0,4455,2024-10-26 02:35:09.389999866+00:00,2024-10-26 04:35:09.389999866+02:00
1729910123.79,3458426000000.0,4455,2024-10-26 02:35:23.789999962+00:00,2024-10-26 04:35:23.789999962+02:00
1729910138.1899998,3495381800000.0,4455,2024-10-26 02:35:38.189999819+00:00,2024-10-26 04:35:38.189999819+02:00
1729910152.59,3445018000000.0,4455,2024-10-26 02:35:52.589999914+00:00,2024-10-26 04:35:52.589999914+02:00
1729910166.99,3466554600000.0,4455,2024-10-26 02:36:06.990000010+00:00,2024-10-26 04:36:06.990000010+02:00
1729910181.3899999,3450213600000.0,4455,2024-10-26 02:36:21.389999866+00:00,2024-10-26 04:36:21.389999866+02:00
1729910195.79,3484571600000.0,4455,2024-10-26 02:36:35.789999962+00:00,2024-10-26 04:36:35.789999962+02:00
1729910210.1899998,3479711200000.0,4455,2024-10-26 02:36:50.189999819+00:00,2024-10-26 04:36:50.189999819+02:00
1729910224.59,3459766800000.0,4455,2024-10-26 02:37:04.589999914+00:00,2024-10-26 04:37:04.589999914+02:00
1729910238.99,3467057400000.0,4455,2024-10-26 02:37:18.990000010+00:00,2024-10-26 04:37:18.990000010+02:00
1729910253.3899999,3482392800000.0,4455,2024-10-26 02:37:33.389999866+00:00,2024-10-26 04:37:33.389999866+02:00
1729910267.79,3466303200000.0,4455,2024-10-26 02:37:47.789999962+00:00,2024-10-26 04:37:47.789999962+02:00
1729910282.1899998,3428258000000.0,4455,2024-10-26 02:38:02.189999819+00:00,2024-10-26 04:38:02.189999819+02:00
1729910296.59,3415771800000.0,4455,2024-10-26 02:38:16.589999914+00:00,2024-10-26 04:38:16.589999914+02:00
1729910310.99,3397503400000.0,4455,2024-10-26 02:38:30.990000010+00:00,2024-10-26 04:38:30.990000010+02:00
1729910325.3899999,3405967200000.0,4455,2024-10-26 02:38:45.389999866+00:00,2024-10-26 04:38:45.389999866+02:00
1729910339.79,3360212400000.0,4455,2024-10-26 02:38:59.789999962+00:00,2024-10-26 04:38:59.789999962+02:00
1729910354.1899998,3335323800000.0,4455,2024-10-26 02:39:14.189999819+00:00,2024-10-26 04:39:14.189999819+02:00
1729910368.59,3342279200000.0,4455,2024-10-26 02:39:28.589999914+00:00,2024-10-26 04:39:28.589999914+02:00
1729910382.99,3226467600000.0,4455,2024-10-26 02:39:42.990000010+00:00,2024-10-26 04:39:42.990000010+02:00
1729910397.3899999,3232836400000.0,4455,2024-10-26 02:39:57.389999866+00:00,2024-10-26 04:39:57.389999866+02:00
1729910411.79,3233674400000.0,4455,2024-10-26 02:40:11.789999962+00:00,2024-10-26 04:40:11.789999962+02:00
1729910426.1899998,3236523600000.0,4455,2024-10-26 02:40:26.189999819+00:00,2024-10-26 04:40:26.189999819+02:00
1729910440.59,3233842000000.0,4455,2024-10-26 02:40:40.589999914+00:00,2024-10-26 04:40:40.589999914+02:00
1729910454.99,3222612800000.0,4455,2024-10-26 02:40:54.990000010+00:00,2024-10-26 04:40:54.990000010+02:00
1729910469.3899999,3227473200000.0,4455,2024-10-26 02:41:09.389999866+00:00,2024-10-26 04:41:09.389999866+02:00
1729910483.79,3228814000000.0,4455,2024-10-26 02:41:23.789999962+00:00,2024-10-26 04:41:23.789999962+02:00
1729910498.1899998,3241719200000.0,4455,2024-10-26 02:41:38.189999819+00:00,2024-10-26 04:41:38.189999819+02:00
1729910512.59,3259736200000.0,4455,2024-10-26 02:41:52.589999914+00:00,2024-10-26 04:41:52.589999914+02:00
1729910526.99,3235015200000.0,4455,2024-10-26 02:42:06.990000010+00:00,2024-10-26 04:42:06.990000010+02:00
1729910541.3899999,3226886600000.0,4455,2024-10-26 02:42:21.389999866+00:00,2024-10-26 04:42:21.389999866+02:00
1729910555.79,3222780400000.0,4455,2024-10-26 02:42:35.789999962+00:00,2024-10-26 04:42:35.789999962+02:00
1729910570.1899998,3226886600000.0,4455,2024-10-26 02:42:50.189999819+00:00,2024-10-26 04:42:50.189999819+02:00
1729910584.59,3232585000000.0,4455,2024-10-26 02:43:04.589999914+00:00,2024-10-26 04:43:04.589999914+02:00
1729910598.99,3200070600000.0,4455,2024-10-26 02:43:18.990000010+00:00,2024-10-26 04:43:18.990000010+02:00
1729910613.3899999,3243060000000.0,4455,2024-10-26 02:43:33.389999866+00:00,2024-10-26 04:43:33.389999866+02:00
1729910627.79,3222110000000.0,4455,2024-10-26 02:43:47.789999962+00:00,2024-10-26 04:43:47.789999962+02:00
1729910642.1899998,3225294400000.0,4455,2024-10-26 02:44:02.189999819+00:00,2024-10-26 04:44:02.189999819+02:00
1729910656.59,3227473200000.0,4455,2024-10-26 02:44:16.589999914+00:00,2024-10-26 04:44:16.589999914+02:00
1729910670.99,3210126600000.0,4455,2024-10-26 02:44:30.990000010+00:00,2024-10-26 04:44:30.990000010+02:00
1729910685.3899999,3225462000000.0,4455,2024-10-26 02:44:45.389999866+00:00,2024-10-26 04:44:45.389999866+02:00
1729910699.79,3225378200000.0,4455,2024-10-26 02:44:59.789999962+00:00,2024-10-26 04:44:59.789999962+02:00
1729910714.1899998,3220601600000.0,4455,2024-10-26 02:45:14.189999819+00:00,2024-10-26 04:45:14.189999819+02:00
1729910728.59,3237696800000.0,4455,2024-10-26 02:45:28.589999914+00:00,2024-10-26 04:45:28.589999914+02:00
1729910742.99,3199484000000.0,4455,2024-10-26 02:45:42.990000010+00:00,2024-10-26 04:45:42.990000010+02:00
1729910757.3899999,3243814200000.0,4455,2024-10-26 02:45:57.389999866+00:00,2024-10-26 04:45:57.389999866+02:00
1729910771.79,3223869800000.0,4455,2024-10-26 02:46:11.789999962+00:00,2024-10-26 04:46:11.789999962+02:00
1729910786.1899998,3231747000000.0,4455,2024-10-26 02:46:26.189999819+00:00,2024-10-26 04:46:26.189999819+02:00
1729910800.59,3236523600000.0,4455,2024-10-26 02:46:40.589999914+00:00,2024-10-26 04:46:40.589999914+02:00
1729910814.99,3273814600000.0,4455,2024-10-26 02:46:54.990000010+00:00,2024-10-26 04:46:54.990000010+02:00
1729910829.3899999,3267026800000.0,4455,2024-10-26 02:47:09.389999866+00:00,2024-10-26 04:47:09.389999866+02:00
1729910843.79,3256635600000.0,4455,2024-10-26 02:47:23.789999962+00:00,2024-10-26 04:47:23.789999962+02:00
1729910858.1899998,3267697200000.0,4455,2024-10-26 02:47:38.189999819+00:00,2024-10-26 04:47:38.189999819+02:00
1729910872.59,3261412200000.0,4455,2024-10-26 02:47:52.589999914+00:00,2024-10-26 04:47:52.589999914+02:00
1729910886.99,3233171600000.0,4455,2024-10-26 02:48:06.990000010+00:00,2024-10-26 04:48:06.990000010+02:00
1729910901.3899999,3248674600000.0,4455,2024-10-26 02:48:21.389999866+00:00,2024-10-26 04:48:21.389999866+02:00
1729910915.79,3234680000000.0,4455,2024-10-26 02:48:35.789999962+00:00,2024-10-26 04:48:35.789999962+02:00
1729910930.1899998,3270881600000.0,4455,2024-10-26 02:48:50.189999819+00:00,2024-10-26 04:48:50.189999819+02:00
1729910944.59,3252194200000.0,4455,2024-10-26 02:49:04.589999914+00:00,2024-10-26 04:49:04.589999914+02:00
1729910958.99,3243646600000.0,4455,2024-10-26 02:49:18.990000010+00:00,2024-10-26 04:49:18.990000010+02:00
1729910973.3899999,3265099400000.0,4455,2024-10-26 02:49:33.389999866+00:00,2024-10-26 04:49:33.389999866+02:00
1729910987.79,3233925800000.0,4455,2024-10-26 02:49:47.789999962+00:00,2024-10-26 04:49:47.789999962+02:00
1729911002.1899998,3240629800000.0,4455,2024-10-26 02:50:02.189999819+00:00,2024-10-26 04:50:02.189999819+02:00
1729911016.59,3227640800000.0,4455,2024-10-26 02:50:16.589999914+00:00,2024-10-26 04:50:16.589999914+02:00
1729911030.99,3243814200000.0,4455,2024-10-26 02:50:30.990000010+00:00,2024-10-26 04:50:30.990000010+02:00
1729911045.3899999,3239289000000.0,4455,2024-10-26 02:50:45.389999866+00:00,2024-10-26 04:50:45.389999866+02:00
1729911059.79,3255378600000.0,4455,2024-10-26 02:50:59.789999962+00:00,2024-10-26 04:50:59.789999962+02:00
1729911074.1899998,3246160600000.0,4455,2024-10-26 02:51:14.189999819+00:00,2024-10-26 04:51:14.189999819+02:00
1729911088.59,3244819800000.0,4455,2024-10-26 02:51:28.589999914+00:00,2024-10-26 04:51:28.589999914+02:00
1729911102.99,3249596400000.0,4455,2024-10-26 02:51:42.990000010+00:00,2024-10-26 04:51:42.990000010+02:00
1729911117.3899999,3232836400000.0,4455,2024-10-26 02:51:57.389999866+00:00,2024-10-26 04:51:57.389999866+02:00
1729911131.79,3216327800000.0,4455,2024-10-26 02:52:11.789999962+00:00,2024-10-26 04:52:11.789999962+02:00
1729911146.1899998,3235099000000.0,4455,2024-10-26 02:52:26.189999819+00:00,2024-10-26 04:52:26.189999819+02:00
1729911160.59,3245993000000.0,4455,2024-10-26 02:52:40.589999914+00:00,2024-10-26 04:52:40.589999914+02:00
1729911174.99,3258227800000.0,4455,2024-10-26 02:52:54.990000010+00:00,2024-10-26 04:52:54.990000010+02:00
1729911189.3899999,3256635600000.0,4455,2024-10-26 02:53:09.389999866+00:00,2024-10-26 04:53:09.389999866+02:00
1729911203.79,3235350400000.0,4455,2024-10-26 02:53:23.789999962+00:00,2024-10-26 04:53:23.789999962+02:00
1729911218.1899998,3243814200000.0,4455,2024-10-26 02:53:38.189999819+00:00,2024-10-26 04:53:38.189999819+02:00
1729911232.59,3268200000000.0,4455,2024-10-26 02:53:52.589999914+00:00,2024-10-26 04:53:52.589999914+02:00
1729911246.99,3233255400000.0,4455,2024-10-26 02:54:06.990000010+00:00,2024-10-26 04:54:06.990000010+02:00
1729911261.3899999,3233925800000.0,4455,2024-10-26 02:54:21.389999866+00:00,2024-10-26 04:54:21.389999866+02:00
1729911275.79,3235266600000.0,4455,2024-10-26 02:54:35.789999962+00:00,2024-10-26 04:54:35.789999962+02:00
1729911290.1899998,3234177200000.0,4455,2024-10-26 02:54:50.189999819+00:00,2024-10-26 04:54:50.189999819+02:00
1729911304.59,3228478800000.0,4455,2024-10-26 02:55:04.589999914+00:00,2024-10-26 04:55:04.589999914+02:00
1729911318.99,3249512600000.0,4455,2024-10-26 02:55:18.990000010+00:00,2024-10-26 04:55:18.990000010+02:00
1729911333.3899999,3225797200000.0,4455,2024-10-26 02:55:33.389999866+00:00,2024-10-26 04:55:33.389999866+02:00
1729911347.79,3220015000000.0,4455,2024-10-26 02:55:47.789999962+00:00,2024-10-26 04:55:47.789999962+02:00
1729911362.1899998,3251440000000.0,4455,2024-10-26 02:56:02.189999819+00:00,2024-10-26 04:56:02.189999819+02:00
1729911376.59,3246831000000.0,4455,2024-10-26 02:56:16.589999914+00:00,2024-10-26 04:56:16.589999914+02:00
1729911390.99,3215992600000.0,4455,2024-10-26 02:56:30.990000010+00:00,2024-10-26 04:56:30.990000010+02:00
1729911405.3899999,3272557600000.0,4455,2024-10-26 02:56:45.389999866+00:00,2024-10-26 04:56:45.389999866+02:00
1729911419.79,3220853000000.0,4455,2024-10-26 02:56:59.789999962+00:00,2024-10-26 04:56:59.789999962+02:00
1729911434.1899998,3251859000000.0,4455,2024-10-26 02:57:14.189999819+00:00,2024-10-26 04:57:14.189999819+02:00
1729911448.59,3239121400000.0,4455,2024-10-26 02:57:28.589999914+00:00,2024-10-26 04:57:28.589999914+02:00
1729911462.99,3236607400000.0,4455,2024-10-26 02:57:42.990000010+00:00,2024-10-26 04:57:42.990000010+02:00
1729911477.3899999,3249177400000.0,4455,2024-10-26 02:57:57.389999866+00:00,2024-10-26 04:57:57.389999866+02:00
1729911491.79,3238534800000.0,4455,2024-10-26 02:58:11.789999962+00:00,2024-10-26 04:58:11.789999962+02:00
1729911506.1899998,3224791600000.0,4455,2024-10-26 02:58:26.189999819+00:00,2024-10-26 04:58:26.189999819+02:00
1729911520.59,3266356400000.0,4455,2024-10-26 02:58:40.589999914+00:00,2024-10-26 04:58:40.589999914+02:00
1729911534.99,3253032200000.0,4455,2024-10-26 02:58:54.990000010+00:00,2024-10-26 04:58:54.990000010+02:00
1729911549.3899999,3243730400000.0,4455,2024-10-26 02:59:09.389999866+00:00,2024-10-26 04:59:09.389999866+02:00
1729911563.79,3244819800000.0,4455,2024-10-26 02:59:23.789999962+00:00,2024-10-26 04:59:23.789999962+02:00
1729911578.1899998,3237361600000.0,4455,2024-10-26 02:59:38.189999819+00:00,2024-10-26 04:59:38.189999819+02:00
1729911592.59,3234847600000.0,4455,2024-10-26 02:59:52.589999914+00:00,2024-10-26 04:59:52.589999914+02:00
1729911606.99,3236104600000.0,4455,2024-10-26 03:00:06.990000010+00:00,2024-10-26 05:00:06.990000010+02:00
1729911621.3899999,3240546000000.0,4455,2024-10-26 03:00:21.389999866+00:00,2024-10-26 05:00:21.389999866+02:00
1729911635.79,3245406400000.0,4455,2024-10-26 03:00:35.789999962+00:00,2024-10-26 05:00:35.789999962+02:00
1729911650.1899998,3251272400000.0,4455,2024-10-26 03:00:50.189999819+00:00,2024-10-26 05:00:50.189999819+02:00
1729911664.59,3267529600000.0,4455,2024-10-26 03:01:04.589999914+00:00,2024-10-26 05:01:04.589999914+02:00
1729911678.99,3270127400000.0,4455,2024-10-26 03:01:18.990000010+00:00,2024-10-26 05:01:18.990000010+02:00
1729911693.3899999,3243227600000.0,4455,2024-10-26 03:01:33.389999866+00:00,2024-10-26 05:01:33.389999866+02:00
1729911707.79,3263088200000.0,4455,2024-10-26 03:01:47.789999962+00:00,2024-10-26 05:01:47.789999962+02:00
1729911722.1899998,3257808800000.0,4455,2024-10-26 03:02:02.189999819+00:00,2024-10-26 05:02:02.189999819+02:00
1729911736.59,3265769800000.0,4455,2024-10-26 03:02:16.589999914+00:00,2024-10-26 05:02:16.589999914+02:00
1729911750.99,3282613600000.0,4455,2024-10-26 03:02:30.990000010+00:00,2024-10-26 05:02:30.990000010+02:00
1729911765.3899999,3276077200000.0,4455,2024-10-26 03:02:45.389999866+00:00,2024-10-26 05:02:45.389999866+02:00
1729911779.79,3305072000000.0,4455,2024-10-26 03:02:59.789999962+00:00,2024-10-26 05:02:59.789999962+02:00
1729911794.1899998,3291245000000.0,4455,2024-10-26 03:03:14.189999819+00:00,2024-10-26 05:03:14.189999819+02:00
1729911808.59,3295435000000.0,4455,2024-10-26 03:03:28.589999914+00:00,2024-10-26 05:03:28.589999914+02:00
1729911822.99,3264177600000.0,4455,2024-10-26 03:03:42.990000010+00:00,2024-10-26 05:03:42.990000010+02:00
1729911837.3899999,3261915000000.0,4455,2024-10-26 03:03:57.389999866+00:00,2024-10-26 05:03:57.389999866+02:00
1729911851.79,3266775400000.0,4455,2024-10-26 03:04:11.789999962+00:00,2024-10-26 05:04:11.789999962+02:00
1729911866.1899998,3251775200000.0,4455,2024-10-26 03:04:26.189999819+00:00,2024-10-26 05:04:26.189999819+02:00
1729911880.59,3252361800000.0,4455,2024-10-26 03:04:40.589999914+00:00,2024-10-26 05:04:40.589999914+02:00
1729911894.99,3258730600000.0,4455,2024-10-26 03:04:54.990000010+00:00,2024-10-26 05:04:54.990000010+02:00
1729911909.3899999,3230154800000.0,4455,2024-10-26 03:05:09.389999866+00:00,2024-10-26 05:05:09.389999866+02:00
1729911923.79,3305826200000.0,4455,2024-10-26 03:05:23.789999962+00:00,2024-10-26 05:05:23.789999962+02:00
1729911938.1899998,3240378400000.0,4455,2024-10-26 03:05:38.189999819+00:00,2024-10-26 05:05:38.189999819+02:00
1729911952.59,3277334200000.0,4455,2024-10-26 03:05:52.589999914+00:00,2024-10-26 05:05:52.589999914+02:00
1729911966.99,3262250200000.0,4455,2024-10-26 03:06:06.990000010+00:00,2024-10-26 05:06:06.990000010+02:00
1729911981.3899999,3286971200000.0,4455,2024-10-26 03:06:21.389999866+00:00,2024-10-26 05:06:21.389999866+02:00
1729911995.79,3265350800000.0,4455,2024-10-26 03:06:35.789999962+00:00,2024-10-26 05:06:35.789999962+02:00
1729912010.1899998,3307753600000.0,4455,2024-10-26 03:06:50.189999819+00:00,2024-10-26 05:06:50.189999819+02:00
1729912024.59,3267697200000.0,4455,2024-10-26 03:07:04.589999914+00:00,2024-10-26 05:07:04.589999914+02:00
1729912038.99,3286133200000.0,4455,2024-10-26 03:07:18.990000010+00:00,2024-10-26 05:07:18.990000010+02:00
1729912053.3899999,3260741800000.0,4455,2024-10-26 03:07:33.389999866+00:00,2024-10-26 05:07:33.389999866+02:00
1729912067.79,3274485000000.0,4455,2024-10-26 03:07:47.789999962+00:00,2024-10-26 05:07:47.789999962+02:00
1729912082.1899998,3267445800000.0,4455,2024-10-26 03:08:02.189999819+00:00,2024-10-26 05:08:02.189999819+02:00
1729912096.59,3261244600000.0,4455,2024-10-26 03:08:16.589999914+00:00,2024-10-26 05:08:16.589999914+02:00
1729912110.99,3274568800000.0,4455,2024-10-26 03:08:30.990000010+00:00,2024-10-26 05:08:30.990000010+02:00
1729912125.3899999,3253702600000.0,4455,2024-10-26 03:08:45.389999866+00:00,2024-10-26 05:08:45.389999866+02:00
1729912139.79,3249680200000.0,4455,2024-10-26 03:08:59.789999962+00:00,2024-10-26 05:08:59.789999962+02:00
1729912154.1899998,3273395600000.0,4455,2024-10-26 03:09:14.189999819+00:00,2024-10-26 05:09:14.189999819+02:00
1729912168.59,3246076800000.0,4455,2024-10-26 03:09:28.589999914+00:00,2024-10-26 05:09:28.589999914+02:00
1729912182.99,3256803200000.0,4455,2024-10-26 03:09:42.990000010+00:00,2024-10-26 05:09:42.990000010+02:00
1729912197.3899999,3275909600000.0,4455,2024-10-26 03:09:57.389999866+00:00,2024-10-26 05:09:57.389999866+02:00
1729912211.79,3263674800000.0,4455,2024-10-26 03:10:11.789999962+00:00,2024-10-26 05:10:11.789999962+02:00
1729912226.1899998,3257976400000.0,4455,2024-10-26 03:10:26.189999819+00:00,2024-10-26 05:10:26.189999819+02:00
1729912240.59,3290239400000.0,4455,2024-10-26 03:10:40.589999914+00:00,2024-10-26 05:10:40.589999914+02:00
1729912254.99,3279429200000.0,4455,2024-10-26 03:10:54.990000010+00:00,2024-10-26 05:10:54.990000010+02:00
1729912269.3899999,3294932200000.0,4455,2024-10-26 03:11:09.389999866+00:00,2024-10-26 05:11:09.389999866+02:00
1729912283.79,3285295200000.0,4455,2024-10-26 03:11:23.789999962+00:00,2024-10-26 05:11:23.789999962+02:00
1729912298.1899998,3263255800000.0,4455,2024-10-26 03:11:38.189999819+00:00,2024-10-26 05:11:38.189999819+02:00
1729912312.59,3265015600000.0,4455,2024-10-26 03:11:52.589999914+00:00,2024-10-26 05:11:52.589999914+02:00
1729912326.99,3287641600000.0,4455,2024-10-26 03:12:06.990000010+00:00,2024-10-26 05:12:06.990000010+02:00
1729912341.3899999,3270965400000.0,4455,2024-10-26 03:12:21.389999866+00:00,2024-10-26 05:12:21.389999866+02:00
1729912355.79,3259652400000.0,4455,2024-10-26 03:12:35.789999962+00:00,2024-10-26 05:12:35.789999962+02:00
1729912370.1899998,3266691600000.0,4455,2024-10-26 03:12:50.189999819+00:00,2024-10-26 05:12:50.189999819+02:00
1729912384.59,3259233400000.0,4455,2024-10-26 03:13:04.589999914+00:00,2024-10-26 05:13:04.589999914+02:00
1729912398.99,3308591600000.0,4455,2024-10-26 03:13:18.990000010+00:00,2024-10-26 05:13:18.990000010+02:00
1729912413.3899999,3295183600000.0,4455,2024-10-26 03:13:33.389999866+00:00,2024-10-26 05:13:33.389999866+02:00
1729912427.79,3296021600000.0,4455,2024-10-26 03:13:47.789999962+00:00,2024-10-26 05:13:47.789999962+02:00
1729912442.1899998,3300211600000.0,4455,2024-10-26 03:14:02.189999819+00:00,2024-10-26 05:14:02.189999819+02:00
1729912456.59,3267613400000.0,4455,2024-10-26 03:14:16.589999914+00:00,2024-10-26 05:14:16.589999914+02:00
1729912470.99,3261160800000.0,4455,2024-10-26 03:14:30.990000010+00:00,2024-10-26 05:14:30.990000010+02:00
1729912485.3899999,3274987800000.0,4455,2024-10-26 03:14:45.389999866+00:00,2024-10-26 05:14:45.389999866+02:00
1729912499.79,3260825600000.0,4455,2024-10-26 03:14:59.789999962+00:00,2024-10-26 05:14:59.789999962+02:00
1729912514.1899998,3286217000000.0,4455,2024-10-26 03:15:14.189999819+00:00,2024-10-26 05:15:14.189999819+02:00
1729912528.59,3282027000000.0,4455,2024-10-26 03:15:28.589999914+00:00,2024-10-26 05:15:28.589999914+02:00
1729912542.99,3304150200000.0,4455,2024-10-26 03:15:42.990000010+00:00,2024-10-26 05:15:42.990000010+02:00
1729912557.3899999,3294178000000.0,4455,2024-10-26 03:15:57.389999866+00:00,2024-10-26 05:15:57.389999866+02:00
1729912571.79,3273814600000.0,4455,2024-10-26 03:16:11.789999962+00:00,2024-10-26 05:16:11.789999962+02:00
1729912586.1899998,3326608600000.0,4455,2024-10-26 03:16:26.189999819+00:00,2024-10-26 05:16:26.189999819+02:00
1729912600.59,3297781400000.0,4455,2024-10-26 03:16:40.589999914+00:00,2024-10-26 05:16:40.589999914+02:00
1729912614.99,3343703800000.0,4455,2024-10-26 03:16:54.990000010+00:00,2024-10-26 05:16:54.990000010+02:00
1729912629.3899999,3311859800000.0,4455,2024-10-26 03:17:09.389999866+00:00,2024-10-26 05:17:09.389999866+02:00
1729912643.79,3285379000000.0,4455,2024-10-26 03:17:23.789999962+00:00,2024-10-26 05:17:23.789999962+02:00
1729912658.1899998,3286468400000.0,4455,2024-10-26 03:17:38.189999819+00:00,2024-10-26 05:17:38.189999819+02:00
1729912672.59,3309429600000.0,4455,2024-10-26 03:17:52.589999914+00:00,2024-10-26 05:17:52.589999914+02:00
1729912686.99,3260574200000.0,4455,2024-10-26 03:18:06.990000010+00:00,2024-10-26 05:18:06.990000010+02:00
1729912701.3899999,3262585400000.0,4455,2024-10-26 03:18:21.389999866+00:00,2024-10-26 05:18:21.389999866+02:00
1729912715.79,3248674600000.0,4455,2024-10-26 03:18:35.789999962+00:00,2024-10-26 05:18:35.789999962+02:00
1729912730.1899998,3254875800000.0,4455,2024-10-26 03:18:50.189999819+00:00,2024-10-26 05:18:50.189999819+02:00
1729912744.59,3260825600000.0,4455,2024-10-26 03:19:04.589999914+00:00,2024-10-26 05:19:04.589999914+02:00
1729912758.99,3262920600000.0,4455,2024-10-26 03:19:18.990000010+00:00,2024-10-26 05:19:18.990000010+02:00
1729912773.3899999,3257138400000.0,4455,2024-10-26 03:19:33.389999866+00:00,2024-10-26 05:19:33.389999866+02:00
1729912787.79,3273814600000.0,4455,2024-10-26 03:19:47.789999962+00:00,2024-10-26 05:19:47.789999962+02:00
1729912802.1899998,3269708400000.0,4455,2024-10-26 03:20:02.189999819+00:00,2024-10-26 05:20:02.189999819+02:00
1729912816.59,3257389800000.0,4455,2024-10-26 03:20:16.589999914+00:00,2024-10-26 05:20:16.589999914+02:00
1729912830.99,3260825600000.0,4455,2024-10-26 03:20:30.990000010+00:00,2024-10-26 05:20:30.990000010+02:00
1729912845.3899999,3284708600000.0,4455,2024-10-26 03:20:45.389999866+00:00,2024-10-26 05:20:45.389999866+02:00
1729912859.79,3274485000000.0,4455,2024-10-26 03:20:59.789999962+00:00,2024-10-26 05:20:59.789999962+02:00
1729912874.1899998,3270043600000.0,4455,2024-10-26 03:21:14.189999819+00:00,2024-10-26 05:21:14.189999819+02:00
1729912888.59,3272892800000.0,4455,2024-10-26 03:21:28.589999914+00:00,2024-10-26 05:21:28.589999914+02:00
1729912902.99,3255294800000.0,4455,2024-10-26 03:21:42.990000010+00:00,2024-10-26 05:21:42.990000010+02:00
1729912917.3899999,3263926200000.0,4455,2024-10-26 03:21:57.389999866+00:00,2024-10-26 05:21:57.389999866+02:00
1729912931.79,3282529800000.0,4455,2024-10-26 03:22:11.789999962+00:00,2024-10-26 05:22:11.789999962+02:00
1729912946.1899998,3254289200000.0,4455,2024-10-26 03:22:26.189999819+00:00,2024-10-26 05:22:26.189999819+02:00
1729912960.59,3271803400000.0,4455,2024-10-26 03:22:40.589999914+00:00,2024-10-26 05:22:40.589999914+02:00
1729912974.99,3265099400000.0,4455,2024-10-26 03:22:54.990000010+00:00,2024-10-26 05:22:54.990000010+02:00
1729912989.3899999,3235266600000.0,4455,2024-10-26 03:23:09.389999866+00:00,2024-10-26 05:23:09.389999866+02:00
1729913003.79,3258227800000.0,4455,2024-10-26 03:23:23.789999962+00:00,2024-10-26 05:23:23.789999962+02:00
1729913018.1899998,3258646800000.0,4455,2024-10-26 03:23:38.189999819+00:00,2024-10-26 05:23:38.189999819+02:00
1729913032.59,3265015600000.0,4455,2024-10-26 03:23:52.589999914+00:00,2024-10-26 05:23:52.589999914+02:00
1729913046.99,3268367600000.0,4455,2024-10-26 03:24:06.990000010+00:00,2024-10-26 05:24:06.990000010+02:00
1729913061.3899999,3262501600000.0,4455,2024-10-26 03:24:21.389999866+00:00,2024-10-26 05:24:21.389999866+02:00
1729913075.79,3252697000000.0,4455,2024-10-26 03:24:35.789999962+00:00,2024-10-26 05:24:35.789999962+02:00
1729913090.1899998,3289485200000.0,4455,2024-10-26 03:24:50.189999819+00:00,2024-10-26 05:24:50.189999819+02:00
1729913104.59,3287976800000.0,4455,2024-10-26 03:25:04.589999914+00:00,2024-10-26 05:25:04.589999914+02:00
1729913118.99,3276915200000.0,4455,2024-10-26 03:25:18.990000010+00:00,2024-10-26 05:25:18.990000010+02:00
1729913133.3899999,3282697400000.0,4455,2024-10-26 03:25:33.389999866+00:00,2024-10-26 05:25:33.389999866+02:00
1729913147.79,3281859400000.0,4455,2024-10-26 03:25:47.789999962+00:00,2024-10-26 05:25:47.789999962+02:00
1729913162.1899998,3283619200000.0,4455,2024-10-26 03:26:02.189999819+00:00,2024-10-26 05:26:02.189999819+02:00
1729913176.59,3298787000000.0,4455,2024-10-26 03:26:16.589999914+00:00,2024-10-26 05:26:16.589999914+02:00
1729913190.99,3299792600000.0,4455,2024-10-26 03:26:30.990000010+00:00,2024-10-26 05:26:30.990000010+02:00
1729913205.3899999,3286300800000.0,4455,2024-10-26 03:26:45.389999866+00:00,2024-10-26 05:26:45.389999866+02:00
1729913219.79,3302306600000.0,4455,2024-10-26 03:26:59.789999962+00:00,2024-10-26 05:26:59.789999962+02:00
1729913234.1899998,3257641200000.0,4455,2024-10-26 03:27:14.189999819+00:00,2024-10-26 05:27:14.189999819+02:00
1729913248.59,3289988000000.0,4455,2024-10-26 03:27:28.589999914+00:00,2024-10-26 05:27:28.589999914+02:00
1729913262.99,3269540800000.0,4455,2024-10-26 03:27:42.990000010+00:00,2024-10-26 05:27:42.990000010+02:00
1729913277.3899999,3280267200000.0,4455,2024-10-26 03:27:57.389999866+00:00,2024-10-26 05:27:57.389999866+02:00
1729913291.79,3283703000000.0,4455,2024-10-26 03:28:11.789999962+00:00,2024-10-26 05:28:11.789999962+02:00
1729913306.1899998,3284792400000.0,4455,2024-10-26 03:28:26.189999819+00:00,2024-10-26 05:28:26.189999819+02:00
1729913320.59,3290993600000.0,4455,2024-10-26 03:28:40.589999914+00:00,2024-10-26 05:28:40.589999914+02:00
1729913334.99,3269540800000.0,4455,2024-10-26 03:28:54.990000010+00:00,2024-10-26 05:28:54.990000010+02:00
1729913349.3899999,3265518400000.0,4455,2024-10-26 03:29:09.389999866+00:00,2024-10-26 05:29:09.389999866+02:00
1729913363.79,3265267000000.0,4455,2024-10-26 03:29:23.789999962+00:00,2024-10-26 05:29:23.789999962+02:00
1729913378.1899998,3281943200000.0,4455,2024-10-26 03:29:38.189999819+00:00,2024-10-26 05:29:38.189999819+02:00
1729913392.59,3294680800000.0,4455,2024-10-26 03:29:52.589999914+00:00,2024-10-26 05:29:52.589999914+02:00
1729913406.99,3263004400000.0,4455,2024-10-26 03:30:06.990000010+00:00,2024-10-26 05:30:06.990000010+02:00
1729913421.3899999,3251859000000.0,4455,2024-10-26 03:30:21.389999866+00:00,2024-10-26 05:30:21.389999866+02:00
1729913435.79,3278088400000.0,4455,2024-10-26 03:30:35.789999962+00:00,2024-10-26 05:30:35.789999962+02:00
1729913450.1899998,3278004600000.0,4455,2024-10-26 03:30:50.189999819+00:00,2024-10-26 05:30:50.189999819+02:00
1729913464.59,3298954600000.0,4455,2024-10-26 03:31:04.589999914+00:00,2024-10-26 05:31:04.589999914+02:00
1729913478.99,3301384800000.0,4455,2024-10-26 03:31:18.990000010+00:00,2024-10-26 05:31:18.990000010+02:00
1729913493.3899999,3296105400000.0,4455,2024-10-26 03:31:33.389999866+00:00,2024-10-26 05:31:33.389999866+02:00
1729913507.79,3321245400000.0,4455,2024-10-26 03:31:47.789999962+00:00,2024-10-26 05:31:47.789999962+02:00
1729913522.1899998,3332809800000.0,4455,2024-10-26 03:32:02.189999819+00:00,2024-10-26 05:32:02.189999819+02:00
1729913536.59,3267362000000.0,4455,2024-10-26 03:32:16.589999914+00:00,2024-10-26 05:32:16.589999914+02:00
1729913550.99,3253618800000.0,4455,2024-10-26 03:32:30.990000010+00:00,2024-10-26 05:32:30.990000010+02:00
1729913565.3899999,3281859400000.0,4455,2024-10-26 03:32:45.389999866+00:00,2024-10-26 05:32:45.389999866+02:00
1729913579.79,3280518600000.0,4455,2024-10-26 03:32:59.789999962+00:00,2024-10-26 05:32:59.789999962+02:00
1729913594.1899998,3303312200000.0,4455,2024-10-26 03:33:14.189999819+00:00,2024-10-26 05:33:14.189999819+02:00
1729913608.59,3266943000000.0,4455,2024-10-26 03:33:28.589999914+00:00,2024-10-26 05:33:28.589999914+02:00
1729913622.99,3274317400000.0,4455,2024-10-26 03:33:42.990000010+00:00,2024-10-26 05:33:42.990000010+02:00
1729913637.3899999,3275993400000.0,4455,2024-10-26 03:33:57.389999866+00:00,2024-10-26 05:33:57.389999866+02:00
1729913651.79,3274485000000.0,4455,2024-10-26 03:34:11.789999962+00:00,2024-10-26 05:34:11.789999962+02:00
1729913666.1899998,3274987800000.0,4455,2024-10-26 03:34:26.189999819+00:00,2024-10-26 05:34:26.189999819+02:00
1729913680.59,3244987400000.0,4455,2024-10-26 03:34:40.589999914+00:00,2024-10-26 05:34:40.589999914+02:00
1729913694.99,3251859000000.0,4455,2024-10-26 03:34:54.990000010+00:00,2024-10-26 05:34:54.990000010+02:00
1729913709.3899999,3255043400000.0,4455,2024-10-26 03:35:09.389999866+00:00,2024-10-26 05:35:09.389999866+02:00
1729913723.79,3259736200000.0,4455,2024-10-26 03:35:23.789999962+00:00,2024-10-26 05:35:23.789999962+02:00
1729913738.1899998,3257557400000.0,4455,2024-10-26 03:35:38.189999819+00:00,2024-10-26 05:35:38.189999819+02:00
1729913752.59,3311021800000.0,4455,2024-10-26 03:35:52.589999914+00:00,2024-10-26 05:35:52.589999914+02:00
1729913766.99,3284205800000.0,4455,2024-10-26 03:36:06.990000010+00:00,2024-10-26 05:36:06.990000010+02:00
1729913781.3899999,3289150000000.0,4455,2024-10-26 03:36:21.389999866+00:00,2024-10-26 05:36:21.389999866+02:00
1729913795.79,3268954200000.0,4455,2024-10-26 03:36:35.789999962+00:00,2024-10-26 05:36:35.789999962+02:00
1729913810.1899998,3264680400000.0,4455,2024-10-26 03:36:50.189999819+00:00,2024-10-26 05:36:50.189999819+02:00
1729913824.59,3287557800000.0,4455,2024-10-26 03:37:04.589999914+00:00,2024-10-26 05:37:04.589999914+02:00
1729913838.99,3316636400000.0,4455,2024-10-26 03:37:18.990000010+00:00,2024-10-26 05:37:18.990000010+02:00
1729913853.3899999,3290071800000.0,4455,2024-10-26 03:37:33.389999866+00:00,2024-10-26 05:37:33.389999866+02:00
1729913867.79,3278758800000.0,4455,2024-10-26 03:37:47.789999962+00:00,2024-10-26 05:37:47.789999962+02:00
1729913882.1899998,3298284200000.0,4455,2024-10-26 03:38:02.189999819+00:00,2024-10-26 05:38:02.189999819+02:00
1729913896.59,3261579800000.0,4455,2024-10-26 03:38:16.589999914+00:00,2024-10-26 05:38:16.589999914+02:00
1729913910.99,3290323200000.0,4455,2024-10-26 03:38:30.990000010+00:00,2024-10-26 05:38:30.990000010+02:00
1729913925.3899999,3272557600000.0,4455,2024-10-26 03:38:45.389999866+00:00,2024-10-26 05:38:45.389999866+02:00
1729913939.79,3275574400000.0,4455,2024-10-26 03:38:59.789999962+00:00,2024-10-26 05:38:59.789999962+02:00
1729913954.1899998,3299960200000.0,4455,2024-10-26 03:39:14.189999819+00:00,2024-10-26 05:39:14.189999819+02:00
1729913968.59,3256216600000.0,4455,2024-10-26 03:39:28.589999914+00:00,2024-10-26 05:39:28.589999914+02:00
1729913982.99,3250685800000.0,4455,2024-10-26 03:39:42.990000010+00:00,2024-10-26 05:39:42.990000010+02:00
1729913997.3899999,3304904400000.0,4455,2024-10-26 03:39:57.389999866+00:00,2024-10-26 05:39:57.389999866+02:00
1729914011.79,3250266800000.0,4455,2024-10-26 03:40:11.789999962+00:00,2024-10-26 05:40:11.789999962+02:00
1729914026.1899998,3309010600000.0,4455,2024-10-26 03:40:26.189999819+00:00,2024-10-26 05:40:26.189999819+02:00
1729914040.59,3290574600000.0,4455,2024-10-26 03:40:40.589999914+00:00,2024-10-26 05:40:40.589999914+02:00
1729914054.99,3276999000000.0,4455,2024-10-26 03:40:54.990000010+00:00,2024-10-26 05:40:54.990000010+02:00
1729914069.3899999,3267110600000.0,4455,2024-10-26 03:41:09.389999866+00:00,2024-10-26 05:41:09.389999866+02:00
1729914083.79,3292837200000.0,4455,2024-10-26 03:41:23.789999962+00:00,2024-10-26 05:41:23.789999962+02:00
1729914098.1899998,3305993800000.0,4455,2024-10-26 03:41:38.189999819+00:00,2024-10-26 05:41:38.189999819+02:00
1729914112.59,3279261600000.0,4455,2024-10-26 03:41:52.589999914+00:00,2024-10-26 05:41:52.589999914+02:00
1729914126.99,3314709000000.0,4455,2024-10-26 03:42:06.990000010+00:00,2024-10-26 05:42:06.990000010+02:00
1729914141.3899999,3298954600000.0,4455,2024-10-26 03:42:21.389999866+00:00,2024-10-26 05:42:21.389999866+02:00
1729914155.79,3301971400000.0,4455,2024-10-26 03:42:35.789999962+00:00,2024-10-26 05:42:35.789999962+02:00
1729914170.1899998,3311776000000.0,4455,2024-10-26 03:42:50.189999819+00:00,2024-10-26 05:42:50.189999819+02:00
1729914184.59,3284205800000.0,4455,2024-10-26 03:43:04.589999914+00:00,2024-10-26 05:43:04.589999914+02:00
1729914198.99,3282194600000.0,4455,2024-10-26 03:43:18.990000010+00:00,2024-10-26 05:43:18.990000010+02:00
1729914213.3899999,3270630200000.0,4455,2024-10-26 03:43:33.389999866+00:00,2024-10-26 05:43:33.389999866+02:00
1729914227.79,3310854200000.0,4455,2024-10-26 03:43:47.789999962+00:00,2024-10-26 05:43:47.789999962+02:00
1729914242.1899998,3288395800000.0,4455,2024-10-26 03:44:02.189999819+00:00,2024-10-26 05:44:02.189999819+02:00
1729914256.59,3293423800000.0,4455,2024-10-26 03:44:16.589999914+00:00,2024-10-26 05:44:16.589999914+02:00
1729914270.99,3292585800000.0,4455,2024-10-26 03:44:30.990000010+00:00,2024-10-26 05:44:30.990000010+02:00
1729914285.3899999,3281021400000.0,4455,2024-10-26 03:44:45.389999866+00:00,2024-10-26 05:44:45.389999866+02:00
1729914299.79,3269289400000.0,4455,2024-10-26 03:44:59.789999962+00:00,2024-10-26 05:44:59.789999962+02:00
1729914314.1899998,3283786800000.0,4455,2024-10-26 03:45:14.189999819+00:00,2024-10-26 05:45:14.189999819+02:00
1729914328.59,3261328400000.0,4455,2024-10-26 03:45:28.589999914+00:00,2024-10-26 05:45:28.589999914+02:00
1729914342.99,3280015800000.0,4455,2024-10-26 03:45:42.990000010+00:00,2024-10-26 05:45:42.990000010+02:00
1729914357.3899999,3232836400000.0,4455,2024-10-26 03:45:57.389999866+00:00,2024-10-26 05:45:57.389999866+02:00
1729914371.79,3271300600000.0,4455,2024-10-26 03:46:11.789999962+00:00,2024-10-26 05:46:11.789999962+02:00
1729914386.1899998,3282781200000.0,4455,2024-10-26 03:46:26.189999819+00:00,2024-10-26 05:46:26.189999819+02:00
1729914400.59,3258395400000.0,4455,2024-10-26 03:46:40.589999914+00:00,2024-10-26 05:46:40.589999914+02:00
1729914414.99,3258898200000.0,4455,2024-10-26 03:46:54.990000010+00:00,2024-10-26 05:46:54.990000010+02:00
1729914429.3899999,3280602400000.0,4455,2024-10-26 03:47:09.389999866+00:00,2024-10-26 05:47:09.389999866+02:00
1729914443.79,3277837000000.0,4455,2024-10-26 03:47:23.789999962+00:00,2024-10-26 05:47:23.789999962+02:00
1729914458.1899998,3280853800000.0,4455,2024-10-26 03:47:38.189999819+00:00,2024-10-26 05:47:38.189999819+02:00
1729914472.59,3277837000000.0,4455,2024-10-26 03:47:52.589999914+00:00,2024-10-26 05:47:52.589999914+02:00
1729914486.99,3323675600000.0,4455,2024-10-26 03:48:06.990000010+00:00,2024-10-26 05:48:06.990000010+02:00
1729914501.3899999,3283116400000.0,4455,2024-10-26 03:48:21.389999866+00:00,2024-10-26 05:48:21.389999866+02:00
1729914515.79,3318144800000.0,4455,2024-10-26 03:48:35.789999962+00:00,2024-10-26 05:48:35.789999962+02:00
1729914530.1899998,3312111200000.0,4455,2024-10-26 03:48:50.189999819+00:00,2024-10-26 05:48:50.189999819+02:00
1729914544.59,3280434800000.0,4455,2024-10-26 03:49:04.589999914+00:00,2024-10-26 05:49:04.589999914+02:00
1729914558.99,3275155400000.0,4455,2024-10-26 03:49:18.990000010+00:00,2024-10-26 05:49:18.990000010+02:00
1729914573.3899999,3305155800000.0,4455,2024-10-26 03:49:33.389999866+00:00,2024-10-26 05:49:33.389999866+02:00
1729914587.79,3295435000000.0,4455,2024-10-26 03:49:47.789999962+00:00,2024-10-26 05:49:47.789999962+02:00
1729914602.1899998,3319820800000.0,4455,2024-10-26 03:50:02.189999819+00:00,2024-10-26 05:50:02.189999819+02:00
1729914616.59,3298200400000.0,4455,2024-10-26 03:50:16.589999914+00:00,2024-10-26 05:50:16.589999914+02:00
1729914630.99,3255546200000.0,4455,2024-10-26 03:50:30.990000010+00:00,2024-10-26 05:50:30.990000010+02:00
1729914645.3899999,3295183600000.0,4455,2024-10-26 03:50:45.389999866+00:00,2024-10-26 05:50:45.389999866+02:00
1729914659.79,3254792000000.0,4455,2024-10-26 03:50:59.789999962+00:00,2024-10-26 05:50:59.789999962+02:00
1729914674.1899998,3293675200000.0,4455,2024-10-26 03:51:14.189999819+00:00,2024-10-26 05:51:14.189999819+02:00
1729914688.59,3287474000000.0,4455,2024-10-26 03:51:28.589999914+00:00,2024-10-26 05:51:28.589999914+02:00
1729914702.99,3291999200000.0,4455,2024-10-26 03:51:42.990000010+00:00,2024-10-26 05:51:42.990000010+02:00
1729914717.3899999,3289904200000.0,4455,2024-10-26 03:51:57.389999866+00:00,2024-10-26 05:51:57.389999866+02:00
1729914731.79,3284792400000.0,4455,2024-10-26 03:52:11.789999962+00:00,2024-10-26 05:52:11.789999962+02:00
1729914746.1899998,3243060000000.0,4455,2024-10-26 03:52:26.189999819+00:00,2024-10-26 05:52:26.189999819+02:00
1729914760.59,3311692200000.0,4455,2024-10-26 03:52:40.589999914+00:00,2024-10-26 05:52:40.589999914+02:00
1729914774.99,3314876600000.0,4455,2024-10-26 03:52:54.990000010+00:00,2024-10-26 05:52:54.990000010+02:00
1729914789.3899999,3273647000000.0,4455,2024-10-26 03:53:09.389999866+00:00,2024-10-26 05:53:09.389999866+02:00
1729914803.79,3278339800000.0,4455,2024-10-26 03:53:23.789999962+00:00,2024-10-26 05:53:23.789999962+02:00
1729914818.1899998,3281608000000.0,4455,2024-10-26 03:53:38.189999819+00:00,2024-10-26 05:53:38.189999819+02:00
1729914832.59,3273228000000.0,4455,2024-10-26 03:53:52.589999914+00:00,2024-10-26 05:53:52.589999914+02:00
1729914846.99,3261244600000.0,4455,2024-10-26 03:54:06.990000010+00:00,2024-10-26 05:54:06.990000010+02:00
1729914861.3899999,3282027000000.0,4455,2024-10-26 03:54:21.389999866+00:00,2024-10-26 05:54:21.389999866+02:00
1729914875.79,3271133000000.0,4455,2024-10-26 03:54:35.789999962+00:00,2024-10-26 05:54:35.789999962+02:00
1729914890.1899998,3286971200000.0,4455,2024-10-26 03:54:50.189999819+00:00,2024-10-26 05:54:50.189999819+02:00
1729914904.59,3273982200000.0,4455,2024-10-26 03:55:04.589999914+00:00,2024-10-26 05:55:04.589999914+02:00
1729914918.99,3307418400000.0,4455,2024-10-26 03:55:18.990000010+00:00,2024-10-26 05:55:18.990000010+02:00
1729914933.3899999,3255462400000.0,4455,2024-10-26 03:55:33.389999866+00:00,2024-10-26 05:55:33.389999866+02:00
1729914947.79,3285798000000.0,4455,2024-10-26 03:55:47.789999962+00:00,2024-10-26 05:55:47.789999962+02:00
1729914962.1899998,3285965600000.0,4455,2024-10-26 03:56:02.189999819+00:00,2024-10-26 05:56:02.189999819+02:00
1729914976.59,3284457200000.0,4455,2024-10-26 03:56:16.589999914+00:00,2024-10-26 05:56:16.589999914+02:00
1729914990.99,3267697200000.0,4455,2024-10-26 03:56:30.990000010+00:00,2024-10-26 05:56:30.990000010+02:00
1729915005.3899999,3266440200000.0,4455,2024-10-26 03:56:45.389999866+00:00,2024-10-26 05:56:45.389999866+02:00
1729915019.79,3251104800000.0,4455,2024-10-26 03:56:59.789999962+00:00,2024-10-26 05:56:59.789999962+02:00
1729915034.1899998,3260909400000.0,4455,2024-10-26 03:57:14.189999819+00:00,2024-10-26 05:57:14.189999819+02:00
1729915048.59,3263591000000.0,4455,2024-10-26 03:57:28.589999914+00:00,2024-10-26 05:57:28.589999914+02:00
1729915062.99,3277585600000.0,4455,2024-10-26 03:57:42.990000010+00:00,2024-10-26 05:57:42.990000010+02:00
1729915077.3899999,3261077000000.0,4455,2024-10-26 03:57:57.389999866+00:00,2024-10-26 05:57:57.389999866+02:00
1729915091.79,3278758800000.0,4455,2024-10-26 03:58:11.789999962+00:00,2024-10-26 05:58:11.789999962+02:00
1729915106.1899998,3272054800000.0,4455,2024-10-26 03:58:26.189999819+00:00,2024-10-26 05:58:26.189999819+02:00
1729915120.59,3278758800000.0,4455,2024-10-26 03:58:40.589999914+00:00,2024-10-26 05:58:40.589999914+02:00
1729915134.99,3304066400000.0,4455,2024-10-26 03:58:54.990000010+00:00,2024-10-26 05:58:54.990000010+02:00
1729915149.3899999,3251607600000.0,4455,2024-10-26 03:59:09.389999866+00:00,2024-10-26 05:59:09.389999866+02:00
1729915163.79,3275658200000.0,4455,2024-10-26 03:59:23.789999962+00:00,2024-10-26 05:59:23.789999962+02:00
1729915178.1899998,3294094200000.0,4455,2024-10-26 03:59:38.189999819+00:00,2024-10-26 05:59:38.189999819+02:00
1729915192.59,3290155600000.0,4455,2024-10-26 03:59:52.589999914+00:00,2024-10-26 05:59:52.589999914+02:00
1729915206.99,3307669800000.0,4455,2024-10-26 04:00:06.990000010+00:00,2024-10-26 06:00:06.990000010+02:00
1729915221.3899999,3305155800000.0,4455,2024-10-26 04:00:21.389999866+00:00,2024-10-26 06:00:21.389999866+02:00
1729915235.79,3276999000000.0,4455,2024-10-26 04:00:35.789999962+00:00,2024-10-26 06:00:35.789999962+02:00
1729915250.1899998,3287976800000.0,4455,2024-10-26 04:00:50.189999819+00:00,2024-10-26 06:00:50.189999819+02:00
1729915264.59,3312614000000.0,4455,2024-10-26 04:01:04.589999914+00:00,2024-10-26 06:01:04.589999914+02:00
1729915278.99,3305658600000.0,4455,2024-10-26 04:01:18.990000010+00:00,2024-10-26 06:01:18.990000010+02:00
1729915293.3899999,3281608000000.0,4455,2024-10-26 04:01:33.389999866+00:00,2024-10-26 06:01:33.389999866+02:00
1729915307.79,3311608400000.0,4455,2024-10-26 04:01:47.789999962+00:00,2024-10-26 06:01:47.789999962+02:00
1729915322.1899998,3270965400000.0,4455,2024-10-26 04:02:02.189999819+00:00,2024-10-26 06:02:02.189999819+02:00
1729915336.59,3269038000000.0,4455,2024-10-26 04:02:16.589999914+00:00,2024-10-26 06:02:16.589999914+02:00
1729915350.99,3307334600000.0,4455,2024-10-26 04:02:30.990000010+00:00,2024-10-26 06:02:30.990000010+02:00
1729915365.3899999,3278842600000.0,4455,2024-10-26 04:02:45.389999866+00:00,2024-10-26 06:02:45.389999866+02:00
1729915379.79,3289652800000.0,4455,2024-10-26 04:02:59.789999962+00:00,2024-10-26 06:02:59.789999962+02:00
1729915394.1899998,3185405600000.0,4455,2024-10-26 04:03:14.189999819+00:00,2024-10-26 06:03:14.189999819+02:00
1729915408.59,3197053800000.0,4455,2024-10-26 04:03:28.589999914+00:00,2024-10-26 06:03:28.589999914+02:00
1729915422.99,3175265800000.0,4455,2024-10-26 04:03:42.990000010+00:00,2024-10-26 06:03:42.990000010+02:00
1729915437.3899999,3310938000000.0,4455,2024-10-26 04:03:57.389999866+00:00,2024-10-26 06:03:57.389999866+02:00
1729915451.79,3266524000000.0,4455,2024-10-26 04:04:11.789999962+00:00,2024-10-26 06:04:11.789999962+02:00
1729915466.1899998,3279261600000.0,4455,2024-10-26 04:04:26.189999819+00:00,2024-10-26 06:04:26.189999819+02:00
1729915480.59,3290323200000.0,4455,2024-10-26 04:04:40.589999914+00:00,2024-10-26 06:04:40.589999914+02:00
1729915494.99,3318312400000.0,4455,2024-10-26 04:04:54.990000010+00:00,2024-10-26 06:04:54.990000010+02:00
1729915509.3899999,3273060400000.0,4455,2024-10-26 04:05:09.389999866+00:00,2024-10-26 06:05:09.389999866+02:00
1729915523.79,3281105200000.0,4455,2024-10-26 04:05:23.789999962+00:00,2024-10-26 06:05:23.789999962+02:00
1729915538.1899998,3271971000000.0,4455,2024-10-26 04:05:38.189999819+00:00,2024-10-26 06:05:38.189999819+02:00
1729915552.59,3296189200000.0,4455,2024-10-26 04:05:52.589999914+00:00,2024-10-26 06:05:52.589999914+02:00
1729915566.99,3262920600000.0,4455,2024-10-26 04:06:06.990000010+00:00,2024-10-26 06:06:06.990000010+02:00
1729915581.3899999,3302474200000.0,4455,2024-10-26 04:06:21.389999866+00:00,2024-10-26 06:06:21.389999866+02:00
1729915595.79,3292250600000.0,4455,2024-10-26 04:06:35.789999962+00:00,2024-10-26 06:06:35.789999962+02:00
1729915610.1899998,3292166800000.0,4455,2024-10-26 04:06:50.189999819+00:00,2024-10-26 06:06:50.189999819+02:00
1729915624.59,3234847600000.0,4455,2024-10-26 04:07:04.589999914+00:00,2024-10-26 06:07:04.589999914+02:00
1729915638.99,3280602400000.0,4455,2024-10-26 04:07:18.990000010+00:00,2024-10-26 06:07:18.990000010+02:00
1729915653.3899999,3257473600000.0,4455,2024-10-26 04:07:33.389999866+00:00,2024-10-26 06:07:33.389999866+02:00
1729915667.79,3285965600000.0,4455,2024-10-26 04:07:47.789999962+00:00,2024-10-26 06:07:47.789999962+02:00
1729915682.1899998,3289233800000.0,4455,2024-10-26 04:08:02.189999819+00:00,2024-10-26 06:08:02.189999819+02:00
1729915696.59,3266524000000.0,4455,2024-10-26 04:08:16.589999914+00:00,2024-10-26 06:08:16.589999914+02:00
1729915710.99,3238451000000.0,4455,2024-10-26 04:08:30.990000010+00:00,2024-10-26 06:08:30.990000010+02:00
1729915725.3899999,3259903800000.0,4455,2024-10-26 04:08:45.389999866+00:00,2024-10-26 06:08:45.389999866+02:00
1729915739.79,3236020800000.0,4455,2024-10-26 04:08:59.789999962+00:00,2024-10-26 06:08:59.789999962+02:00
1729915754.1899998,3281943200000.0,4455,2024-10-26 04:09:14.189999819+00:00,2024-10-26 06:09:14.189999819+02:00
1729915768.59,3258982000000.0,4455,2024-10-26 04:09:28.589999914+00:00,2024-10-26 06:09:28.589999914+02:00
1729915782.99,3258395400000.0,4455,2024-10-26 04:09:42.990000010+00:00,2024-10-26 06:09:42.990000010+02:00
1729915797.3899999,3280602400000.0,4455,2024-10-26 04:09:57.389999866+00:00,2024-10-26 06:09:57.389999866+02:00
1729915811.79,3287222600000.0,4455,2024-10-26 04:10:11.789999962+00:00,2024-10-26 06:10:11.789999962+02:00
1729915826.1899998,3283116400000.0,4455,2024-10-26 04:10:26.189999819+00:00,2024-10-26 06:10:26.189999819+02:00
1729915840.59,3263004400000.0,4455,2024-10-26 04:10:40.589999914+00:00,2024-10-26 06:10:40.589999914+02:00
1729915854.99,3274820200000.0,4455,2024-10-26 04:10:54.990000010+00:00,2024-10-26 06:10:54.990000010+02:00
1729915869.3899999,3241216400000.0,4455,2024-10-26 04:11:09.389999866+00:00,2024-10-26 06:11:09.389999866+02:00
1729915883.79,3251188600000.0,4455,2024-10-26 04:11:23.789999962+00:00,2024-10-26 06:11:23.789999962+02:00
1729915898.1899998,3281021400000.0,4455,2024-10-26 04:11:38.189999819+00:00,2024-10-26 06:11:38.189999819+02:00
1729915912.59,3265015600000.0,4455,2024-10-26 04:11:52.589999914+00:00,2024-10-26 06:11:52.589999914+02:00
1729915926.99,3250099200000.0,4455,2024-10-26 04:12:06.990000010+00:00,2024-10-26 06:12:06.990000010+02:00
1729915941.3899999,3252780800000.0,4455,2024-10-26 04:12:21.389999866+00:00,2024-10-26 06:12:21.389999866+02:00
1729915955.79,3240546000000.0,4455,2024-10-26 04:12:35.789999962+00:00,2024-10-26 06:12:35.789999962+02:00
1729915970.1899998,3254624400000.0,4455,2024-10-26 04:12:50.189999819+00:00,2024-10-26 06:12:50.189999819+02:00
1729915984.59,3236020800000.0,4455,2024-10-26 04:13:04.589999914+00:00,2024-10-26 06:13:04.589999914+02:00
1729915998.99,3237445400000.0,4455,2024-10-26 04:13:18.990000010+00:00,2024-10-26 06:13:18.990000010+02:00
1729916013.3899999,3280686200000.0,4455,2024-10-26 04:13:33.389999866+00:00,2024-10-26 06:13:33.389999866+02:00
1729916027.79,3248423200000.0,4455,2024-10-26 04:13:47.789999962+00:00,2024-10-26 06:13:47.789999962+02:00
1729916042.1899998,3228562600000.0,4455,2024-10-26 04:14:02.189999819+00:00,2024-10-26 06:14:02.189999819+02:00
1729916056.59,3253451200000.0,4455,2024-10-26 04:14:16.589999914+00:00,2024-10-26 06:14:16.589999914+02:00
1729916070.99,3254037800000.0,4455,2024-10-26 04:14:30.990000010+00:00,2024-10-26 06:14:30.990000010+02:00
1729916085.3899999,3225713400000.0,4455,2024-10-26 04:14:45.389999866+00:00,2024-10-26 06:14:45.389999866+02:00
1729916099.79,3220350200000.0,4455,2024-10-26 04:14:59.789999962+00:00,2024-10-26 06:14:59.789999962+02:00
1729916114.1899998,3226719000000.0,4455,2024-10-26 04:15:14.189999819+00:00,2024-10-26 06:15:14.189999819+02:00
1729916128.59,3221607200000.0,4455,2024-10-26 04:15:28.589999914+00:00,2024-10-26 06:15:28.589999914+02:00
1729916142.99,3239624200000.0,4455,2024-10-26 04:15:42.990000010+00:00,2024-10-26 06:15:42.990000010+02:00
1729916157.3899999,3226216200000.0,4455,2024-10-26 04:15:57.389999866+00:00,2024-10-26 06:15:57.389999866+02:00
1729916171.79,3257557400000.0,4455,2024-10-26 04:16:11.789999962+00:00,2024-10-26 06:16:11.789999962+02:00
1729916186.1899998,3233171600000.0,4455,2024-10-26 04:16:26.189999819+00:00,2024-10-26 06:16:26.189999819+02:00
1729916200.59,3220182600000.0,4455,2024-10-26 04:16:40.589999914+00:00,2024-10-26 06:16:40.589999914+02:00
1729916214.99,3259903800000.0,4455,2024-10-26 04:16:54.990000010+00:00,2024-10-26 06:16:54.990000010+02:00
1729916229.3899999,3226802800000.0,4455,2024-10-26 04:17:09.389999866+00:00,2024-10-26 06:17:09.389999866+02:00
1729916243.79,3250099200000.0,4455,2024-10-26 04:17:23.789999962+00:00,2024-10-26 06:17:23.789999962+02:00
1729916258.1899998,3223283200000.0,4455,2024-10-26 04:17:38.189999819+00:00,2024-10-26 06:17:38.189999819+02:00
1729916272.59,3252780800000.0,4455,2024-10-26 04:17:52.589999914+00:00,2024-10-26 06:17:52.589999914+02:00
1729916286.99,3237529200000.0,4455,2024-10-26 04:18:06.990000010+00:00,2024-10-26 06:18:06.990000010+02:00
1729916301.3899999,3218590400000.0,4455,2024-10-26 04:18:21.389999866+00:00,2024-10-26 06:18:21.389999866+02:00
1729916315.79,3248842200000.0,4455,2024-10-26 04:18:35.789999962+00:00,2024-10-26 06:18:35.789999962+02:00
1729916330.1899998,3224121200000.0,4455,2024-10-26 04:18:50.189999819+00:00,2024-10-26 06:18:50.189999819+02:00
1729916344.59,3264345200000.0,4455,2024-10-26 04:19:04.589999914+00:00,2024-10-26 06:19:04.589999914+02:00
1729916358.99,3284373400000.0,4455,2024-10-26 04:19:18.990000010+00:00,2024-10-26 06:19:18.990000010+02:00
1729916373.3899999,3230825200000.0,4455,2024-10-26 04:19:33.389999866+00:00,2024-10-26 06:19:33.389999866+02:00
1729916387.79,3254037800000.0,4455,2024-10-26 04:19:47.789999962+00:00,2024-10-26 06:19:47.789999962+02:00
1729916402.1899998,3254792000000.0,4455,2024-10-26 04:20:02.189999819+00:00,2024-10-26 06:20:02.189999819+02:00
1729916416.59,3236775000000.0,4455,2024-10-26 04:20:16.589999914+00:00,2024-10-26 06:20:16.589999914+02:00
1729916430.99,3238451000000.0,4455,2024-10-26 04:20:30.990000010+00:00,2024-10-26 06:20:30.990000010+02:00
1729916445.3899999,3254373000000.0,4455,2024-10-26 04:20:45.389999866+00:00,2024-10-26 06:20:45.389999866+02:00
1729916459.79,3239624200000.0,4455,2024-10-26 04:20:59.789999962+00:00,2024-10-26 06:20:59.789999962+02:00
1729916474.1899998,3226132400000.0,4455,2024-10-26 04:21:14.189999819+00:00,2024-10-26 06:21:14.189999819+02:00
1729916488.59,3242976200000.0,4455,2024-10-26 04:21:28.589999914+00:00,2024-10-26 06:21:28.589999914+02:00
1729916502.99,3249093600000.0,4455,2024-10-26 04:21:42.990000010+00:00,2024-10-26 06:21:42.990000010+02:00
1729916517.3899999,3241719200000.0,4455,2024-10-26 04:21:57.389999866+00:00,2024-10-26 06:21:57.389999866+02:00
1729916531.79,3252194200000.0,4455,2024-10-26 04:22:11.789999962+00:00,2024-10-26 06:22:11.789999962+02:00
1729916546.1899998,3256719400000.0,4455,2024-10-26 04:22:26.189999819+00:00,2024-10-26 06:22:26.189999819+02:00
1729916560.59,3230573800000.0,4455,2024-10-26 04:22:40.589999914+00:00,2024-10-26 06:22:40.589999914+02:00
1729916574.99,3239205200000.0,4455,2024-10-26 04:22:54.990000010+00:00,2024-10-26 06:22:54.990000010+02:00
1729916589.3899999,3250769600000.0,4455,2024-10-26 04:23:09.389999866+00:00,2024-10-26 06:23:09.389999866+02:00
1729916603.79,3247250000000.0,4455,2024-10-26 04:23:23.789999962+00:00,2024-10-26 06:23:23.789999962+02:00
1729916618.1899998,3283954400000.0,4455,2024-10-26 04:23:38.189999819+00:00,2024-10-26 06:23:38.189999819+02:00
1729916632.59,3227724600000.0,4455,2024-10-26 04:23:52.589999914+00:00,2024-10-26 06:23:52.589999914+02:00
1729916646.99,3247669000000.0,4455,2024-10-26 04:24:06.990000010+00:00,2024-10-26 06:24:06.990000010+02:00
1729916661.3899999,3268200000000.0,4455,2024-10-26 04:24:21.389999866+00:00,2024-10-26 06:24:21.389999866+02:00
1729916675.79,3262501600000.0,4455,2024-10-26 04:24:35.789999962+00:00,2024-10-26 06:24:35.789999962+02:00
1729916690.1899998,3259568600000.0,4455,2024-10-26 04:24:50.189999819+00:00,2024-10-26 06:24:50.189999819+02:00
1729916704.59,3254456800000.0,4455,2024-10-26 04:25:04.589999914+00:00,2024-10-26 06:25:04.589999914+02:00
1729916718.99,3250350600000.0,4455,2024-10-26 04:25:18.990000010+00:00,2024-10-26 06:25:18.990000010+02:00
1729916733.3899999,3275574400000.0,4455,2024-10-26 04:25:33.389999866+00:00,2024-10-26 06:25:33.389999866+02:00
1729916747.79,3246998600000.0,4455,2024-10-26 04:25:47.789999962+00:00,2024-10-26 06:25:47.789999962+02:00
1729916762.1899998,3249261200000.0,4455,2024-10-26 04:26:02.189999819+00:00,2024-10-26 06:26:02.189999819+02:00
1729916776.59,3260741800000.0,4455,2024-10-26 04:26:16.589999914+00:00,2024-10-26 06:26:16.589999914+02:00
1729916790.99,3258144000000.0,4455,2024-10-26 04:26:30.990000010+00:00,2024-10-26 06:26:30.990000010+02:00
1729916805.3899999,3248674600000.0,4455,2024-10-26 04:26:45.389999866+00:00,2024-10-26 06:26:45.389999866+02:00
1729916819.79,3263842400000.0,4455,2024-10-26 04:26:59.789999962+00:00,2024-10-26 06:26:59.789999962+02:00
1729916834.1899998,3255630000000.0,4455,2024-10-26 04:27:14.189999819+00:00,2024-10-26 06:27:14.189999819+02:00
1729916848.59,3260239000000.0,4455,2024-10-26 04:27:28.589999914+00:00,2024-10-26 06:27:28.589999914+02:00
1729916862.99,3243730400000.0,4455,2024-10-26 04:27:42.990000010+00:00,2024-10-26 06:27:42.990000010+02:00
1729916877.3899999,3254373000000.0,4455,2024-10-26 04:27:57.389999866+00:00,2024-10-26 06:27:57.389999866+02:00
1729916891.79,3186997800000.0,4455,2024-10-26 04:28:11.789999962+00:00,2024-10-26 06:28:11.789999962+02:00
1729916906.1899998,3276915200000.0,4455,2024-10-26 04:28:26.189999819+00:00,2024-10-26 06:28:26.189999819+02:00
1729916920.59,3272725200000.0,4455,2024-10-26 04:28:40.589999914+00:00,2024-10-26 06:28:40.589999914+02:00
1729916934.99,3298451800000.0,4455,2024-10-26 04:28:54.990000010+00:00,2024-10-26 06:28:54.990000010+02:00
1729916949.3899999,3267781000000.0,4455,2024-10-26 04:29:09.389999866+00:00,2024-10-26 06:29:09.389999866+02:00
1729916963.79,3260574200000.0,4455,2024-10-26 04:29:23.789999962+00:00,2024-10-26 06:29:23.789999962+02:00
1729916978.1899998,3263507200000.0,4455,2024-10-26 04:29:38.189999819+00:00,2024-10-26 06:29:38.189999819+02:00
1729916992.59,3255881400000.0,4455,2024-10-26 04:29:52.589999914+00:00,2024-10-26 06:29:52.589999914+02:00
1729917006.99,3275323000000.0,4455,2024-10-26 04:30:06.990000010+00:00,2024-10-26 06:30:06.990000010+02:00
1729917021.3899999,3266105000000.0,4455,2024-10-26 04:30:21.389999866+00:00,2024-10-26 06:30:21.389999866+02:00
1729917035.79,3262334000000.0,4455,2024-10-26 04:30:35.789999962+00:00,2024-10-26 06:30:35.789999962+02:00
1729917050.1899998,3278172200000.0,4455,2024-10-26 04:30:50.189999819+00:00,2024-10-26 06:30:50.189999819+02:00
1729917064.59,3253032200000.0,4455,2024-10-26 04:31:04.589999914+00:00,2024-10-26 06:31:04.589999914+02:00
1729917078.99,3254792000000.0,4455,2024-10-26 04:31:18.990000010+00:00,2024-10-26 06:31:18.990000010+02:00
1729917093.3899999,3281524200000.0,4455,2024-10-26 04:31:33.389999866+00:00,2024-10-26 06:31:33.389999866+02:00
1729917107.79,3239959400000.0,4455,2024-10-26 04:31:47.789999962+00:00,2024-10-26 06:31:47.789999962+02:00
1729917122.1899998,3247501400000.0,4455,2024-10-26 04:32:02.189999819+00:00,2024-10-26 06:32:02.189999819+02:00
1729917136.59,3266524000000.0,4455,2024-10-26 04:32:16.589999914+00:00,2024-10-26 06:32:16.589999914+02:00
1729917150.99,3240210800000.0,4455,2024-10-26 04:32:30.990000010+00:00,2024-10-26 06:32:30.990000010+02:00
1729917179.79,3055599400000.0,4455,2024-10-26 04:32:59.789999962+00:00,2024-10-26 06:32:59.789999962+02:00
1729917208.59,3330379600000.0,4455,2024-10-26 04:33:28.589999914+00:00,2024-10-26 06:33:28.589999914+02:00
1729917237.3899999,3304653000000.0,4455,2024-10-26 04:33:57.389999866+00:00,2024-10-26 06:33:57.389999866+02:00
1729917266.1899998,3311943600000.0,4455,2024-10-26 04:34:26.189999819+00:00,2024-10-26 06:34:26.189999819+02:00
1729917294.99,3312278800000.0,4455,2024-10-26 04:34:54.990000010+00:00,2024-10-26 06:34:54.990000010+02:00
1729917323.79,3332223200000.0,4455,2024-10-26 04:35:23.789999962+00:00,2024-10-26 06:35:23.789999962+02:00
1729917352.59,3297530000000.0,4455,2024-10-26 04:35:52.589999914+00:00,2024-10-26 06:35:52.589999914+02:00
1729917381.3899999,3301049600000.0,4455,2024-10-26 04:36:21.389999866+00:00,2024-10-26 06:36:21.389999866+02:00
1729917410.1899998,3320994000000.0,4455,2024-10-26 04:36:50.189999819+00:00,2024-10-26 06:36:50.189999819+02:00
1729917438.99,3305491000000.0,4455,2024-10-26 04:37:18.990000010+00:00,2024-10-26 06:37:18.990000010+02:00
1729917467.79,3308256400000.0,4455,2024-10-26 04:37:47.789999962+00:00,2024-10-26 06:37:47.789999962+02:00
1729917496.59,3314541400000.0,4455,2024-10-26 04:38:16.589999914+00:00,2024-10-26 06:38:16.589999914+02:00
1729917525.3899999,3291915400000.0,4455,2024-10-26 04:38:45.389999866+00:00,2024-10-26 06:38:45.389999866+02:00
1729917554.1899998,3301301000000.0,4455,2024-10-26 04:39:14.189999819+00:00,2024-10-26 06:39:14.189999819+02:00
1729917582.99,3296943400000.0,4455,2024-10-26 04:39:42.990000010+00:00,2024-10-26 06:39:42.990000010+02:00
1729917611.79,3298200400000.0,4455,2024-10-26 04:40:11.789999962+00:00,2024-10-26 06:40:11.789999962+02:00
1729917640.59,3273479400000.0,4455,2024-10-26 04:40:40.589999914+00:00,2024-10-26 06:40:40.589999914+02:00
1729917669.3899999,3289317600000.0,4455,2024-10-26 04:41:09.389999866+00:00,2024-10-26 06:41:09.389999866+02:00
1729917698.1899998,3294094200000.0,4455,2024-10-26 04:41:38.189999819+00:00,2024-10-26 06:41:38.189999819+02:00
1729917726.99,3255462400000.0,4455,2024-10-26 04:42:06.990000010+00:00,2024-10-26 06:42:06.990000010+02:00
1729917755.79,3256384200000.0,4455,2024-10-26 04:42:35.789999962+00:00,2024-10-26 06:42:35.789999962+02:00
1729917784.59,3282278400000.0,4455,2024-10-26 04:43:04.589999914+00:00,2024-10-26 06:43:04.589999914+02:00
1729917813.3899999,3294848400000.0,4455,2024-10-26 04:43:33.389999866+00:00,2024-10-26 06:43:33.389999866+02:00
1729917842.1899998,3285127600000.0,4455,2024-10-26 04:44:02.189999819+00:00,2024-10-26 06:44:02.189999819+02:00
1729917870.99,3283116400000.0,4455,2024-10-26 04:44:30.990000010+00:00,2024-10-26 06:44:30.990000010+02:00
1729917899.79,3260155200000.0,4455,2024-10-26 04:44:59.789999962+00:00,2024-10-26 06:44:59.789999962+02:00
1729917928.59,3250685800000.0,4455,2024-10-26 04:45:28.589999914+00:00,2024-10-26 06:45:28.589999914+02:00
1729917957.3899999,3257054600000.0,4455,2024-10-26 04:45:57.389999866+00:00,2024-10-26 06:45:57.389999866+02:00
1729917986.1899998,3261077000000.0,4455,2024-10-26 04:46:26.189999819+00:00,2024-10-26 06:46:26.189999819+02:00
1729918014.99,3269540800000.0,4455,2024-10-26 04:46:54.990000010+00:00,2024-10-26 06:46:54.990000010+02:00
1729918043.79,3270378800000.0,4455,2024-10-26 04:47:23.789999962+00:00,2024-10-26 06:47:23.789999962+02:00
1729918072.59,3288898600000.0,4455,2024-10-26 04:47:52.589999914+00:00,2024-10-26 06:47:52.589999914+02:00
1729918101.3899999,3257976400000.0,4455,2024-10-26 04:48:21.389999866+00:00,2024-10-26 06:48:21.389999866+02:00
1729918130.1899998,3232752600000.0,4455,2024-10-26 04:48:50.189999819+00:00,2024-10-26 06:48:50.189999819+02:00
1729918158.99,3244652200000.0,4455,2024-10-26 04:49:18.990000010+00:00,2024-10-26 06:49:18.990000010+02:00
1729918187.79,3270546400000.0,4455,2024-10-26 04:49:47.789999962+00:00,2024-10-26 06:49:47.789999962+02:00
1729918216.59,3275825800000.0,4455,2024-10-26 04:50:16.589999914+00:00,2024-10-26 06:50:16.589999914+02:00
1729918245.3899999,3269876000000.0,4455,2024-10-26 04:50:45.389999866+00:00,2024-10-26 06:50:45.389999866+02:00
1729918274.1899998,3259568600000.0,4455,2024-10-26 04:51:14.189999819+00:00,2024-10-26 06:51:14.189999819+02:00
1729918302.99,3289569000000.0,4455,2024-10-26 04:51:42.990000010+00:00,2024-10-26 06:51:42.990000010+02:00
1729918331.79,3258898200000.0,4455,2024-10-26 04:52:11.789999962+00:00,2024-10-26 06:52:11.789999962+02:00
1729918360.59,3225043000000.0,4455,2024-10-26 04:52:40.589999914+00:00,2024-10-26 06:52:40.589999914+02:00
1729918389.3899999,3255378600000.0,4455,2024-10-26 04:53:09.389999866+00:00,2024-10-26 06:53:09.389999866+02:00
1729918418.1899998,3224707800000.0,4455,2024-10-26 04:53:38.189999819+00:00,2024-10-26 06:53:38.189999819+02:00
1729918446.99,3255211000000.0,4455,2024-10-26 04:54:06.990000010+00:00,2024-10-26 06:54:06.990000010+02:00
1729918475.79,3244987400000.0,4455,2024-10-26 04:54:35.789999962+00:00,2024-10-26 06:54:35.789999962+02:00
1729918504.59,3231076600000.0,4455,2024-10-26 04:55:04.589999914+00:00,2024-10-26 06:55:04.589999914+02:00
1729918533.3899999,3226048600000.0,4455,2024-10-26 04:55:33.389999866+00:00,2024-10-26 06:55:33.389999866+02:00
1729918562.1899998,3279764400000.0,4455,2024-10-26 04:56:02.189999819+00:00,2024-10-26 06:56:02.189999819+02:00
1729918590.99,3244317000000.0,4455,2024-10-26 04:56:30.990000010+00:00,2024-10-26 06:56:30.990000010+02:00
1729918619.79,3219931200000.0,4455,2024-10-26 04:56:59.789999962+00:00,2024-10-26 06:56:59.789999962+02:00
1729918648.59,3226383800000.0,4455,2024-10-26 04:57:28.589999914+00:00,2024-10-26 06:57:28.589999914+02:00
1729918677.3899999,3232920200000.0,4455,2024-10-26 04:57:57.389999866+00:00,2024-10-26 06:57:57.389999866+02:00
1729918706.1899998,3256635600000.0,4455,2024-10-26 04:58:26.189999819+00:00,2024-10-26 06:58:26.189999819+02:00
1729918734.99,3244484600000.0,4455,2024-10-26 04:58:54.990000010+00:00,2024-10-26 06:58:54.990000010+02:00
1729918763.79,3244903600000.0,4455,2024-10-26 04:59:23.789999962+00:00,2024-10-26 06:59:23.789999962+02:00
1729918792.59,3255965200000.0,4455,2024-10-26 04:59:52.589999914+00:00,2024-10-26 06:59:52.589999914+02:00
1729918821.3899999,3265853600000.0,4455,2024-10-26 05:00:21.389999866+00:00,2024-10-26 07:00:21.389999866+02:00
1729918850.1899998,3259568600000.0,4455,2024-10-26 05:00:50.189999819+00:00,2024-10-26 07:00:50.189999819+02:00
1729918878.99,3235350400000.0,4455,2024-10-26 05:01:18.990000010+00:00,2024-10-26 07:01:18.990000010+02:00
1729918907.79,3225964800000.0,4455,2024-10-26 05:01:47.789999962+00:00,2024-10-26 07:01:47.789999962+02:00
1729918936.59,3257473600000.0,4455,2024-10-26 05:02:16.589999914+00:00,2024-10-26 07:02:16.589999914+02:00
1729918965.3899999,2849200000.0,4455,2024-10-26 05:02:45.389999866+00:00,2024-10-26 07:02:45.389999866+02:00
1729918994.1899998,3249009800000.0,4455,2024-10-26 05:03:14.189999819+00:00,2024-10-26 07:03:14.189999819+02:00
1729919022.99,3248926000000.0,4455,2024-10-26 05:03:42.990000010+00:00,2024-10-26 07:03:42.990000010+02:00
1729919051.79,3231830800000.0,4455,2024-10-26 05:04:11.789999962+00:00,2024-10-26 07:04:11.789999962+02:00
1729919080.59,3222864200000.0,4455,2024-10-26 05:04:40.589999914+00:00,2024-10-26 07:04:40.589999914+02:00
1729919109.3899999,3254289200000.0,4455,2024-10-26 05:05:09.389999866+00:00,2024-10-26 07:05:09.389999866+02:00
1729919138.1899998,3264680400000.0,4455,2024-10-26 05:05:38.189999819+00:00,2024-10-26 07:05:38.189999819+02:00
1729919152.59,3234596200000.0,4455,2024-10-26 05:05:52.589999914+00:00,2024-10-26 07:05:52.589999914+02:00
1729919166.99,3211635000000.0,4455,2024-10-26 05:06:06.990000010+00:00,2024-10-26 07:06:06.990000010+02:00
1729919181.3899999,3138477600000.0,4455,2024-10-26 05:06:21.389999866+00:00,2024-10-26 07:06:21.389999866+02:00
1729919195.79,3158673400000.0,4455,2024-10-26 05:06:35.789999962+00:00,2024-10-26 07:06:35.789999962+02:00
1729919210.1899998,3163031000000.0,4455,2024-10-26 05:06:50.189999819+00:00,2024-10-26 07:06:50.189999819+02:00
1729919224.59,3169232200000.0,4455,2024-10-26 05:07:04.589999914+00:00,2024-10-26 07:07:04.589999914+02:00
1729919238.99,3163785200000.0,4455,2024-10-26 05:07:18.990000010+00:00,2024-10-26 07:07:18.990000010+02:00
1729919253.3899999,3125404800000.0,4455,2024-10-26 05:07:33.389999866+00:00,2024-10-26 07:07:33.389999866+02:00
1729919267.79,3143086600000.0,4455,2024-10-26 05:07:47.789999962+00:00,2024-10-26 07:07:47.789999962+02:00
1729919282.1899998,3173170800000.0,4455,2024-10-26 05:08:02.189999819+00:00,2024-10-26 07:08:02.189999819+02:00
1729919296.59,3182472600000.0,4455,2024-10-26 05:08:16.589999914+00:00,2024-10-26 07:08:16.589999914+02:00
1729919310.99,3157081200000.0,4455,2024-10-26 05:08:30.990000010+00:00,2024-10-26 07:08:30.990000010+02:00
1729919325.3899999,3150461000000.0,4455,2024-10-26 05:08:45.389999866+00:00,2024-10-26 07:08:45.389999866+02:00
1729919339.79,3140991600000.0,4455,2024-10-26 05:08:59.789999962+00:00,2024-10-26 07:08:59.789999962+02:00
1729919354.1899998,3192863800000.0,4455,2024-10-26 05:09:14.189999819+00:00,2024-10-26 07:09:14.189999819+02:00
1729919368.59,3188171000000.0,4455,2024-10-26 05:09:28.589999914+00:00,2024-10-26 07:09:28.589999914+02:00
1729919382.99,3173254600000.0,4455,2024-10-26 05:09:42.990000010+00:00,2024-10-26 07:09:42.990000010+02:00
1729919397.3899999,3184902800000.0,4455,2024-10-26 05:09:57.389999866+00:00,2024-10-26 07:09:57.389999866+02:00
1729919411.79,3171746200000.0,4455,2024-10-26 05:10:11.789999962+00:00,2024-10-26 07:10:11.789999962+02:00
1729919426.1899998,3169399800000.0,4455,2024-10-26 05:10:26.189999819+00:00,2024-10-26 07:10:26.189999819+02:00
1729919440.59,3174092600000.0,4455,2024-10-26 05:10:40.589999914+00:00,2024-10-26 07:10:40.589999914+02:00
1729919454.99,3183645800000.0,4455,2024-10-26 05:10:54.990000010+00:00,2024-10-26 07:10:54.990000010+02:00
1729919469.3899999,3190266000000.0,4455,2024-10-26 05:11:09.389999866+00:00,2024-10-26 07:11:09.389999866+02:00
1729919483.79,3171746200000.0,4455,2024-10-26 05:11:23.789999962+00:00,2024-10-26 07:11:23.789999962+02:00
1729919498.1899998,3200741000000.0,4455,2024-10-26 05:11:38.189999819+00:00,2024-10-26 07:11:38.189999819+02:00
1729919512.59,3197808000000.0,4455,2024-10-26 05:11:52.589999914+00:00,2024-10-26 07:11:52.589999914+02:00
1729919526.99,3183226800000.0,4455,2024-10-26 05:12:06.990000010+00:00,2024-10-26 07:12:06.990000010+02:00
1729919541.3899999,3183394400000.0,4455,2024-10-26 05:12:21.389999866+00:00,2024-10-26 07:12:21.389999866+02:00
1729919555.79,3203422600000.0,4455,2024-10-26 05:12:35.789999962+00:00,2024-10-26 07:12:35.789999962+02:00
1729919570.1899998,3177109400000.0,4455,2024-10-26 05:12:50.189999819+00:00,2024-10-26 07:12:50.189999819+02:00
1729919584.59,3192612400000.0,4455,2024-10-26 05:13:04.589999914+00:00,2024-10-26 07:13:04.589999914+02:00
1729919598.99,3208618200000.0,4455,2024-10-26 05:13:18.990000010+00:00,2024-10-26 07:13:18.990000010+02:00
1729919613.3899999,3156410800000.0,4455,2024-10-26 05:13:33.389999866+00:00,2024-10-26 07:13:33.389999866+02:00
1729919627.79,3205098600000.0,4455,2024-10-26 05:13:47.789999962+00:00,2024-10-26 07:13:47.789999962+02:00
1729919642.1899998,3209875200000.0,4455,2024-10-26 05:14:02.189999819+00:00,2024-10-26 07:14:02.189999819+02:00
1729919656.59,3187249200000.0,4455,2024-10-26 05:14:16.589999914+00:00,2024-10-26 07:14:16.589999914+02:00
1729919670.99,3183729600000.0,4455,2024-10-26 05:14:30.990000010+00:00,2024-10-26 07:14:30.990000010+02:00
1729919685.3899999,3195545400000.0,4455,2024-10-26 05:14:45.389999866+00:00,2024-10-26 07:14:45.389999866+02:00
1729919699.79,3203338800000.0,4455,2024-10-26 05:14:59.789999962+00:00,2024-10-26 07:14:59.789999962+02:00
1729919714.1899998,3200824800000.0,4455,2024-10-26 05:15:14.189999819+00:00,2024-10-26 07:15:14.189999819+02:00
1729919728.59,3189763200000.0,4455,2024-10-26 05:15:28.589999914+00:00,2024-10-26 07:15:28.589999914+02:00
1729919742.99,3220936800000.0,4455,2024-10-26 05:15:42.990000010+00:00,2024-10-26 07:15:42.990000010+02:00
1729919757.3899999,3228562600000.0,4455,2024-10-26 05:15:57.389999866+00:00,2024-10-26 07:15:57.389999866+02:00
1729919771.79,3217920000000.0,4455,2024-10-26 05:16:11.789999962+00:00,2024-10-26 07:16:11.789999962+02:00
1729919786.1899998,3192361000000.0,4455,2024-10-26 05:16:26.189999819+00:00,2024-10-26 07:16:26.189999819+02:00
1729919800.59,3224959200000.0,4455,2024-10-26 05:16:40.589999914+00:00,2024-10-26 07:16:40.589999914+02:00
1729919814.99,3240629800000.0,4455,2024-10-26 05:16:54.990000010+00:00,2024-10-26 07:16:54.990000010+02:00
1729919829.3899999,3215322200000.0,4455,2024-10-26 05:17:09.389999866+00:00,2024-10-26 07:17:09.389999866+02:00
1729919843.79,3216244000000.0,4455,2024-10-26 05:17:23.789999962+00:00,2024-10-26 07:17:23.789999962+02:00
1729919858.1899998,3225126800000.0,4455,2024-10-26 05:17:38.189999819+00:00,2024-10-26 07:17:38.189999819+02:00
1729919872.59,3236188400000.0,4455,2024-10-26 05:17:52.589999914+00:00,2024-10-26 07:17:52.589999914+02:00
1729919886.99,3213478600000.0,4455,2024-10-26 05:18:06.990000010+00:00,2024-10-26 07:18:06.990000010+02:00
1729919901.3899999,3218339000000.0,4455,2024-10-26 05:18:21.389999866+00:00,2024-10-26 07:18:21.389999866+02:00
1729919915.79,3287725400000.0,4455,2024-10-26 05:18:35.789999962+00:00,2024-10-26 07:18:35.789999962+02:00
1729919930.1899998,3232417400000.0,4455,2024-10-26 05:18:50.189999819+00:00,2024-10-26 07:18:50.189999819+02:00
1729919944.59,3219931200000.0,4455,2024-10-26 05:19:04.589999914+00:00,2024-10-26 07:19:04.589999914+02:00
1729919958.99,3224624000000.0,4455,2024-10-26 05:19:18.990000010+00:00,2024-10-26 07:19:18.990000010+02:00
1729919973.3899999,3208450600000.0,4455,2024-10-26 05:19:33.389999866+00:00,2024-10-26 07:19:33.389999866+02:00
1729919987.79,3240546000000.0,4455,2024-10-26 05:19:47.789999962+00:00,2024-10-26 07:19:47.789999962+02:00
1729920002.1899998,3211467400000.0,4455,2024-10-26 05:20:02.189999819+00:00,2024-10-26 07:20:02.189999819+02:00
1729920016.59,3219596000000.0,4455,2024-10-26 05:20:16.589999914+00:00,2024-10-26 07:20:16.589999914+02:00
1729920030.99,3227054200000.0,4455,2024-10-26 05:20:30.990000010+00:00,2024-10-26 07:20:30.990000010+02:00
1729920045.3899999,3222780400000.0,4455,2024-10-26 05:20:45.389999866+00:00,2024-10-26 07:20:45.389999866+02:00
1729920059.79,3226551400000.0,4455,2024-10-26 05:20:59.789999962+00:00,2024-10-26 07:20:59.789999962+02:00
1729920074.1899998,3233590600000.0,4455,2024-10-26 05:21:14.189999819+00:00,2024-10-26 07:21:14.189999819+02:00
1729920088.59,3221691000000.0,4455,2024-10-26 05:21:28.589999914+00:00,2024-10-26 07:21:28.589999914+02:00
1729920102.99,3243227600000.0,4455,2024-10-26 05:21:42.990000010+00:00,2024-10-26 07:21:42.990000010+02:00
1729920117.3899999,3226467600000.0,4455,2024-10-26 05:21:57.389999866+00:00,2024-10-26 07:21:57.389999866+02:00
1729920131.79,3262836800000.0,4455,2024-10-26 05:22:11.789999962+00:00,2024-10-26 07:22:11.789999962+02:00
1729920146.1899998,3265686000000.0,4455,2024-10-26 05:22:26.189999819+00:00,2024-10-26 07:22:26.189999819+02:00
1729920160.59,3250769600000.0,4455,2024-10-26 05:22:40.589999914+00:00,2024-10-26 07:22:40.589999914+02:00
1729920174.99,3233758200000.0,4455,2024-10-26 05:22:54.990000010+00:00,2024-10-26 07:22:54.990000010+02:00
1729920189.3899999,3247166200000.0,4455,2024-10-26 05:23:09.389999866+00:00,2024-10-26 07:23:09.389999866+02:00
1729920203.79,3258814400000.0,4455,2024-10-26 05:23:23.789999962+00:00,2024-10-26 07:23:23.789999962+02:00
1729920218.1899998,3247920400000.0,4455,2024-10-26 05:23:38.189999819+00:00,2024-10-26 07:23:38.189999819+02:00
1729920232.59,3239624200000.0,4455,2024-10-26 05:23:52.589999914+00:00,2024-10-26 07:23:52.589999914+02:00
1729920246.99,3245993000000.0,4455,2024-10-26 05:24:06.990000010+00:00,2024-10-26 07:24:06.990000010+02:00
1729920261.3899999,3246579600000.0,4455,2024-10-26 05:24:21.389999866+00:00,2024-10-26 07:24:21.389999866+02:00
1729920275.79,3250937200000.0,4455,2024-10-26 05:24:35.789999962+00:00,2024-10-26 07:24:35.789999962+02:00
1729920290.1899998,3210797000000.0,4455,2024-10-26 05:24:50.189999819+00:00,2024-10-26 07:24:50.189999819+02:00
1729920304.59,3218422800000.0,4455,2024-10-26 05:25:04.589999914+00:00,2024-10-26 07:25:04.589999914+02:00
1729920318.99,3258060200000.0,4455,2024-10-26 05:25:18.990000010+00:00,2024-10-26 07:25:18.990000010+02:00
1729920333.3899999,3256216600000.0,4455,2024-10-26 05:25:33.389999866+00:00,2024-10-26 07:25:33.389999866+02:00
1729920347.79,3233255400000.0,4455,2024-10-26 05:25:47.789999962+00:00,2024-10-26 07:25:47.789999962+02:00
1729920362.1899998,3259233400000.0,4455,2024-10-26 05:26:02.189999819+00:00,2024-10-26 07:26:02.189999819+02:00
1729920376.59,3251021000000.0,4455,2024-10-26 05:26:16.589999914+00:00,2024-10-26 07:26:16.589999914+02:00
1729920390.99,3248926000000.0,4455,2024-10-26 05:26:30.990000010+00:00,2024-10-26 07:26:30.990000010+02:00
1729920405.3899999,3241886800000.0,4455,2024-10-26 05:26:45.389999866+00:00,2024-10-26 07:26:45.389999866+02:00
1729920419.79,3252697000000.0,4455,2024-10-26 05:26:59.789999962+00:00,2024-10-26 07:26:59.789999962+02:00
1729920434.1899998,3246076800000.0,4455,2024-10-26 05:27:14.189999819+00:00,2024-10-26 07:27:14.189999819+02:00
1729920448.59,3264931800000.0,4455,2024-10-26 05:27:28.589999914+00:00,2024-10-26 07:27:28.589999914+02:00
1729920462.99,3260155200000.0,4455,2024-10-26 05:27:42.990000010+00:00,2024-10-26 07:27:42.990000010+02:00
1729920477.3899999,3263758600000.0,4455,2024-10-26 05:27:57.389999866+00:00,2024-10-26 07:27:57.389999866+02:00
1729920491.79,3232333600000.0,4455,2024-10-26 05:28:11.789999962+00:00,2024-10-26 07:28:11.789999962+02:00
1729920506.1899998,3286719800000.0,4455,2024-10-26 05:28:26.189999819+00:00,2024-10-26 07:28:26.189999819+02:00
1729920520.59,3252948400000.0,4455,2024-10-26 05:28:40.589999914+00:00,2024-10-26 07:28:40.589999914+02:00
1729920534.99,3268870400000.0,4455,2024-10-26 05:28:54.990000010+00:00,2024-10-26 07:28:54.990000010+02:00
1729920549.3899999,3245657800000.0,4455,2024-10-26 05:29:09.389999866+00:00,2024-10-26 07:29:09.389999866+02:00
1729920563.79,3248339400000.0,4455,2024-10-26 05:29:23.789999962+00:00,2024-10-26 07:29:23.789999962+02:00
1729920578.1899998,3286133200000.0,4455,2024-10-26 05:29:38.189999819+00:00,2024-10-26 07:29:38.189999819+02:00
1729920592.59,3268200000000.0,4455,2024-10-26 05:29:52.589999914+00:00,2024-10-26 07:29:52.589999914+02:00
1729920606.99,3282781200000.0,4455,2024-10-26 05:30:06.990000010+00:00,2024-10-26 07:30:06.990000010+02:00
1729920621.3899999,3241467800000.0,4455,2024-10-26 05:30:21.389999866+00:00,2024-10-26 07:30:21.389999866+02:00
1729920635.79,3261328400000.0,4455,2024-10-26 05:30:35.789999962+00:00,2024-10-26 07:30:35.789999962+02:00
1729920650.1899998,3248255600000.0,4455,2024-10-26 05:30:50.189999819+00:00,2024-10-26 07:30:50.189999819+02:00
1729920664.59,3233171600000.0,4455,2024-10-26 05:31:04.589999914+00:00,2024-10-26 07:31:04.589999914+02:00
1729920678.99,3260993200000.0,4455,2024-10-26 05:31:18.990000010+00:00,2024-10-26 07:31:18.990000010+02:00
1729920693.3899999,3235769400000.0,4455,2024-10-26 05:31:33.389999866+00:00,2024-10-26 07:31:33.389999866+02:00
1729920707.79,3245909200000.0,4455,2024-10-26 05:31:47.789999962+00:00,2024-10-26 07:31:47.789999962+02:00
1729920722.1899998,3246831000000.0,4455,2024-10-26 05:32:02.189999819+00:00,2024-10-26 07:32:02.189999819+02:00
1729920736.59,3295016000000.0,4455,2024-10-26 05:32:16.589999914+00:00,2024-10-26 07:32:16.589999914+02:00
1729920750.99,3225964800000.0,4455,2024-10-26 05:32:30.990000010+00:00,2024-10-26 07:32:30.990000010+02:00
1729920765.3899999,3221272000000.0,4455,2024-10-26 05:32:45.389999866+00:00,2024-10-26 07:32:45.389999866+02:00
1729920779.79,3192109600000.0,4455,2024-10-26 05:32:59.789999962+00:00,2024-10-26 07:32:59.789999962+02:00
1729920794.1899998,3209037200000.0,4455,2024-10-26 05:33:14.189999819+00:00,2024-10-26 07:33:14.189999819+02:00
1729920808.59,3225629600000.0,4455,2024-10-26 05:33:28.589999914+00:00,2024-10-26 07:33:28.589999914+02:00
1729920822.99,3205350000000.0,4455,2024-10-26 05:33:42.990000010+00:00,2024-10-26 07:33:42.990000010+02:00
1729920837.3899999,3247501400000.0,4455,2024-10-26 05:33:57.389999866+00:00,2024-10-26 07:33:57.389999866+02:00
1729920851.79,3212808200000.0,4455,2024-10-26 05:34:11.789999962+00:00,2024-10-26 07:34:11.789999962+02:00
1729920866.1899998,3243562800000.0,4455,2024-10-26 05:34:26.189999819+00:00,2024-10-26 07:34:26.189999819+02:00
1729920880.59,3254037800000.0,4455,2024-10-26 05:34:40.589999914+00:00,2024-10-26 07:34:40.589999914+02:00
1729920894.99,3234680000000.0,4455,2024-10-26 05:34:54.990000010+00:00,2024-10-26 07:34:54.990000010+02:00
1729920909.3899999,3238451000000.0,4455,2024-10-26 05:35:09.389999866+00:00,2024-10-26 07:35:09.389999866+02:00
1729920923.79,3228646400000.0,4455,2024-10-26 05:35:23.789999962+00:00,2024-10-26 07:35:23.789999962+02:00
1729920938.1899998,3246076800000.0,4455,2024-10-26 05:35:38.189999819+00:00,2024-10-26 07:35:38.189999819+02:00
1729920952.59,3248758400000.0,4455,2024-10-26 05:35:52.589999914+00:00,2024-10-26 07:35:52.589999914+02:00
1729920966.99,3248004200000.0,4455,2024-10-26 05:36:06.990000010+00:00,2024-10-26 07:36:06.990000010+02:00
1729920981.3899999,3228730200000.0,4455,2024-10-26 05:36:21.389999866+00:00,2024-10-26 07:36:21.389999866+02:00
1729920995.79,3261831200000.0,4455,2024-10-26 05:36:35.789999962+00:00,2024-10-26 07:36:35.789999962+02:00
1729921024.59,3027694000000.0,4455,2024-10-26 05:37:04.589999914+00:00,2024-10-26 07:37:04.589999914+02:00
1729921053.3899999,3051409400000.0,4455,2024-10-26 05:37:33.389999866+00:00,2024-10-26 07:37:33.389999866+02:00
1729921082.1899998,3053169200000.0,4455,2024-10-26 05:38:02.189999819+00:00,2024-10-26 07:38:02.189999819+02:00
1729921110.99,2990486800000.0,4455,2024-10-26 05:38:30.990000010+00:00,2024-10-26 07:38:30.990000010+02:00
1729921139.79,3000794200000.0,4455,2024-10-26 05:38:59.789999962+00:00,2024-10-26 07:38:59.789999962+02:00
1729921168.59,2990319200000.0,4455,2024-10-26 05:39:28.589999914+00:00,2024-10-26 07:39:28.589999914+02:00
1729921197.3899999,3019230200000.0,4455,2024-10-26 05:39:57.389999866+00:00,2024-10-26 07:39:57.389999866+02:00
1729921226.1899998,3001380800000.0,4455,2024-10-26 05:40:26.189999819+00:00,2024-10-26 07:40:26.189999819+02:00
1729921254.99,3096996600000.0,4455,2024-10-26 05:40:54.990000010+00:00,2024-10-26 07:40:54.990000010+02:00
1729921283.79,2958726600000.0,4455,2024-10-26 05:41:23.789999962+00:00,2024-10-26 07:41:23.789999962+02:00
1729921312.59,3066493400000.0,4455,2024-10-26 05:41:52.589999914+00:00,2024-10-26 07:41:52.589999914+02:00
1729921341.3899999,3009760800000.0,4455,2024-10-26 05:42:21.389999866+00:00,2024-10-26 07:42:21.389999866+02:00
1729921370.1899998,3013196600000.0,4455,2024-10-26 05:42:50.189999819+00:00,2024-10-26 07:42:50.189999819+02:00
1729921398.99,2997609800000.0,4455,2024-10-26 05:43:18.990000010+00:00,2024-10-26 07:43:18.990000010+02:00
1729921427.79,3012693800000.0,4455,2024-10-26 05:43:47.789999962+00:00,2024-10-26 07:43:47.789999962+02:00
1729921456.59,3277837000000.0,4455,2024-10-26 05:44:16.589999914+00:00,2024-10-26 07:44:16.589999914+02:00
1729921485.3899999,3278423600000.0,4455,2024-10-26 05:44:45.389999866+00:00,2024-10-26 07:44:45.389999866+02:00
1729921514.1899998,3273479400000.0,4455,2024-10-26 05:45:14.189999819+00:00,2024-10-26 07:45:14.189999819+02:00
1729921542.99,3279261600000.0,4455,2024-10-26 05:45:42.990000010+00:00,2024-10-26 07:45:42.990000010+02:00
1729921571.79,3271049200000.0,4455,2024-10-26 05:46:11.789999962+00:00,2024-10-26 07:46:11.789999962+02:00
1729921600.59,3263758600000.0,4455,2024-10-26 05:46:40.589999914+00:00,2024-10-26 07:46:40.589999914+02:00
1729921629.3899999,3278926400000.0,4455,2024-10-26 05:47:09.389999866+00:00,2024-10-26 07:47:09.389999866+02:00
1729921658.1899998,3252780800000.0,4455,2024-10-26 05:47:38.189999819+00:00,2024-10-26 07:47:38.189999819+02:00
1729921686.99,3270714000000.0,4455,2024-10-26 05:48:06.990000010+00:00,2024-10-26 07:48:06.990000010+02:00
1729921715.79,3246579600000.0,4455,2024-10-26 05:48:35.789999962+00:00,2024-10-26 07:48:35.789999962+02:00
1729921744.59,3253954000000.0,4455,2024-10-26 05:49:04.589999914+00:00,2024-10-26 07:49:04.589999914+02:00
1729921773.3899999,3243143800000.0,4455,2024-10-26 05:49:33.389999866+00:00,2024-10-26 07:49:33.389999866+02:00
1729921802.1899998,3227892200000.0,4455,2024-10-26 05:50:02.189999819+00:00,2024-10-26 07:50:02.189999819+02:00
1729921830.99,3266356400000.0,4455,2024-10-26 05:50:30.990000010+00:00,2024-10-26 07:50:30.990000010+02:00
1729921859.79,3245741600000.0,4455,2024-10-26 05:50:59.789999962+00:00,2024-10-26 07:50:59.789999962+02:00
1729921888.59,3228395000000.0,4455,2024-10-26 05:51:28.589999914+00:00,2024-10-26 07:51:28.589999914+02:00
1729921917.3899999,3241803000000.0,4455,2024-10-26 05:51:57.389999866+00:00,2024-10-26 07:51:57.389999866+02:00
1729921946.1899998,3243479000000.0,4455,2024-10-26 05:52:26.189999819+00:00,2024-10-26 07:52:26.189999819+02:00
1729921974.99,3237529200000.0,4455,2024-10-26 05:52:54.990000010+00:00,2024-10-26 07:52:54.990000010+02:00
1729922003.79,3198310800000.0,4455,2024-10-26 05:53:23.789999962+00:00,2024-10-26 07:53:23.789999962+02:00
1729922032.59,3252864600000.0,4455,2024-10-26 05:53:52.589999914+00:00,2024-10-26 07:53:52.589999914+02:00
1729922061.3899999,3236607400000.0,4455,2024-10-26 05:54:21.389999866+00:00,2024-10-26 07:54:21.389999866+02:00
1729922090.1899998,3238534800000.0,4455,2024-10-26 05:54:50.189999819+00:00,2024-10-26 07:54:50.189999819+02:00
1729922118.99,3234847600000.0,4455,2024-10-26 05:55:18.990000010+00:00,2024-10-26 07:55:18.990000010+02:00
1729922147.79,3255797600000.0,4455,2024-10-26 05:55:47.789999962+00:00,2024-10-26 07:55:47.789999962+02:00
1729922176.59,3212473000000.0,4455,2024-10-26 05:56:16.589999914+00:00,2024-10-26 07:56:16.589999914+02:00
1729922205.3899999,3242222000000.0,4455,2024-10-26 05:56:45.389999866+00:00,2024-10-26 07:56:45.389999866+02:00
1729922234.1899998,3227640800000.0,4455,2024-10-26 05:57:14.189999819+00:00,2024-10-26 07:57:14.189999819+02:00
1729922262.99,3238953800000.0,4455,2024-10-26 05:57:42.990000010+00:00,2024-10-26 07:57:42.990000010+02:00
1729922291.79,3211635000000.0,4455,2024-10-26 05:58:11.789999962+00:00,2024-10-26 07:58:11.789999962+02:00
1729922320.59,3258395400000.0,4455,2024-10-26 05:58:40.589999914+00:00,2024-10-26 07:58:40.589999914+02:00
1729922349.3899999,3254121600000.0,4455,2024-10-26 05:59:09.389999866+00:00,2024-10-26 07:59:09.389999866+02:00
1729922378.1899998,3218674200000.0,4455,2024-10-26 05:59:38.189999819+00:00,2024-10-26 07:59:38.189999819+02:00
1729922406.99,3235266600000.0,4455,2024-10-26 06:00:06.990000010+00:00,2024-10-26 08:00:06.990000010+02:00
1729922435.79,3242641000000.0,4455,2024-10-26 06:00:35.789999962+00:00,2024-10-26 08:00:35.789999962+02:00
1729922464.59,3230071000000.0,4455,2024-10-26 06:01:04.589999914+00:00,2024-10-26 08:01:04.589999914+02:00
1729922493.3899999,3265015600000.0,4455,2024-10-26 06:01:33.389999866+00:00,2024-10-26 08:01:33.389999866+02:00
1729922522.1899998,3232585000000.0,4455,2024-10-26 06:02:02.189999819+00:00,2024-10-26 08:02:02.189999819+02:00
1729922550.99,3244736000000.0,4455,2024-10-26 06:02:30.990000010+00:00,2024-10-26 08:02:30.990000010+02:00
1729922579.79,3052917800000.0,4455,2024-10-26 06:02:59.789999962+00:00,2024-10-26 08:02:59.789999962+02:00
1729922594.1899998,3158505800000.0,4455,2024-10-26 06:03:14.189999819+00:00,2024-10-26 08:03:14.189999819+02:00
1729922608.59,3125656200000.0,4455,2024-10-26 06:03:28.589999914+00:00,2024-10-26 08:03:28.589999914+02:00
1729922622.99,3155740400000.0,4455,2024-10-26 06:03:42.990000010+00:00,2024-10-26 08:03:42.990000010+02:00
1729922637.3899999,3153896800000.0,4455,2024-10-26 06:03:57.389999866+00:00,2024-10-26 08:03:57.389999866+02:00
1729922651.79,3141913400000.0,4455,2024-10-26 06:04:11.789999962+00:00,2024-10-26 08:04:11.789999962+02:00
1729922666.1899998,3157332600000.0,4455,2024-10-26 06:04:26.189999819+00:00,2024-10-26 08:04:26.189999819+02:00
1729922680.59,3185908400000.0,4455,2024-10-26 06:04:40.589999914+00:00,2024-10-26 08:04:40.589999914+02:00
1729922694.99,3140907800000.0,4455,2024-10-26 06:04:54.990000010+00:00,2024-10-26 08:04:54.990000010+02:00
1729922709.3899999,3146103400000.0,4455,2024-10-26 06:05:09.389999866+00:00,2024-10-26 08:05:09.389999866+02:00
1729922723.79,3131941200000.0,4455,2024-10-26 06:05:23.789999962+00:00,2024-10-26 08:05:23.789999962+02:00
1729922738.1899998,3149623000000.0,4455,2024-10-26 06:05:38.189999819+00:00,2024-10-26 08:05:38.189999819+02:00
1729922752.59,3163031000000.0,4455,2024-10-26 06:05:52.589999914+00:00,2024-10-26 08:05:52.589999914+02:00
1729922766.99,3172500400000.0,4455,2024-10-26 06:06:06.990000010+00:00,2024-10-26 08:06:06.990000010+02:00
1729922781.3899999,3171997600000.0,4455,2024-10-26 06:06:21.389999866+00:00,2024-10-26 08:06:21.389999866+02:00
1729922795.79,3190098400000.0,4455,2024-10-26 06:06:35.789999962+00:00,2024-10-26 08:06:35.789999962+02:00
1729922810.1899998,3152388400000.0,4455,2024-10-26 06:06:50.189999819+00:00,2024-10-26 08:06:50.189999819+02:00
1729922824.59,3173757400000.0,4455,2024-10-26 06:07:04.589999914+00:00,2024-10-26 08:07:04.589999914+02:00
1729922838.99,3153226400000.0,4455,2024-10-26 06:07:18.990000010+00:00,2024-10-26 08:07:18.990000010+02:00
1729922853.3899999,3177947400000.0,4455,2024-10-26 06:07:33.389999866+00:00,2024-10-26 08:07:33.389999866+02:00
1729922867.79,3156410800000.0,4455,2024-10-26 06:07:47.789999962+00:00,2024-10-26 08:07:47.789999962+02:00
1729922882.1899998,3179455800000.0,4455,2024-10-26 06:08:02.189999819+00:00,2024-10-26 08:08:02.189999819+02:00
1729922896.59,3193701800000.0,4455,2024-10-26 06:08:16.589999914+00:00,2024-10-26 08:08:16.589999914+02:00
1729922910.99,3182137400000.0,4455,2024-10-26 06:08:30.990000010+00:00,2024-10-26 08:08:30.990000010+02:00
1729922925.3899999,3190349800000.0,4455,2024-10-26 06:08:45.389999866+00:00,2024-10-26 08:08:45.389999866+02:00
1729922939.79,3195461600000.0,4455,2024-10-26 06:08:59.789999962+00:00,2024-10-26 08:08:59.789999962+02:00
1729922954.1899998,3195461600000.0,4455,2024-10-26 06:09:14.189999819+00:00,2024-10-26 08:09:14.189999819+02:00
1729922968.59,3199651600000.0,4455,2024-10-26 06:09:28.589999914+00:00,2024-10-26 08:09:28.589999914+02:00
1729922982.99,3166885800000.0,4455,2024-10-26 06:09:42.990000010+00:00,2024-10-26 08:09:42.990000010+02:00
1729922997.3899999,3217417200000.0,4455,2024-10-26 06:09:57.389999866+00:00,2024-10-26 08:09:57.389999866+02:00
1729923011.79,3203590200000.0,4455,2024-10-26 06:10:11.789999962+00:00,2024-10-26 08:10:11.789999962+02:00
1729923026.1899998,3187249200000.0,4455,2024-10-26 06:10:26.189999819+00:00,2024-10-26 08:10:26.189999819+02:00
1729923040.59,3211216000000.0,4455,2024-10-26 06:10:40.589999914+00:00,2024-10-26 08:10:40.589999914+02:00
1729923054.99,3205433800000.0,4455,2024-10-26 06:10:54.990000010+00:00,2024-10-26 08:10:54.990000010+02:00
1729923069.3899999,3199567800000.0,4455,2024-10-26 06:11:09.389999866+00:00,2024-10-26 08:11:09.389999866+02:00
1729923083.79,3201160000000.0,4455,2024-10-26 06:11:23.789999962+00:00,2024-10-26 08:11:23.789999962+02:00
1729923098.1899998,3176941800000.0,4455,2024-10-26 06:11:38.189999819+00:00,2024-10-26 08:11:38.189999819+02:00
1729923112.59,3179623400000.0,4455,2024-10-26 06:11:52.589999914+00:00,2024-10-26 08:11:52.589999914+02:00
1729923126.99,3188841400000.0,4455,2024-10-26 06:12:06.990000010+00:00,2024-10-26 08:12:06.990000010+02:00
1729923141.3899999,3191858200000.0,4455,2024-10-26 06:12:21.389999866+00:00,2024-10-26 08:12:21.389999866+02:00
1729923155.79,3208031600000.0,4455,2024-10-26 06:12:35.789999962+00:00,2024-10-26 08:12:35.789999962+02:00
1729923170.1899998,3184316200000.0,4455,2024-10-26 06:12:50.189999819+00:00,2024-10-26 08:12:50.189999819+02:00
1729923184.59,3211551200000.0,4455,2024-10-26 06:13:04.589999914+00:00,2024-10-26 08:13:04.589999914+02:00
1729923198.99,3177612200000.0,4455,2024-10-26 06:13:18.990000010+00:00,2024-10-26 08:13:18.990000010+02:00
1729923213.3899999,3199484000000.0,4455,2024-10-26 06:13:33.389999866+00:00,2024-10-26 08:13:33.389999866+02:00
1729923227.79,3191774400000.0,4455,2024-10-26 06:13:47.789999962+00:00,2024-10-26 08:13:47.789999962+02:00
1729923242.1899998,3200573400000.0,4455,2024-10-26 06:14:02.189999819+00:00,2024-10-26 08:14:02.189999819+02:00
1729923256.59,3210378000000.0,4455,2024-10-26 06:14:16.589999914+00:00,2024-10-26 08:14:16.589999914+02:00
1729923270.99,3221188200000.0,4455,2024-10-26 06:14:30.990000010+00:00,2024-10-26 08:14:30.990000010+02:00
1729923285.3899999,3215154600000.0,4455,2024-10-26 06:14:45.389999866+00:00,2024-10-26 08:14:45.389999866+02:00
1729923299.79,3202836000000.0,4455,2024-10-26 06:14:59.789999962+00:00,2024-10-26 08:14:59.789999962+02:00
1729923314.1899998,3212054000000.0,4455,2024-10-26 06:15:14.189999819+00:00,2024-10-26 08:15:14.189999819+02:00
1729923328.59,3224037400000.0,4455,2024-10-26 06:15:28.589999914+00:00,2024-10-26 08:15:28.589999914+02:00
1729923342.99,3189847000000.0,4455,2024-10-26 06:15:42.990000010+00:00,2024-10-26 08:15:42.990000010+02:00
1729923357.3899999,3208450600000.0,4455,2024-10-26 06:15:57.389999866+00:00,2024-10-26 08:15:57.389999866+02:00
1729923371.79,3203338800000.0,4455,2024-10-26 06:16:11.789999962+00:00,2024-10-26 08:16:11.789999962+02:00
1729923386.1899998,3200741000000.0,4455,2024-10-26 06:16:26.189999819+00:00,2024-10-26 08:16:26.189999819+02:00
1729923400.59,3200741000000.0,4455,2024-10-26 06:16:40.589999914+00:00,2024-10-26 08:16:40.589999914+02:00
1729923414.99,3228478800000.0,4455,2024-10-26 06:16:54.990000010+00:00,2024-10-26 08:16:54.990000010+02:00
1729923429.3899999,3217249600000.0,4455,2024-10-26 06:17:09.389999866+00:00,2024-10-26 08:17:09.389999866+02:00
1729923443.79,3195377800000.0,4455,2024-10-26 06:17:23.789999962+00:00,2024-10-26 08:17:23.789999962+02:00
1729923458.1899998,3219177000000.0,4455,2024-10-26 06:17:38.189999819+00:00,2024-10-26 08:17:38.189999819+02:00
1729923472.59,3220517800000.0,4455,2024-10-26 06:17:52.589999914+00:00,2024-10-26 08:17:52.589999914+02:00
1729923486.99,3225043000000.0,4455,2024-10-26 06:18:06.990000010+00:00,2024-10-26 08:18:06.990000010+02:00
1729923501.3899999,3179707200000.0,4455,2024-10-26 06:18:21.389999866+00:00,2024-10-26 08:18:21.389999866+02:00
1729923515.79,3245406400000.0,4455,2024-10-26 06:18:35.789999962+00:00,2024-10-26 08:18:35.789999962+02:00
1729923530.1899998,3195629200000.0,4455,2024-10-26 06:18:50.189999819+00:00,2024-10-26 08:18:50.189999819+02:00
1729923544.59,3229233000000.0,4455,2024-10-26 06:19:04.589999914+00:00,2024-10-26 08:19:04.589999914+02:00
1729923558.99,3221523400000.0,4455,2024-10-26 06:19:18.990000010+00:00,2024-10-26 08:19:18.990000010+02:00
1729923573.3899999,3196970000000.0,4455,2024-10-26 06:19:33.389999866+00:00,2024-10-26 08:19:33.389999866+02:00
1729923587.79,3212556800000.0,4455,2024-10-26 06:19:47.789999962+00:00,2024-10-26 08:19:47.789999962+02:00
1729923602.1899998,3225378200000.0,4455,2024-10-26 06:20:02.189999819+00:00,2024-10-26 08:20:02.189999819+02:00
1729923616.59,3237613000000.0,4455,2024-10-26 06:20:16.589999914+00:00,2024-10-26 08:20:16.589999914+02:00
1729923630.99,3185321800000.0,4455,2024-10-26 06:20:30.990000010+00:00,2024-10-26 08:20:30.990000010+02:00
1729923645.3899999,3224540200000.0,4455,2024-10-26 06:20:45.389999866+00:00,2024-10-26 08:20:45.389999866+02:00
1729923659.79,3205098600000.0,4455,2024-10-26 06:20:59.789999962+00:00,2024-10-26 08:20:59.789999962+02:00
1729923688.59,3254540600000.0,4455,2024-10-26 06:21:28.589999914+00:00,2024-10-26 08:21:28.589999914+02:00
1729923717.3899999,3270127400000.0,4455,2024-10-26 06:21:57.389999866+00:00,2024-10-26 08:21:57.389999866+02:00
1729923746.1899998,3235182800000.0,4455,2024-10-26 06:22:26.189999819+00:00,2024-10-26 08:22:26.189999819+02:00
1729923774.99,3245993000000.0,4455,2024-10-26 06:22:54.990000010+00:00,2024-10-26 08:22:54.990000010+02:00
1729923803.79,3279010200000.0,4455,2024-10-26 06:23:23.789999962+00:00,2024-10-26 08:23:23.789999962+02:00
1729923832.59,3250434400000.0,4455,2024-10-26 06:23:52.589999914+00:00,2024-10-26 08:23:52.589999914+02:00
1729923861.3899999,3288563400000.0,4455,2024-10-26 06:24:21.389999866+00:00,2024-10-26 08:24:21.389999866+02:00
1729923890.1899998,3256719400000.0,4455,2024-10-26 06:24:50.189999819+00:00,2024-10-26 08:24:50.189999819+02:00
1729923918.99,3272641400000.0,4455,2024-10-26 06:25:18.990000010+00:00,2024-10-26 08:25:18.990000010+02:00
1729923947.79,3237948200000.0,4455,2024-10-26 06:25:47.789999962+00:00,2024-10-26 08:25:47.789999962+02:00
1729923976.59,3228227400000.0,4455,2024-10-26 06:26:16.589999914+00:00,2024-10-26 08:26:16.589999914+02:00
1729924005.3899999,3245574000000.0,4455,2024-10-26 06:26:45.389999866+00:00,2024-10-26 08:26:45.389999866+02:00
1729924034.1899998,3268535200000.0,4455,2024-10-26 06:27:14.189999819+00:00,2024-10-26 08:27:14.189999819+02:00
1729924062.99,3249345000000.0,4455,2024-10-26 06:27:42.990000010+00:00,2024-10-26 08:27:42.990000010+02:00
1729924091.79,3263088200000.0,4455,2024-10-26 06:28:11.789999962+00:00,2024-10-26 08:28:11.789999962+02:00
1729924120.59,3268451400000.0,4455,2024-10-26 06:28:40.589999914+00:00,2024-10-26 08:28:40.589999914+02:00
1729924149.3899999,3251272400000.0,4455,2024-10-26 06:29:09.389999866+00:00,2024-10-26 08:29:09.389999866+02:00
1729924178.1899998,3250099200000.0,4455,2024-10-26 06:29:38.189999819+00:00,2024-10-26 08:29:38.189999819+02:00
1729924206.99,3237445400000.0,4455,2024-10-26 06:30:06.990000010+00:00,2024-10-26 08:30:06.990000010+02:00
1729924235.79,3219344600000.0,4455,2024-10-26 06:30:35.789999962+00:00,2024-10-26 08:30:35.789999962+02:00
1729924264.59,3219344600000.0,4455,2024-10-26 06:31:04.589999914+00:00,2024-10-26 08:31:04.589999914+02:00
1729924293.3899999,3236942600000.0,4455,2024-10-26 06:31:33.389999866+00:00,2024-10-26 08:31:33.389999866+02:00
1729924322.1899998,3232501200000.0,4455,2024-10-26 06:32:02.189999819+00:00,2024-10-26 08:32:02.189999819+02:00
1729924350.99,3219177000000.0,4455,2024-10-26 06:32:30.990000010+00:00,2024-10-26 08:32:30.990000010+02:00
1729924379.79,3224121200000.0,4455,2024-10-26 06:32:59.789999962+00:00,2024-10-26 08:32:59.789999962+02:00
1729924408.59,3198059400000.0,4455,2024-10-26 06:33:28.589999914+00:00,2024-10-26 08:33:28.589999914+02:00
1729924437.3899999,3176187600000.0,4455,2024-10-26 06:33:57.389999866+00:00,2024-10-26 08:33:57.389999866+02:00
1729924466.1899998,3223786000000.0,4455,2024-10-26 06:34:26.189999819+00:00,2024-10-26 08:34:26.189999819+02:00
1729924494.99,3212137800000.0,4455,2024-10-26 06:34:54.990000010+00:00,2024-10-26 08:34:54.990000010+02:00
1729924523.79,3159092400000.0,4455,2024-10-26 06:35:23.789999962+00:00,2024-10-26 08:35:23.789999962+02:00
1729924552.59,3196048200000.0,4455,2024-10-26 06:35:52.589999914+00:00,2024-10-26 08:35:52.589999914+02:00
1729924581.3899999,3211551200000.0,4455,2024-10-26 06:36:21.389999866+00:00,2024-10-26 08:36:21.389999866+02:00
1729924610.1899998,3219428400000.0,4455,2024-10-26 06:36:50.189999819+00:00,2024-10-26 08:36:50.189999819+02:00
1729924638.99,3236858800000.0,4455,2024-10-26 06:37:18.990000010+00:00,2024-10-26 08:37:18.990000010+02:00
1729924667.79,3217417200000.0,4455,2024-10-26 06:37:47.789999962+00:00,2024-10-26 08:37:47.789999962+02:00
1729924696.59,3201411400000.0,4455,2024-10-26 06:38:16.589999914+00:00,2024-10-26 08:38:16.589999914+02:00
1729924725.3899999,3229484400000.0,4455,2024-10-26 06:38:45.389999866+00:00,2024-10-26 08:38:45.389999866+02:00
1729924754.1899998,3215238400000.0,4455,2024-10-26 06:39:14.189999819+00:00,2024-10-26 08:39:14.189999819+02:00
1729924782.99,3229065400000.0,4455,2024-10-26 06:39:42.990000010+00:00,2024-10-26 08:39:42.990000010+02:00
1729924811.79,3230406200000.0,4455,2024-10-26 06:40:11.789999962+00:00,2024-10-26 08:40:11.789999962+02:00
1729924840.59,3200657200000.0,4455,2024-10-26 06:40:40.589999914+00:00,2024-10-26 08:40:40.589999914+02:00
1729924869.3899999,3193115200000.0,4455,2024-10-26 06:41:09.389999866+00:00,2024-10-26 08:41:09.389999866+02:00
1729924898.1899998,3235350400000.0,4455,2024-10-26 06:41:38.189999819+00:00,2024-10-26 08:41:38.189999819+02:00
1729924926.99,3209456200000.0,4455,2024-10-26 06:42:06.990000010+00:00,2024-10-26 08:42:06.990000010+02:00
1729924955.79,3213646200000.0,4455,2024-10-26 06:42:35.789999962+00:00,2024-10-26 08:42:35.789999962+02:00
1729924984.59,3206858400000.0,4455,2024-10-26 06:43:04.589999914+00:00,2024-10-26 08:43:04.589999914+02:00
1729925013.3899999,3188422400000.0,4455,2024-10-26 06:43:33.389999866+00:00,2024-10-26 08:43:33.389999866+02:00
1729925042.1899998,3198897400000.0,4455,2024-10-26 06:44:02.189999819+00:00,2024-10-26 08:44:02.189999819+02:00
1729925070.99,3198562200000.0,4455,2024-10-26 06:44:30.990000010+00:00,2024-10-26 08:44:30.990000010+02:00
1729925099.79,3234344800000.0,4455,2024-10-26 06:44:59.789999962+00:00,2024-10-26 08:44:59.789999962+02:00
1729925128.59,3196299600000.0,4455,2024-10-26 06:45:28.589999914+00:00,2024-10-26 08:45:28.589999914+02:00
1729925157.3899999,3184651400000.0,4455,2024-10-26 06:45:57.389999866+00:00,2024-10-26 08:45:57.389999866+02:00
1729925186.1899998,3221104400000.0,4455,2024-10-26 06:46:26.189999819+00:00,2024-10-26 08:46:26.189999819+02:00
1729925214.99,3190685000000.0,4455,2024-10-26 06:46:54.990000010+00:00,2024-10-26 08:46:54.990000010+02:00
1729925243.79,3198143200000.0,4455,2024-10-26 06:47:23.789999962+00:00,2024-10-26 08:47:23.789999962+02:00
1729925272.59,3189595600000.0,4455,2024-10-26 06:47:52.589999914+00:00,2024-10-26 08:47:52.589999914+02:00
1729925301.3899999,3194875000000.0,4455,2024-10-26 06:48:21.389999866+00:00,2024-10-26 08:48:21.389999866+02:00
1729925330.1899998,3204428200000.0,4455,2024-10-26 06:48:50.189999819+00:00,2024-10-26 08:48:50.189999819+02:00
1729925358.99,3189679400000.0,4455,2024-10-26 06:49:18.990000010+00:00,2024-10-26 08:49:18.990000010+02:00
1729925387.79,3172416600000.0,4455,2024-10-26 06:49:47.789999962+00:00,2024-10-26 08:49:47.789999962+02:00
1729925416.59,3164623200000.0,4455,2024-10-26 06:50:16.589999914+00:00,2024-10-26 08:50:16.589999914+02:00
1729925445.3899999,3209121000000.0,4455,2024-10-26 06:50:45.389999866+00:00,2024-10-26 08:50:45.389999866+02:00
1729925474.1899998,3199735400000.0,4455,2024-10-26 06:51:14.189999819+00:00,2024-10-26 08:51:14.189999819+02:00
1729925502.99,3137220600000.0,4455,2024-10-26 06:51:42.990000010+00:00,2024-10-26 08:51:42.990000010+02:00
1729925531.79,3214819400000.0,4455,2024-10-26 06:52:11.789999962+00:00,2024-10-26 08:52:11.789999962+02:00
1729925560.59,3174008800000.0,4455,2024-10-26 06:52:40.589999914+00:00,2024-10-26 08:52:40.589999914+02:00
1729925589.3899999,3157332600000.0,4455,2024-10-26 06:53:09.389999866+00:00,2024-10-26 08:53:09.389999866+02:00
1729925618.1899998,2992917000000.0,4455,2024-10-26 06:53:38.189999819+00:00,2024-10-26 08:53:38.189999819+02:00
1729925632.59,3151801800000.0,4455,2024-10-26 06:53:52.589999914+00:00,2024-10-26 08:53:52.589999914+02:00
1729925646.99,3145935800000.0,4455,2024-10-26 06:54:06.990000010+00:00,2024-10-26 08:54:06.990000010+02:00
1729925661.3899999,3145768200000.0,4455,2024-10-26 06:54:21.389999866+00:00,2024-10-26 08:54:21.389999866+02:00
1729925675.79,3137723400000.0,4455,2024-10-26 06:54:35.789999962+00:00,2024-10-26 08:54:35.789999962+02:00
1729925690.1899998,3121382400000.0,4455,2024-10-26 06:54:50.189999819+00:00,2024-10-26 08:54:50.189999819+02:00
1729925704.59,3141159200000.0,4455,2024-10-26 06:55:04.589999914+00:00,2024-10-26 08:55:04.589999914+02:00
1729925718.99,3105041400000.0,4455,2024-10-26 06:55:18.990000010+00:00,2024-10-26 08:55:18.990000010+02:00
1729925733.3899999,3137807200000.0,4455,2024-10-26 06:55:33.389999866+00:00,2024-10-26 08:55:33.389999866+02:00
1729925747.79,3133282000000.0,4455,2024-10-26 06:55:47.789999962+00:00,2024-10-26 08:55:47.789999962+02:00
1729925762.1899998,3167221000000.0,4455,2024-10-26 06:56:02.189999819+00:00,2024-10-26 08:56:02.189999819+02:00
1729925776.59,3156243200000.0,4455,2024-10-26 06:56:16.589999914+00:00,2024-10-26 08:56:16.589999914+02:00
1729925790.99,3157919200000.0,4455,2024-10-26 06:56:30.990000010+00:00,2024-10-26 08:56:30.990000010+02:00
1729925805.3899999,3152639800000.0,4455,2024-10-26 06:56:45.389999866+00:00,2024-10-26 08:56:45.389999866+02:00
1729925819.79,3153561600000.0,4455,2024-10-26 06:56:59.789999962+00:00,2024-10-26 08:56:59.789999962+02:00
1729925834.1899998,3168226600000.0,4455,2024-10-26 06:57:14.189999819+00:00,2024-10-26 08:57:14.189999819+02:00
1729925848.59,3173757400000.0,4455,2024-10-26 06:57:28.589999914+00:00,2024-10-26 08:57:28.589999914+02:00
1729925862.99,3171830000000.0,4455,2024-10-26 06:57:42.990000010+00:00,2024-10-26 08:57:42.990000010+02:00
1729925877.3899999,3153226400000.0,4455,2024-10-26 06:57:57.389999866+00:00,2024-10-26 08:57:57.389999866+02:00
1729925891.79,3157919200000.0,4455,2024-10-26 06:58:11.789999962+00:00,2024-10-26 08:58:11.789999962+02:00
1729925906.1899998,3162109200000.0,4455,2024-10-26 06:58:26.189999819+00:00,2024-10-26 08:58:26.189999819+02:00
1729925920.59,3149036400000.0,4455,2024-10-26 06:58:40.589999914+00:00,2024-10-26 08:58:40.589999914+02:00
1729925934.99,3154818600000.0,4455,2024-10-26 06:58:54.990000010+00:00,2024-10-26 08:58:54.990000010+02:00
1729925949.3899999,3165461200000.0,4455,2024-10-26 06:59:09.389999866+00:00,2024-10-26 08:59:09.389999866+02:00
1729925963.79,3159008600000.0,4455,2024-10-26 06:59:23.789999962+00:00,2024-10-26 08:59:23.789999962+02:00
1729925978.1899998,3186243600000.0,4455,2024-10-26 06:59:38.189999819+00:00,2024-10-26 08:59:38.189999819+02:00
1729925992.59,3151634200000.0,4455,2024-10-26 06:59:52.589999914+00:00,2024-10-26 08:59:52.589999914+02:00
1729926006.99,3174260200000.0,4455,2024-10-26 07:00:06.990000010+00:00,2024-10-26 09:00:06.990000010+02:00
1729926021.3899999,3202836000000.0,4455,2024-10-26 07:00:21.389999866+00:00,2024-10-26 09:00:21.389999866+02:00
1729926035.79,3189428000000.0,4455,2024-10-26 07:00:35.789999962+00:00,2024-10-26 09:00:35.789999962+02:00
1729926050.1899998,3184567600000.0,4455,2024-10-26 07:00:50.189999819+00:00,2024-10-26 09:00:50.189999819+02:00
1729926064.59,3165880200000.0,4455,2024-10-26 07:01:04.589999914+00:00,2024-10-26 09:01:04.589999914+02:00
1729926078.99,3161187400000.0,4455,2024-10-26 07:01:18.990000010+00:00,2024-10-26 09:01:18.990000010+02:00
1729926093.3899999,3163031000000.0,4455,2024-10-26 07:01:33.389999866+00:00,2024-10-26 09:01:33.389999866+02:00
1729926107.79,3170154000000.0,4455,2024-10-26 07:01:47.789999962+00:00,2024-10-26 09:01:47.789999962+02:00
1729926122.1899998,3179707200000.0,4455,2024-10-26 07:02:02.189999819+00:00,2024-10-26 09:02:02.189999819+02:00
1729926136.59,3188422400000.0,4455,2024-10-26 07:02:16.589999914+00:00,2024-10-26 09:02:16.589999914+02:00
1729926150.99,3184232400000.0,4455,2024-10-26 07:02:30.990000010+00:00,2024-10-26 09:02:30.990000010+02:00
1729926165.3899999,3169483600000.0,4455,2024-10-26 07:02:45.389999866+00:00,2024-10-26 09:02:45.389999866+02:00
1729926179.79,3154818600000.0,4455,2024-10-26 07:02:59.789999962+00:00,2024-10-26 09:02:59.789999962+02:00
1729926194.1899998,3199484000000.0,4455,2024-10-26 07:03:14.189999819+00:00,2024-10-26 09:03:14.189999819+02:00
1729926208.59,3195042600000.0,4455,2024-10-26 07:03:28.589999914+00:00,2024-10-26 09:03:28.589999914+02:00
1729926222.99,3209288600000.0,4455,2024-10-26 07:03:42.990000010+00:00,2024-10-26 09:03:42.990000010+02:00
1729926237.3899999,3217752400000.0,4455,2024-10-26 07:03:57.389999866+00:00,2024-10-26 09:03:57.389999866+02:00
1729926251.79,3195796800000.0,4455,2024-10-26 07:04:11.789999962+00:00,2024-10-26 09:04:11.789999962+02:00
1729926266.1899998,3185992200000.0,4455,2024-10-26 07:04:26.189999819+00:00,2024-10-26 09:04:26.189999819+02:00
1729926280.59,3187584400000.0,4455,2024-10-26 07:04:40.589999914+00:00,2024-10-26 09:04:40.589999914+02:00
1729926294.99,3158841000000.0,4455,2024-10-26 07:04:54.990000010+00:00,2024-10-26 09:04:54.990000010+02:00
1729926309.3899999,3123393600000.0,4455,2024-10-26 07:05:09.389999866+00:00,2024-10-26 09:05:09.389999866+02:00
1729926323.79,3184986600000.0,4455,2024-10-26 07:05:23.789999962+00:00,2024-10-26 09:05:23.789999962+02:00
1729926338.1899998,3190852600000.0,4455,2024-10-26 07:05:38.189999819+00:00,2024-10-26 09:05:38.189999819+02:00
1729926352.59,3176941800000.0,4455,2024-10-26 07:05:52.589999914+00:00,2024-10-26 09:05:52.589999914+02:00
1729926366.99,3179539600000.0,4455,2024-10-26 07:06:06.990000010+00:00,2024-10-26 09:06:06.990000010+02:00
1729926381.3899999,3181886000000.0,4455,2024-10-26 07:06:21.389999866+00:00,2024-10-26 09:06:21.389999866+02:00
1729926395.79,3153477800000.0,4455,2024-10-26 07:06:35.789999962+00:00,2024-10-26 09:06:35.789999962+02:00
1729926410.1899998,3193785600000.0,4455,2024-10-26 07:06:50.189999819+00:00,2024-10-26 09:06:50.189999819+02:00
1729926424.59,3193115200000.0,4455,2024-10-26 07:07:04.589999914+00:00,2024-10-26 09:07:04.589999914+02:00
1729926438.99,3155824200000.0,4455,2024-10-26 07:07:18.990000010+00:00,2024-10-26 09:07:18.990000010+02:00
1729926453.3899999,3213311000000.0,4455,2024-10-26 07:07:33.389999866+00:00,2024-10-26 09:07:33.389999866+02:00
1729926467.79,3184232400000.0,4455,2024-10-26 07:07:47.789999962+00:00,2024-10-26 09:07:47.789999962+02:00
1729926482.1899998,3158338200000.0,4455,2024-10-26 07:08:02.189999819+00:00,2024-10-26 09:08:02.189999819+02:00
1729926496.59,3215406000000.0,4455,2024-10-26 07:08:16.589999914+00:00,2024-10-26 09:08:16.589999914+02:00
1729926510.99,3208283000000.0,4455,2024-10-26 07:08:30.990000010+00:00,2024-10-26 09:08:30.990000010+02:00
1729926525.3899999,3158254400000.0,4455,2024-10-26 07:08:45.389999866+00:00,2024-10-26 09:08:45.389999866+02:00
1729926539.79,3197305200000.0,4455,2024-10-26 07:08:59.789999962+00:00,2024-10-26 09:08:59.789999962+02:00
1729926554.1899998,3195545400000.0,4455,2024-10-26 07:09:14.189999819+00:00,2024-10-26 09:09:14.189999819+02:00
1729926568.59,3192696200000.0,4455,2024-10-26 07:09:28.589999914+00:00,2024-10-26 09:09:28.589999914+02:00
1729926582.99,3194204600000.0,4455,2024-10-26 07:09:42.990000010+00:00,2024-10-26 09:09:42.990000010+02:00
1729926597.3899999,3203003600000.0,4455,2024-10-26 07:09:57.389999866+00:00,2024-10-26 09:09:57.389999866+02:00
1729926611.79,3198227000000.0,4455,2024-10-26 07:10:11.789999962+00:00,2024-10-26 09:10:11.789999962+02:00
1729926626.1899998,3193199000000.0,4455,2024-10-26 07:10:26.189999819+00:00,2024-10-26 09:10:26.189999819+02:00
1729926640.59,3208702000000.0,4455,2024-10-26 07:10:40.589999914+00:00,2024-10-26 09:10:40.589999914+02:00
1729926654.99,3186830200000.0,4455,2024-10-26 07:10:54.990000010+00:00,2024-10-26 09:10:54.990000010+02:00
1729926669.3899999,3190768800000.0,4455,2024-10-26 07:11:09.389999866+00:00,2024-10-26 09:11:09.389999866+02:00
1729926683.79,3174260200000.0,4455,2024-10-26 07:11:23.789999962+00:00,2024-10-26 09:11:23.789999962+02:00
1729926698.1899998,3186243600000.0,4455,2024-10-26 07:11:38.189999819+00:00,2024-10-26 09:11:38.189999819+02:00
1729926712.59,3193450400000.0,4455,2024-10-26 07:11:52.589999914+00:00,2024-10-26 09:11:52.589999914+02:00
1729926726.99,3179707200000.0,4455,2024-10-26 07:12:06.990000010+00:00,2024-10-26 09:12:06.990000010+02:00
1729926741.3899999,3198562200000.0,4455,2024-10-26 07:12:21.389999866+00:00,2024-10-26 09:12:21.389999866+02:00
1729926755.79,3197305200000.0,4455,2024-10-26 07:12:35.789999962+00:00,2024-10-26 09:12:35.789999962+02:00
1729926770.1899998,3203925400000.0,4455,2024-10-26 07:12:50.189999819+00:00,2024-10-26 09:12:50.189999819+02:00
1729926784.59,3878012600000.0,4455,2024-10-26 07:13:04.589999914+00:00,2024-10-26 09:13:04.589999914+02:00
1729926798.99,3184316200000.0,4455,2024-10-26 07:13:18.990000010+00:00,2024-10-26 09:13:18.990000010+02:00
1729926813.3899999,3207193600000.0,4455,2024-10-26 07:13:33.389999866+00:00,2024-10-26 09:13:33.389999866+02:00
1729926827.79,3200992400000.0,4455,2024-10-26 07:13:47.789999962+00:00,2024-10-26 09:13:47.789999962+02:00
1729926842.1899998,3199232600000.0,4455,2024-10-26 07:14:02.189999819+00:00,2024-10-26 09:14:02.189999819+02:00
1729926856.59,3193701800000.0,4455,2024-10-26 07:14:16.589999914+00:00,2024-10-26 09:14:16.589999914+02:00
1729926870.99,3203506400000.0,4455,2024-10-26 07:14:30.990000010+00:00,2024-10-26 09:14:30.990000010+02:00
1729926885.3899999,3236523600000.0,4455,2024-10-26 07:14:45.389999866+00:00,2024-10-26 09:14:45.389999866+02:00
1729926899.79,3196048200000.0,4455,2024-10-26 07:14:59.789999962+00:00,2024-10-26 09:14:59.789999962+02:00
1729926914.1899998,3231076600000.0,4455,2024-10-26 07:15:14.189999819+00:00,2024-10-26 09:15:14.189999819+02:00
1729926928.59,3235937000000.0,4455,2024-10-26 07:15:28.589999914+00:00,2024-10-26 09:15:28.589999914+02:00
1729926942.99,3243060000000.0,4455,2024-10-26 07:15:42.990000010+00:00,2024-10-26 09:15:42.990000010+02:00
1729926957.3899999,3241970600000.0,4455,2024-10-26 07:15:57.389999866+00:00,2024-10-26 09:15:57.389999866+02:00
1729926971.79,3229652000000.0,4455,2024-10-26 07:16:11.789999962+00:00,2024-10-26 09:16:11.789999962+02:00
1729926986.1899998,3230490000000.0,4455,2024-10-26 07:16:26.189999819+00:00,2024-10-26 09:16:26.189999819+02:00
1729927000.59,3217668600000.0,4455,2024-10-26 07:16:40.589999914+00:00,2024-10-26 09:16:40.589999914+02:00
1729927014.99,3203674000000.0,4455,2024-10-26 07:16:54.990000010+00:00,2024-10-26 09:16:54.990000010+02:00
1729927029.3899999,3204428200000.0,4455,2024-10-26 07:17:09.389999866+00:00,2024-10-26 09:17:09.389999866+02:00
1729927043.79,3218841800000.0,4455,2024-10-26 07:17:23.789999962+00:00,2024-10-26 09:17:23.789999962+02:00
1729927058.1899998,3220098800000.0,4455,2024-10-26 07:17:38.189999819+00:00,2024-10-26 09:17:38.189999819+02:00
1729927072.59,3221691000000.0,4455,2024-10-26 07:17:52.589999914+00:00,2024-10-26 09:17:52.589999914+02:00
1729927086.99,3210713200000.0,4455,2024-10-26 07:18:06.990000010+00:00,2024-10-26 09:18:06.990000010+02:00
1729927101.3899999,3210294200000.0,4455,2024-10-26 07:18:21.389999866+00:00,2024-10-26 09:18:21.389999866+02:00
1729927115.79,3197975600000.0,4455,2024-10-26 07:18:35.789999962+00:00,2024-10-26 09:18:35.789999962+02:00
1729927130.1899998,3184902800000.0,4455,2024-10-26 07:18:50.189999819+00:00,2024-10-26 09:18:50.189999819+02:00
1729927144.59,3276747600000.0,4455,2024-10-26 07:19:04.589999914+00:00,2024-10-26 09:19:04.589999914+02:00
1729927158.99,3144008400000.0,4455,2024-10-26 07:19:18.990000010+00:00,2024-10-26 09:19:18.990000010+02:00
1729927173.3899999,3177277000000.0,4455,2024-10-26 07:19:33.389999866+00:00,2024-10-26 09:19:33.389999866+02:00
1729927187.79,3184735200000.0,4455,2024-10-26 07:19:47.789999962+00:00,2024-10-26 09:19:47.789999962+02:00
1729927202.1899998,3183645800000.0,4455,2024-10-26 07:20:02.189999819+00:00,2024-10-26 09:20:02.189999819+02:00
1729927216.59,3179204400000.0,4455,2024-10-26 07:20:16.589999914+00:00,2024-10-26 09:20:16.589999914+02:00
1729927230.99,3228646400000.0,4455,2024-10-26 07:20:30.990000010+00:00,2024-10-26 09:20:30.990000010+02:00
1729927245.3899999,3228646400000.0,4455,2024-10-26 07:20:45.389999866+00:00,2024-10-26 09:20:45.389999866+02:00
1729927259.79,3188673800000.0,4455,2024-10-26 07:20:59.789999962+00:00,2024-10-26 09:20:59.789999962+02:00
1729927274.1899998,3210964600000.0,4455,2024-10-26 07:21:14.189999819+00:00,2024-10-26 09:21:14.189999819+02:00
1729927288.59,3239540400000.0,4455,2024-10-26 07:21:28.589999914+00:00,2024-10-26 09:21:28.589999914+02:00
1729927302.99,3209121000000.0,4455,2024-10-26 07:21:42.990000010+00:00,2024-10-26 09:21:42.990000010+02:00
1729927317.3899999,3191606800000.0,4455,2024-10-26 07:21:57.389999866+00:00,2024-10-26 09:21:57.389999866+02:00
1729927331.79,3214316600000.0,4455,2024-10-26 07:22:11.789999962+00:00,2024-10-26 09:22:11.789999962+02:00
1729927346.1899998,3190685000000.0,4455,2024-10-26 07:22:26.189999819+00:00,2024-10-26 09:22:26.189999819+02:00
1729927360.59,3244065600000.0,4455,2024-10-26 07:22:40.589999914+00:00,2024-10-26 09:22:40.589999914+02:00
1729927374.99,3195713000000.0,4455,2024-10-26 07:22:54.990000010+00:00,2024-10-26 09:22:54.990000010+02:00
1729927389.3899999,3209204800000.0,4455,2024-10-26 07:23:09.389999866+00:00,2024-10-26 09:23:09.389999866+02:00
1729927403.79,3249093600000.0,4455,2024-10-26 07:23:23.789999962+00:00,2024-10-26 09:23:23.789999962+02:00
1729927418.1899998,3208534400000.0,4455,2024-10-26 07:23:38.189999819+00:00,2024-10-26 09:23:38.189999819+02:00
1729927432.59,3218925600000.0,4455,2024-10-26 07:23:52.589999914+00:00,2024-10-26 09:23:52.589999914+02:00
1729927446.99,3211048400000.0,4455,2024-10-26 07:24:06.990000010+00:00,2024-10-26 09:24:06.990000010+02:00
1729927461.3899999,3221355800000.0,4455,2024-10-26 07:24:21.389999866+00:00,2024-10-26 09:24:21.389999866+02:00
1729927475.79,3188003400000.0,4455,2024-10-26 07:24:35.789999962+00:00,2024-10-26 09:24:35.789999962+02:00
1729927490.1899998,3189930800000.0,4455,2024-10-26 07:24:50.189999819+00:00,2024-10-26 09:24:50.189999819+02:00
1729927504.59,3221355800000.0,4455,2024-10-26 07:25:04.589999914+00:00,2024-10-26 09:25:04.589999914+02:00
1729927518.99,3196718600000.0,4455,2024-10-26 07:25:18.990000010+00:00,2024-10-26 09:25:18.990000010+02:00
1729927533.3899999,3225797200000.0,4455,2024-10-26 07:25:33.389999866+00:00,2024-10-26 09:25:33.389999866+02:00
1729927547.79,3225881000000.0,4455,2024-10-26 07:25:47.789999962+00:00,2024-10-26 09:25:47.789999962+02:00
1729927562.1899998,3221439600000.0,4455,2024-10-26 07:26:02.189999819+00:00,2024-10-26 09:26:02.189999819+02:00
1729927576.59,3192863800000.0,4455,2024-10-26 07:26:16.589999914+00:00,2024-10-26 09:26:16.589999914+02:00
1729927590.99,3198310800000.0,4455,2024-10-26 07:26:30.990000010+00:00,2024-10-26 09:26:30.990000010+02:00
1729927605.3899999,3218087600000.0,4455,2024-10-26 07:26:45.389999866+00:00,2024-10-26 09:26:45.389999866+02:00
1729927619.79,3230741400000.0,4455,2024-10-26 07:26:59.789999962+00:00,2024-10-26 09:26:59.789999962+02:00
1729927634.1899998,3238283400000.0,4455,2024-10-26 07:27:14.189999819+00:00,2024-10-26 09:27:14.189999819+02:00
1729927648.59,3200238200000.0,4455,2024-10-26 07:27:28.589999914+00:00,2024-10-26 09:27:28.589999914+02:00
1729927662.99,3227389400000.0,4455,2024-10-26 07:27:42.990000010+00:00,2024-10-26 09:27:42.990000010+02:00
1729927677.3899999,3206942200000.0,4455,2024-10-26 07:27:57.389999866+00:00,2024-10-26 09:27:57.389999866+02:00
1729927691.79,3214400400000.0,4455,2024-10-26 07:28:11.789999962+00:00,2024-10-26 09:28:11.789999962+02:00
1729927706.1899998,3224205000000.0,4455,2024-10-26 07:28:26.189999819+00:00,2024-10-26 09:28:26.189999819+02:00
1729927720.59,3245909200000.0,4455,2024-10-26 07:28:40.589999914+00:00,2024-10-26 09:28:40.589999914+02:00
1729927734.99,3210797000000.0,4455,2024-10-26 07:28:54.990000010+00:00,2024-10-26 09:28:54.990000010+02:00
1729927749.3899999,3268954200000.0,4455,2024-10-26 07:29:09.389999866+00:00,2024-10-26 09:29:09.389999866+02:00
1729927763.79,3229065400000.0,4455,2024-10-26 07:29:23.789999962+00:00,2024-10-26 09:29:23.789999962+02:00
1729927778.1899998,3237780600000.0,4455,2024-10-26 07:29:38.189999819+00:00,2024-10-26 09:29:38.189999819+02:00
1729927792.59,3268535200000.0,4455,2024-10-26 07:29:52.589999914+00:00,2024-10-26 09:29:52.589999914+02:00
1729927806.99,3233758200000.0,4455,2024-10-26 07:30:06.990000010+00:00,2024-10-26 09:30:06.990000010+02:00
1729927821.3899999,3212137800000.0,4455,2024-10-26 07:30:21.389999866+00:00,2024-10-26 09:30:21.389999866+02:00
1729927835.79,3218925600000.0,4455,2024-10-26 07:30:35.789999962+00:00,2024-10-26 09:30:35.789999962+02:00
1729927850.1899998,3247333800000.0,4455,2024-10-26 07:30:50.189999819+00:00,2024-10-26 09:30:50.189999819+02:00
1729927864.59,3202584600000.0,4455,2024-10-26 07:31:04.589999914+00:00,2024-10-26 09:31:04.589999914+02:00
1729927878.99,3240713600000.0,4455,2024-10-26 07:31:18.990000010+00:00,2024-10-26 09:31:18.990000010+02:00
1729927893.3899999,3215489800000.0,4455,2024-10-26 07:31:33.389999866+00:00,2024-10-26 09:31:33.389999866+02:00
1729927907.79,3231830800000.0,4455,2024-10-26 07:31:47.789999962+00:00,2024-10-26 09:31:47.789999962+02:00
1729927922.1899998,3211635000000.0,4455,2024-10-26 07:32:02.189999819+00:00,2024-10-26 09:32:02.189999819+02:00
1729927936.59,3230406200000.0,4455,2024-10-26 07:32:16.589999914+00:00,2024-10-26 09:32:16.589999914+02:00
1729927950.99,3245406400000.0,4455,2024-10-26 07:32:30.990000010+00:00,2024-10-26 09:32:30.990000010+02:00
1729927965.3899999,3228227400000.0,4455,2024-10-26 07:32:45.389999866+00:00,2024-10-26 09:32:45.389999866+02:00
1729927979.79,3208031600000.0,4455,2024-10-26 07:32:59.789999962+00:00,2024-10-26 09:32:59.789999962+02:00
1729927994.1899998,3197640400000.0,4455,2024-10-26 07:33:14.189999819+00:00,2024-10-26 09:33:14.189999819+02:00
1729928008.59,3226635200000.0,4455,2024-10-26 07:33:28.589999914+00:00,2024-10-26 09:33:28.589999914+02:00
1729928022.99,3212808200000.0,4455,2024-10-26 07:33:42.990000010+00:00,2024-10-26 09:33:42.990000010+02:00
1729928037.3899999,3208702000000.0,4455,2024-10-26 07:33:57.389999866+00:00,2024-10-26 09:33:57.389999866+02:00
1729928051.79,3209372400000.0,4455,2024-10-26 07:34:11.789999962+00:00,2024-10-26 09:34:11.789999962+02:00
1729928066.1899998,3188338600000.0,4455,2024-10-26 07:34:26.189999819+00:00,2024-10-26 09:34:26.189999819+02:00
1729928080.59,3192109600000.0,4455,2024-10-26 07:34:40.589999914+00:00,2024-10-26 09:34:40.589999914+02:00
1729928094.99,3180964200000.0,4455,2024-10-26 07:34:54.990000010+00:00,2024-10-26 09:34:54.990000010+02:00
1729928109.3899999,3161690200000.0,4455,2024-10-26 07:35:09.389999866+00:00,2024-10-26 09:35:09.389999866+02:00
1729928123.79,3184483800000.0,4455,2024-10-26 07:35:23.789999962+00:00,2024-10-26 09:35:23.789999962+02:00
1729928138.1899998,3233590600000.0,4455,2024-10-26 07:35:38.189999819+00:00,2024-10-26 09:35:38.189999819+02:00
1729928152.59,3223702200000.0,4455,2024-10-26 07:35:52.589999914+00:00,2024-10-26 09:35:52.589999914+02:00
1729928166.99,3216914400000.0,4455,2024-10-26 07:36:06.990000010+00:00,2024-10-26 09:36:06.990000010+02:00
1729928181.3899999,3215154600000.0,4455,2024-10-26 07:36:21.389999866+00:00,2024-10-26 09:36:21.389999866+02:00
1729928195.79,3209121000000.0,4455,2024-10-26 07:36:35.789999962+00:00,2024-10-26 09:36:35.789999962+02:00
1729928210.1899998,3210042800000.0,4455,2024-10-26 07:36:50.189999819+00:00,2024-10-26 09:36:50.189999819+02:00
1729928224.59,3230657600000.0,4455,2024-10-26 07:37:04.589999914+00:00,2024-10-26 09:37:04.589999914+02:00
1729928238.99,3199735400000.0,4455,2024-10-26 07:37:18.990000010+00:00,2024-10-26 09:37:18.990000010+02:00
1729928253.3899999,3210629400000.0,4455,2024-10-26 07:37:33.389999866+00:00,2024-10-26 09:37:33.389999866+02:00
1729928267.79,3252278000000.0,4455,2024-10-26 07:37:47.789999962+00:00,2024-10-26 09:37:47.789999962+02:00
1729928282.1899998,3408900200000.0,4455,2024-10-26 07:38:02.189999819+00:00,2024-10-26 09:38:02.189999819+02:00
1729928296.59,3203422600000.0,4455,2024-10-26 07:38:16.589999914+00:00,2024-10-26 09:38:16.589999914+02:00
1729928310.99,3243060000000.0,4455,2024-10-26 07:38:30.990000010+00:00,2024-10-26 09:38:30.990000010+02:00
1729928325.3899999,3235601800000.0,4455,2024-10-26 07:38:45.389999866+00:00,2024-10-26 09:38:45.389999866+02:00
1729928339.79,3167053400000.0,4455,2024-10-26 07:38:59.789999962+00:00,2024-10-26 09:38:59.789999962+02:00
1729928354.1899998,3220685400000.0,4455,2024-10-26 07:39:14.189999819+00:00,2024-10-26 09:39:14.189999819+02:00
1729928368.59,3201160000000.0,4455,2024-10-26 07:39:28.589999914+00:00,2024-10-26 09:39:28.589999914+02:00
1729928382.99,3224288800000.0,4455,2024-10-26 07:39:42.990000010+00:00,2024-10-26 09:39:42.990000010+02:00
1729928397.3899999,3225797200000.0,4455,2024-10-26 07:39:57.389999866+00:00,2024-10-26 09:39:57.389999866+02:00
1729928411.79,3225462000000.0,4455,2024-10-26 07:40:11.789999962+00:00,2024-10-26 09:40:11.789999962+02:00
1729928426.1899998,3231663200000.0,4455,2024-10-26 07:40:26.189999819+00:00,2024-10-26 09:40:26.189999819+02:00
1729928440.59,3248674600000.0,4455,2024-10-26 07:40:40.589999914+00:00,2024-10-26 09:40:40.589999914+02:00
1729928454.99,3194037000000.0,4455,2024-10-26 07:40:54.990000010+00:00,2024-10-26 09:40:54.990000010+02:00
